Organization,Country,SDG Goal,SDG Question,Answer Options,SDG Goal ID,SDG Ques ID,Industry,Filtered Content,URL,Page number,Document Type,Publication Date,Last updated Date,label answer,Answer_Electra,Mapped_Electra,Score_Electra,QA_Confidence_Electra,Answer_BERT,Mapped_BERT,Score_BERT,QA_Confidence_BERT,Answer_DistilBERT,Mapped_DistilBERT,Score_DistilBERT,QA_Confidence_DistilBERT,Answer_ALBERT,Mapped_ALBERT,Score_ALBERT,QA_Confidence_ALBERT
ABC (abc-cdn),AU,Goal 12. Ensure sustainable consumption and production patterns,"In your organization, what is the recycling rate (measured by sum of recyclables + organics divided by total garbage, as the percentage of of all waste that is recycled? ",1. I don't know. ||| 2. < 10%. ||| 3. 10% - 19%. ||| 4. 20% - 29%. ||| 5. 30% - 39%. ||| 6. > 39%.,S003,Q003,Information Media And Telecommunications,In FY24 49% of waste  collected from major metropolitan sites was  diverted from landfill.,https://live-production.wcms.abc-cdn.net.au/b4ee2afa69a0f6e1a000c42aeb27ed01,114,PDF,,2025-05-06T04:37:33.750209,6,49%,6. > 39%.,1.0,0.0148,49%,6. > 39%.,1.0,0.0189,49%,6. > 39%.,1.0,0.6964,49%,6. > 39%.,1.0,0.0041
ABC (abc-cdn),AU,Goal 5. Achieve gender equality and empower all women and girls,"In your organization, what is the percentage of women in managerial positions?",1. I don't know. ||| 2. < 10%. ||| 3. 10% - 19%. ||| 4. 20% - 29%. ||| 5. 30% - 39%. ||| 6. > 39%.,S001,Q001,Information Media And Telecommunications,Current workforce  data shows 55.1% of ABC executives are women.,https://live-production.wcms.abc-cdn.net.au/b4ee2afa69a0f6e1a000c42aeb27ed01,91,PDF,,2025-05-06T04:37:33.750209,6,55.1%,6. > 39%.,1.0,0.9682,55.1%,6. > 39%.,1.0,0.9644,55.1%,6. > 39%.,1.0,0.8993,55.1%,6. > 39%.,1.0,0.753
ABC (abc-cdn),AU,"Goal 7. Ensure access to affordable, reliable, sustainable and modern energy for all","In your organization, what percentage of annual energy usage is derived from renewable energy (clean fuels and technology)?",1. I don't know. ||| 2. < 10%. ||| 3. 10% - 19%. ||| 4. 20% - 29%. ||| 5. 30% - 39%. ||| 6. > 39%.,S002,Q002,Information Media And Telecommunications,"FY24 electricity greenhouse gas emissions Emission Source Scope 2 t CO2-e Scope 3 t CO2-e Total t CO2-e Percentage of  electricity use Electricity (Location Based Approach) 18,217 1,958 20,175 100% Market-based electricity emissions 12,744 1,573 14,317 53% Total renewable electricity – – – 47% 	 Mandatory renewables1 – – – 19% 	 Voluntary renewables2 – – – 28% Note: the table above presents emissions related to electricity usage using both the location-based and the market-based accounting methods.",https://live-production.wcms.abc-cdn.net.au/b4ee2afa69a0f6e1a000c42aeb27ed01,116,PDF,,2025-05-06T04:37:33.750209,6,47%,6. > 39%.,1.0,0.6082,53%,6. > 39%.,1.0,0.2792,53%,6. > 39%.,1.0,0.3345,53% Total renewable electricity,6. > 39%.,1.0,0.3238
AGL Energy (agl),AU,Goal 12. Ensure sustainable consumption and production patterns,"In your organization, what is the recycling rate (measured by sum of recyclables + organics divided by total garbage, as the percentage of of all waste that is recycled? ",1. I don't know. ||| 2. < 10%. ||| 3. 10% - 19%. ||| 4. 20% - 29%. ||| 5. 30% - 39%. ||| 6. > 39%.,S003,Q003,Electricity Gas Water And Waste Services,"It is  expected that around 90% of the materials in the Liddell Power Station will be recycled during demolition; • Finalising the decommissioning at Liddell and Torrens A power stations; • Commencing early demolition works at Liddell, leading to full scale demolition following receipt of all necessary  regulatory approvals;  • Further progression of the Liddell Ash Dam capping project in line with rehabilitation plans; • Ongoing hazardous material removal activities and associated demolition activities at Torrens A Power Station; • Completing civil works and rehabilitation of the Rosalind Park Gas Plant in preparation for lease hand-back; • Ongoing rehabilitation of remaining gas wells at Camden Gas Project; and • Decommissioning of the 2 MW Cairn Curran Hydro Power Station.",https://www.agl.com.au/content/dam/digital/agl/documents/about-agl/investors/2024/240814-2024--annual-report.pdf,37,PDF,2024.0,2025-04-23T05:08:01.780932,1,90%,6. > 39%.,1.0,0.0,90%,6. > 39%.,1.0,0.0844,90%,6. > 39%.,1.0,0.66,90%,6. > 39%.,1.0,0.0016
AGL Energy (agl),AU,Goal 17. Strengthen the means of implementation and revitalize the Global Partnership for Sustainable Development,Does your organization have an active IFRS certification in sustainability?,1. I don't know. ||| 2. No. ||| 3. 1-3  year active certification. ||| 4. 4-6 year active certification. ||| 5. 7-9 year active certification. ||| 6. 10+ year active certification.,S004,Q005,Electricity Gas Water And Waste Services,The consolidated financial statements also comply with International Financial Reporting Standards (IFRS) as issued by the International  Accounting Standards Board.,https://www.agl.com.au/content/dam/digital/agl/documents/about-agl/investors/2024/240814-2024--annual-report.pdf,182,PDF,2024.0,2025-04-23T05:08:01.780932,3,The consolidated financial statements also comply with International Financial Reporting Standards International Accounting Standards Board,3. 1-3 year active certification.,1.0,0.1881,The consolidated financial statements also comply with International Financial Reporting Standards consolidated financial statements,3. 1-3 year active certification.,1.0,0.0544,The consolidated financial statements also comply with International Financial Reporting Standards International Financial Reporting Standards,3. 1-3 year active certification.,1.0,0.2075,The consolidated financial statements also comply consolidated financial statements,1. I don't know.,0.0,0.0685
AGL Energy (agl),AU,Goal 17. Strengthen the means of implementation and revitalize the Global Partnership for Sustainable Development,Is your organisation certified with UN Compact?,"1. I don't know. ||| 2. No. ||| 3. No, but it is in planning for this year. ||| 4. No, but certification is in progress. ||| 5. Yes, certified, active this year. ||| 6. Yes, certified , active this year, and have renewed certification once or more times",S004,Q004,Electricity Gas Water And Waste Services,AGL Energy Limited Australia joined un compact on 19-Oct-16,https://unglobalcompact.org/what-is-gc/participants/96751-AGL-Energy-Limited,1,PDF,2024.0,2025-04-23T05:08:01.780932,6,AGL Energy Limited Australia joined un compact on 19-Oct-16 16,"6. Yes, certified , active this year, and have renewed certification once or more.",1.0,0.1123,AGL Energy Limited Australia joined un compact AGL Energy,1. I don't know.,0.0,0.3577,AGL Energy Limited Australia joined un compact on 19-Oct-16 AGL Energy Limited Australia,"6. Yes, certified , active this year, and have renewed certification once or more.",1.0,0.3197,AGL Energy Limited Australia joined un compact on 19-Oct-16,"6. Yes, certified , active this year, and have renewed certification once or more.",1.0,0.1326
AGL Energy (agl),AU,Goal 5. Achieve gender equality and empower all women and girls,"In your organization, what is the percentage of women in managerial positions?",1. I don't know. ||| 2. < 10%. ||| 3. 10% - 19%. ||| 4. 20% - 29%. ||| 5. 30% - 39%. ||| 6. > 39%.,S001,Q001,Electricity Gas Water And Waste Services,Gender mix in senior leadership pipeline % female 36 33 35 36 38,https://www.agl.com.au/content/dam/digital/agl/documents/about-agl/investors/2024/240814-2024--annual-report.pdf,9,PDF,2024.0,2025-04-23T05:08:01.780932,5,% female,1. I don't know.,0.0,0.1973,% female,1. I don't know.,0.0,0.2608,pipeline %,1. I don't know.,0.0,0.1151,% female,1. I don't know.,0.0,0.2513
AGL Energy (agl),AU,"Goal 7. Ensure access to affordable, reliable, sustainable and modern energy for all","In your organization, what percentage of annual energy usage is derived from renewable energy (clean fuels and technology)?",1. I don't know. ||| 2. < 10%. ||| 3. 10% - 19%. ||| 4. 20% - 29%. ||| 5. 30% - 39%. ||| 6. > 39%.,S002,Q002,Electricity Gas Water And Waste Services,Operated and contracted renewable generation and storage  capacity (%)7 32.8 30.5,https://www.agl.com.au/content/dam/digital/agl/documents/about-agl/investors/2024/240814-2024--annual-report.pdf,77,PDF,2024.0,2025-04-23T05:08:01.780932,4,32.8 30.5,5. 30% - 39%.,1.0,0.468,7 32.8 30.5,5. 30% - 39%.,1.0,0.1857,%,1. I don't know.,0.0,0.6416,7 32.8 30.5,5. 30% - 39%.,1.0,0.1203
ActewAGL (iconwater),AU,Goal 12. Ensure sustainable consumption and production patterns,"In your organization, what is the recycling rate (measured by sum of recyclables + organics divided by total garbage, as the percentage of of all waste that is recycled? ",1. I don't know. ||| 2. < 10%. ||| 3. 10% - 19%. ||| 4. 20% - 29%. ||| 5. 30% - 39%. ||| 6. > 39%.,S003,Q003,Electricity Gas Water And Waste Services,% total waste recycled or  reused Increase the % of total waste recycled or reused [target  >71.2%] 78%.,https://www.iconwater.com.au/sites/default/files/2023-10/Icon%20Water%20Annual%20Report%202022-23.pdf,20,PDF,2023.0,2025-04-23T05:07:22.967650,6,71.2%,6. > 39%.,1.0,0.1318,78%,6. > 39%.,1.0,0.6028,78%,6. > 39%.,1.0,0.7536,78%,6. > 39%.,1.0,0.3399
ActewAGL (iconwater),AU,Goal 5. Achieve gender equality and empower all women and girls,"In your organization, what is the percentage of women in managerial positions?",1. I don't know. ||| 2. < 10%. ||| 3. 10% - 19%. ||| 4. 20% - 29%. ||| 5. 30% - 39%. ||| 6. > 39%.,S001,Q001,Electricity Gas Water And Waste Services,Safety culture Maintain the high levels of employee perceptions of  organisational and manager commitment to health and  safety [target >77%] 85% Gender diversity Improved proportion of females in non-traditional roles 	 Competency-based roles [target >10%]3 	 STEM roles [target >24%] 1% 24% Maintenance and or improvement of proportion of females in  the leadership group [target ≥50%] 53% Employee engagement Decreased rate of unplanned absenteeism [target <9 days  per year per employee] 4.4 days Re-baseline of organisational measurement of engagement +1.3%4,https://www.iconwater.com.au/sites/default/files/2023-10/Icon%20Water%20Annual%20Report%202022-23.pdf,19,PDF,2023.0,2025-04-23T05:07:22.967650,6,≥50%,6. > 39%.,1.0,0.5049,1% 24%,4. 20% - 29%.,1.0,0.0258,85%,6. > 39%.,1.0,0.8585,≥50%],6. > 39%.,1.0,0.6276
ActewAGL (iconwater),AU,"Goal 7. Ensure access to affordable, reliable, sustainable and modern energy for all","In your organization, what percentage of annual energy usage is derived from renewable energy (clean fuels and technology)?",1. I don't know. ||| 2. < 10%. ||| 3. 10% - 19%. ||| 4. 20% - 29%. ||| 5. 30% - 39%. ||| 6. > 39%.,S002,Q002,Electricity Gas Water And Waste Services,Our renewable energy systems  (our solar photovoltaic arrays and  mini-hydros) provided four per cent  of all electricity used on our sites.,https://www.iconwater.com.au/sites/default/files/2023-10/Icon%20Water%20Annual%20Report%202022-23.pdf,47,PDF,2023.0,2025-04-23T05:07:22.967650,2,four per cent,2. < 10%.,1.0,0.4939,four,1. I don't know.,0.0,0.4114,four per cent,2. < 10%.,1.0,0.5369,four per cent,2. < 10%.,1.0,0.3894
Anglo American Australia (angloamerican),AU,Goal 17. Strengthen the means of implementation and revitalize the Global Partnership for Sustainable Development,Does your organization have an active IFRS certification in sustainability?,1. I don't know. ||| 2. No. ||| 3. 1-3  year active certification. ||| 4. 4-6 year active certification. ||| 5. 7-9 year active certification. ||| 6. 10+ year active certification.,S004,Q005,Mining,We note the monitoring of company climate-related financial reporting transferred from the Financial  Stability Board to the International Financial Reporting Standards (IFRS) Foundation and International Sustainability Standards  Board (ISSB) in 2024.,https://www.angloamerican.com/~/media/Files/A/Anglo-American-Group-v9/PLC/investors/annual-reporting/2025/sustainability-report-plc-2024.pdf,140,PDF,2025.0,2025-04-23T04:58:43.018723,3,International Financial Reporting Standards 2024,3. 1-3 year active certification.,1.0,0.3349,International Financial Reporting Standards 2024,3. 1-3 year active certification.,1.0,0.4313,International Financial Reporting Standards 2024,3. 1-3 year active certification.,1.0,0.5071,monitoring of company climate-related financial reporting 2024,1. I don't know.,0.0,0.0428
Anglo American Australia (angloamerican),AU,Goal 17. Strengthen the means of implementation and revitalize the Global Partnership for Sustainable Development,Is your organisation certified with UN Compact?,"1. I don't know. ||| 2. No. ||| 3. No, but it is in planning for this year. ||| 4. No, but certification is in progress. ||| 5. Yes, certified, active this year. ||| 6. Yes, certified , active this year, and have renewed certification once or more times",S004,Q004,Mining,Anglo American Metallurgical Coal Pty Ltd (Anglo American Australia) Australia joined un compact on 27-May-21,https://unglobalcompact.org/what-is-gc/participants/146021-Anglo-American-Metallurgical-Coal-Pty-Ltd,1,PDF,2025.0,2025-04-23T04:58:43.018723,6,Australia joined un compact 27-May-21,"6. Yes, certified , active this year, and have renewed certification once or more.",1.0,0.1554,Australia joined un compact Australia joined un compact on 27-May-21,"6. Yes, certified , active this year, and have renewed certification once or more.",1.0,0.1241,Australia joined un compact Australia,1. I don't know.,0.0,0.2471,joined un compact 27-May-21,"6. Yes, certified , active this year, and have renewed certification once or more.",1.0,0.1428
Anglo American Australia (angloamerican),AU,Goal 5. Achieve gender equality and empower all women and girls,"In your organization, what is the percentage of women in managerial positions?",1. I don't know. ||| 2. < 10%. ||| 3. 10% - 19%. ||| 4. 20% - 29%. ||| 5. 30% - 39%. ||| 6. > 39%.,S001,Q001,Mining,Women in management (B5 and above) (%) 35 34 32 31 27 2024 2023 2022 2021 2020,https://www.angloamerican.com/~/media/Files/A/Anglo-American-Group-v9/PLC/investors/annual-reporting/2025/sustainability-report-plc-2024.pdf,21,PDF,2025.0,2025-04-23T04:58:43.018723,5,35,5. 30% - 39%.,1.0,0.202,(%,1. I don't know.,0.0,0.3694,%,1. I don't know.,0.0,0.4171,35 34 32 31 27 2024 2023 2022 2021 2020,4. 20% - 29%.,1.0,0.1363
Anglo American Australia (angloamerican),AU,"Goal 7. Ensure access to affordable, reliable, sustainable and modern energy for all","In your organization, what percentage of annual energy usage is derived from renewable energy (clean fuels and technology)?",1. I don't know. ||| 2. < 10%. ||| 3. 10% - 19%. ||| 4. 20% - 29%. ||| 5. 30% - 39%. ||| 6. > 39%.,S002,Q002,Mining,"Total Scope 1 and 2 emissions (Mt CO2e) 0.6 1.0 4.2 0.4 4.1 1.2 ò Copper ò PGMs ò Iron Ore ò Diamonds ò Polyhalite ò Steelmaking Coal ò Nickel Scope 2 – powered by renewables In 2024, we sourced 57% of our electricity from renewable  sources.",https://www.angloamerican.com/~/media/Files/A/Anglo-American-Group-v9/PLC/investors/annual-reporting/2025/sustainability-report-plc-2024.pdf,73,PDF,2025.0,2025-04-23T04:58:43.018723,6,57%,6. > 39%.,1.0,0.8762,57%,6. > 39%.,1.0,0.795,57%,6. > 39%.,1.0,0.8216,57%,6. > 39%.,1.0,0.427
BHP,AU,Goal 17. Strengthen the means of implementation and revitalize the Global Partnership for Sustainable Development,Is your organisation certified with UN Compact?,"1. I don't know. ||| 2. No. ||| 3. No, but it is in planning for this year. ||| 4. No, but certification is in progress. ||| 5. Yes, certified, active this year. ||| 6. Yes, certified , active this year, and have renewed certification once or more times",S004,Q004,Mining,BHP Group Limited Australia joined un compact on 21-Jul-03,https://unglobalcompact.org/what-is-gc/participants/1306-BHP-Group-Limited,1,PDF,2024.0,2025-04-23T05:45:46.808122,6,BHP Group Limited Australia joined un compact on 21-Jul-03 03,"6. Yes, certified , active this year, and have renewed certification once or more.",1.0,0.5439,BHP Group Limited Australia joined un compact 03,1. I don't know.,0.0,0.5235,BHP Group Limited Australia BHP Group Limited Australia joined un compact on 21-Jul-03,"6. Yes, certified , active this year, and have renewed certification once or more.",1.0,0.4917,BHP Group Limited Australia joined un compact on 21-Jul-03 03,"6. Yes, certified , active this year, and have renewed certification once or more.",1.0,0.4959
Baxter Professional Australia (baxter),AU,Goal 12. Ensure sustainable consumption and production patterns,"In your organization, what is the recycling rate (measured by sum of recyclables + organics divided by total garbage, as the percentage of of all waste that is recycled? ",1. I don't know. ||| 2. < 10%. ||| 3. 10% - 19%. ||| 4. 20% - 29%. ||| 5. 30% - 39%. ||| 6. > 39%.,S003,Q003,Manufacturing,Regulated Waste Diverted from Landfill23 (%) 43.9% 54.4% 25.4% Waste Management at Baxter (% of total) Recycled 65.3% 71.1% 62.2% Incinerated with Energy Recovery 13.4% 7.1% 9.6% Incinerated 4.7% 2.9% 5.4% Sent to Landfill 14.3% 13.3% 13.6% Other Disposal 2.3% 5.6% 9.2% Electronic Equipment Recovered by Vendors in the EU on Baxter’s  Behalf 25 (metric tons)  110 83 127,https://www.baxter.com/sites/g/files/ebysai3896/files/2024-07/2023_Baxter_Corporate_Responsibility_Report.pdf,23,PDF,2024.0,2025-04-23T05:02:35.496292,6,% of total,1. I don't know.,0.0,0.0694,65.3% 71.1%,6. > 39%.,1.0,0.1645,65.3%,6. > 39%.,1.0,0.0649,65.3%,6. > 39%.,1.0,0.4091
Baxter Professional Australia (baxter),AU,Goal 5. Achieve gender equality and empower all women and girls,"In your organization, what is the percentage of women in managerial positions?",1. I don't know. ||| 2. < 10%. ||| 3. 10% - 19%. ||| 4. 20% - 29%. ||| 5. 30% - 39%. ||| 6. > 39%.,S001,Q001,Manufacturing,"31, 2023, 37% of people in leadership roles at Baxter globally were women, up from 35% in 2022.",https://www.baxter.com/sites/g/files/ebysai3896/files/2024-07/2023_Baxter_Corporate_Responsibility_Report.pdf,10,PDF,2024.0,2025-04-23T05:02:35.496292,5,37%,5. 30% - 39%.,1.0,0.8066,37%,5. 30% - 39%.,1.0,0.944,35%,5. 30% - 39%.,1.0,0.4599,37%,5. 30% - 39%.,1.0,0.1378
Baxter Professional Australia (baxter),AU,"Goal 7. Ensure access to affordable, reliable, sustainable and modern energy for all","In your organization, what percentage of annual energy usage is derived from renewable energy (clean fuels and technology)?",1. I don't know. ||| 2. < 10%. ||| 3. 10% - 19%. ||| 4. 20% - 29%. ||| 5. 30% - 39%. ||| 6. > 39%.,S002,Q002,Manufacturing,Facility Usage of Renewable Energy11 (as a % of total energy use) 29% 32% 33% SECTION AND INDICATOR 2021 2022 2023,https://www.baxter.com/sites/g/files/ebysai3896/files/2024-07/2023_Baxter_Corporate_Responsibility_Report.pdf,22,PDF,2024.0,2025-04-23T05:02:35.496292,5,29% 32% 33%,5. 30% - 39%.,1.0,0.9439,29% 32% 33%,5. 30% - 39%.,1.0,0.5453,29% 32% 33%,5. 30% - 39%.,1.0,0.1973,29% 32% 33%,5. 30% - 39%.,1.0,0.5188
Bravus Mining & Resources (adanienterprises),AU,Goal 12. Ensure sustainable consumption and production patterns,"In your organization, what is the recycling rate (measured by sum of recyclables + organics divided by total garbage, as the percentage of of all waste that is recycled? ",1. I don't know. ||| 2. < 10%. ||| 3. 10% - 19%. ||| 4. 20% - 29%. ||| 5. 30% - 39%. ||| 6. > 39%.,S003,Q003,Mining, 99% of waste generated managed through reuse and recycling.,https://www.adanienterprises.com/-/media/Project/Enterprises/Investors/Investor-Downloads/Annual-Report/AEL-FY24.pdf,226,PDF,,2025-04-23T04:59:19.444358,6,99%,6. > 39%.,1.0,0.9541,99%,6. > 39%.,1.0,0.7759,99%,6. > 39%.,1.0,0.9383,99%,6. > 39%.,1.0,0.7184
Bravus Mining & Resources (adanienterprises),AU,Goal 17. Strengthen the means of implementation and revitalize the Global Partnership for Sustainable Development,Does your organization have an active IFRS certification in sustainability?,1. I don't know. ||| 2. No. ||| 3. 1-3  year active certification. ||| 4. 4-6 year active certification. ||| 5. 7-9 year active certification. ||| 6. 10+ year active certification.,S004,Q005,Mining, Aligning with the recommendations of Task Force on Climate-related  Financial Disclosures (TCFD)/IFRS (S2 – Climate Related Disclosures) 	 Reducing the Energy and Emission Intensity per Rupee of Turnover.,https://www.adanienterprises.com/-/media/Project/Enterprises/Investors/Investor-Downloads/Annual-Report/AEL-FY24.pdf,225,PDF,,2025-04-23T04:59:19.444358,3,IFRS S2,3. 1-3 year active certification.,1.0,0.014,Reducing the Energy and Emission Intensity per Rupee of Turnover. Reducing the Energy and Emission Intensity per Rupee,2. No.,1.0,0.0127,Aligning S2 – Climate Related Disclosures,1. I don't know.,0.0,0.0684,Aligning Task Force on Climate-related Financial Disclosures,1. I don't know.,0.0,0.0166
Bravus Mining & Resources (adanienterprises),AU,Goal 17. Strengthen the means of implementation and revitalize the Global Partnership for Sustainable Development,Is your organisation certified with UN Compact?,"1. I don't know. ||| 2. No. ||| 3. No, but it is in planning for this year. ||| 4. No, but certification is in progress. ||| 5. Yes, certified, active this year. ||| 6. Yes, certified , active this year, and have renewed certification once or more times",S004,Q004,Mining,Human Rights: 	 Become a signatory to UN Global Compact (UNGC).,https://www.adanienterprises.com/-/media/Project/Enterprises/Investors/Investor-Downloads/Annual-Report/AEL-FY24.pdf,226,PDF,,2025-04-23T04:59:19.444358,6,Human Rights:  Become a signatory Human Rights,1. I don't know.,0.0,0.2714,Become a signatory to UN Global Compact (UNGC). Human Rights,1. I don't know.,0.0,0.1706,Human Rights:  Become a signatory Human Rights:  Become a signatory to UN Global Compact,1. I don't know.,0.0,0.1249,Become a signatory to UN Global Compact (UNGC). Human Rights:,1. I don't know.,0.0,0.1165
Bravus Mining & Resources (adanienterprises),AU,Goal 5. Achieve gender equality and empower all women and girls,"In your organization, what is the percentage of women in managerial positions?",1. I don't know. ||| 2. < 10%. ||| 3. 10% - 19%. ||| 4. 20% - 29%. ||| 5. 30% - 39%. ||| 6. > 39%.,S001,Q001,Mining,(B) Percentage of  Females % (B/A) Board of Directors 8 1 12.50% Key Management Personnel 6 0 0% 22.,https://www.adanienterprises.com/-/media/Project/Enterprises/Investors/Investor-Downloads/Annual-Report/AEL-FY24.pdf,217,PDF,,2025-04-23T04:59:19.444358,3,6 0 0%,2. < 10%.,1.0,0.5716,6 0 0% 22,4. 20% - 29%.,1.0,0.8515,12.50%,3. 10% - 19%.,1.0,0.4947,50%,6. > 39%.,1.0,0.4698
Bravus Mining & Resources (adanienterprises),AU,"Goal 7. Ensure access to affordable, reliable, sustainable and modern energy for all","In your organization, what percentage of annual energy usage is derived from renewable energy (clean fuels and technology)?",1. I don't know. ||| 2. < 10%. ||| 3. 10% - 19%. ||| 4. 20% - 29%. ||| 5. 30% - 39%. ||| 6. > 39%.,S002,Q002,Mining,"This commitment led to  renewable energy constituting  12% of our overall energy mix in  FY 2023-24, marking a significant  step towards greening our  energy sources.",https://www.adanienterprises.com/-/media/Project/Enterprises/Investors/Investor-Downloads/Annual-Report/AEL-FY24.pdf,78,PDF,,2025-04-23T04:59:19.444358,3,12%,3. 10% - 19%.,1.0,0.9427,12%,3. 10% - 19%.,1.0,0.8299,12%,3. 10% - 19%.,1.0,0.9459,12%,3. 10% - 19%.,1.0,0.6484
Bupa Health Foundation (bupa),AU,Goal 12. Ensure sustainable consumption and production patterns,"In your organization, what is the recycling rate (measured by sum of recyclables + organics divided by total garbage, as the percentage of of all waste that is recycled? ",1. I don't know. ||| 2. < 10%. ||| 3. 10% - 19%. ||| 4. 20% - 29%. ||| 5. 30% - 39%. ||| 6. > 39%.,S003,Q003,Health Care And Social Assistance,Sustainability 10% Our purpose demonstrates the role we have to play in the health of the planet.,https://www.bupa.com/~/media/files/b/bupa-v5/documents/annual-report-2024/bupa-group-2024-annual-report-and-accounts.pdf,103,PDF,2024.0,2025-04-16T22:26:02.861770,1,10%,3. 10% - 19%.,1.0,0.6437,Sustainability 10%,3. 10% - 19%.,1.0,0.3216,10%,3. 10% - 19%.,1.0,0.7754,10%,3. 10% - 19%.,1.0,0.0505
Bupa Health Foundation (bupa),AU,Goal 17. Strengthen the means of implementation and revitalize the Global Partnership for Sustainable Development,Does your organization have an active IFRS certification in sustainability?,1. I don't know. ||| 2. No. ||| 3. 1-3  year active certification. ||| 4. 4-6 year active certification. ||| 5. 7-9 year active certification. ||| 6. 10+ year active certification.,S004,Q005,Health Care And Social Assistance,These include: (a) IFRS 18 Presentation and Disclosure in Financial Statements In April 2024 the International Accounting Standards Board (IASB) issued IFRS 18  Presentation and Disclosure in Financial Statements.,https://www.bupa.com/~/media/files/b/bupa-v5/documents/annual-report-2024/bupa-group-2024-annual-report-and-accounts.pdf,140,PDF,2024.0,2025-04-16T22:26:02.861770,3,International Accounting Standards Board 2024,1. I don't know.,0.0,0.2524,IASB) issued IFRS 18 Presentation and Disclosure in Financial Statements. 2024,3. 1-3 year active certification.,1.0,0.4119,(a) 2024,1. I don't know.,0.0,0.45,Financial Statements 2024,1. I don't know.,0.0,0.0014
Bupa Health Foundation (bupa),AU,"Goal 7. Ensure access to affordable, reliable, sustainable and modern energy for all","In your organization, what percentage of annual energy usage is derived from renewable energy (clean fuels and technology)?",1. I don't know. ||| 2. < 10%. ||| 3. 10% - 19%. ||| 4. 20% - 29%. ||| 5. 30% - 39%. ||| 6. > 39%.,S002,Q002,Health Care And Social Assistance,This has resulted in theÂ increased  proportion of renewable electricity  consumption compared with last year by  3 percentage points to 94% (2023: 91%).,https://www.bupa.com/~/media/files/b/bupa-v5/documents/annual-report-2024/bupa-group-2024-annual-report-and-accounts.pdf,40,PDF,2024.0,2025-04-16T22:26:02.861770,6,94%,6. > 39%.,1.0,0.9156,94%,6. > 39%.,1.0,0.4259,94%,6. > 39%.,1.0,0.7832,94%,6. > 39%.,1.0,0.4255
Calix Limited (calix),AU,Goal 17. Strengthen the means of implementation and revitalize the Global Partnership for Sustainable Development,Is your organisation certified with UN Compact?,"1. I don't know. ||| 2. No. ||| 3. No, but it is in planning for this year. ||| 4. No, but certification is in progress. ||| 5. Yes, certified, active this year. ||| 6. Yes, certified , active this year, and have renewed certification once or more times",S004,Q004,Manufacturing | Mining,Calix Limited Australia joined un compact on 10-Nov-20,https://unglobalcompact.org/what-is-gc/participants/142168-Calix-Limited,1,PDF,2024.0,2025-04-23T04:58:45.958370,6,Calix Limited Australia joined un compact on 10-Nov-20 10-Nov-20,2. No.,1.0,0.0801,Calix Limited Australia joined un compact Calix Limited Australia,1. I don't know.,0.0,0.2957,Calix Limited Australia Calix Limited Australia,1. I don't know.,0.0,0.4358,Calix Limited Australia joined un compact 10-Nov-20,2. No.,1.0,0.1976
Calix Limited (calix),AU,Goal 5. Achieve gender equality and empower all women and girls,"In your organization, what is the percentage of women in managerial positions?",1. I don't know. ||| 2. < 10%. ||| 3. 10% - 19%. ||| 4. 20% - 29%. ||| 5. 30% - 39%. ||| 6. > 39%.,S001,Q001,Manufacturing | Mining,25.6%  Female at  Management Level 1  43%  Female at Board of  Directors Level  16,https://calix.global/wp-content/uploads/2024/08/calix-limited-fy24-sustainability-report.pdf,18,PDF,2024.0,2025-04-23T04:58:45.958370,4,25.6%,4. 20% - 29%.,1.0,0.9817,25.6%,4. 20% - 29%.,1.0,0.9139,25.6%,4. 20% - 29%.,1.0,0.282,25.6%,4. 20% - 29%.,1.0,0.9477
Calix Limited (calix),AU,"Goal 7. Ensure access to affordable, reliable, sustainable and modern energy for all","In your organization, what percentage of annual energy usage is derived from renewable energy (clean fuels and technology)?",1. I don't know. ||| 2. < 10%. ||| 3. 10% - 19%. ||| 4. 20% - 29%. ||| 5. 30% - 39%. ||| 6. > 39%.,S002,Q002,Manufacturing | Mining,70.1%  29.9%  Energy use  by type  Conventional energy  Renewable energy  Carbon intensity  Carbon intensity is a key metric by which Calix intends to evaluate  how the Company is decoupling our resource use from business  growth.,https://calix.global/wp-content/uploads/2024/08/calix-limited-fy24-sustainability-report.pdf,15,PDF,2024.0,2025-04-23T04:58:45.958370,4,29.9%,1. I don't know.,0.0,0.5345,70.1% 29.9%,1. I don't know.,0.0,0.4747,29.9%,1. I don't know.,0.0,0.3707,70.1% 29.9%,1. I don't know.,0.0,0.264
Cleanaway,AU,Goal 5. Achieve gender equality and empower all women and girls,"In your organization, what is the percentage of women in managerial positions?",1. I don't know. ||| 2. < 10%. ||| 3. 10% - 19%. ||| 4. 20% - 29%. ||| 5. 30% - 39%. ||| 6. > 39%.,S001,Q001,Electricity Gas Water And Waste Services,39.3% 40.0% Proportion of females (CEO-2)  participating in leadership roles Proportion of females (CEO-1) participating in the executive team  From 36.2% in FY23,https://cleanaway2stor.blob.core.windows.net/cleanaway2-blob-container/2024/09/9762_Cleanaway_SR24_interactive_PDF_v5_SPREADS.pdf,23,PDF,2024.0,2025-04-23T05:07:14.412647,6,39.3% 40.0%,6. > 39%.,1.0,0.7711,39.3% 40.0%,6. > 39%.,1.0,0.3391,39.3% 40.0%,6. > 39%.,1.0,0.2479,39.3% 40.0%,6. > 39%.,1.0,0.4269
Cleanaway,AU,"Goal 7. Ensure access to affordable, reliable, sustainable and modern energy for all","In your organization, what percentage of annual energy usage is derived from renewable energy (clean fuels and technology)?",1. I don't know. ||| 2. < 10%. ||| 3. 10% - 19%. ||| 4. 20% - 29%. ||| 5. 30% - 39%. ||| 6. > 39%.,S002,Q002,Electricity Gas Water And Waste Services,REDUCING EMISSIONS FY24 Landfill gas capture 4.8PJ Landfill gas captured 48% of captured gas was used by   third parties as renewable energy 18% of captured gas was flared   to reduce impact 34% of captured gas   was converted to electricity Measuring methane at Melbourne Regional Landfill.,https://cleanaway2stor.blob.core.windows.net/cleanaway2-blob-container/2024/09/9762_Cleanaway_SR24_interactive_PDF_v5_SPREADS.pdf,16,PDF,2024.0,2025-04-23T05:07:14.412647,1,48%,6. > 39%.,1.0,0.2085,48%,6. > 39%.,1.0,0.7424,18%,3. 10% - 19%.,1.0,0.4769,18%,3. 10% - 19%.,1.0,0.0396
Fortescue,AU,Goal 17. Strengthen the means of implementation and revitalize the Global Partnership for Sustainable Development,Does your organization have an active IFRS certification in sustainability?,1. I don't know. ||| 2. No. ||| 3. 1-3  year active certification. ||| 4. 4-6 year active certification. ||| 5. 7-9 year active certification. ||| 6. 10+ year active certification.,S004,Q005,Mining,(a) Compliance with IFRS  The financial statements of the Group also comply with  International Financial Reporting Standards (IFRS) as  issued by the International Accounting Standards Board.,https://cdn.fortescue.com/docs/default-source/uncategorised/fy24-annual-report.pdf,160,PDF,,2025-04-23T04:58:11.314386,3,The financial statements of the Group also comply with International Financial Reporting Standards International Financial Reporting Standards,3. 1-3 year active certification.,1.0,0.1709,Compliance with IFRS Compliance with IFRS The financial statements,3. 1-3 year active certification.,1.0,0.0222,The financial statements of the Group also comply with International Financial Reporting Standards Compliance with IFRS,3. 1-3 year active certification.,1.0,0.1338,The financial statements of the Group also comply with International Financial Reporting Standards the,3. 1-3 year active certification.,1.0,0.0467
Fortescue,AU,Goal 17. Strengthen the means of implementation and revitalize the Global Partnership for Sustainable Development,Is your organisation certified with UN Compact?,"1. I don't know. ||| 2. No. ||| 3. No, but it is in planning for this year. ||| 4. No, but certification is in progress. ||| 5. Yes, certified, active this year. ||| 6. Yes, certified , active this year, and have renewed certification once or more times",S004,Q004,Mining,Fortescue Ltd Australia joined un compact on 19-Apr-13,https://unglobalcompact.org/what-is-gc/participants/19138-Fortescue-Ltd,1,,,,6,Fortescue Ltd Australia joined un compact on 19-Apr-13 13,"6. Yes, certified , active this year, and have renewed certification once or more.",1.0,0.2979,Fortescue Ltd Australia joined un compact 13,1. I don't know.,0.0,0.3712,Fortescue Ltd Australia Fortescue Ltd Australia joined un compact on 19-Apr-13,"6. Yes, certified , active this year, and have renewed certification once or more.",1.0,0.38,joined un compact on 19-Apr-13 19-Apr-13,"6. Yes, certified , active this year, and have renewed certification once or more.",1.0,0.1847
Fortescue,AU,Goal 5. Achieve gender equality and empower all women and girls,"In your organization, what is the percentage of women in managerial positions?",1. I don't know. ||| 2. < 10%. ||| 3. 10% - 19%. ||| 4. 20% - 29%. ||| 5. 30% - 39%. ||| 6. > 39%.,S001,Q001,Mining,"Year-on-year  increase in our First  Nations Australian  employment rate Year-on-year increase  in our First Nations  Australian employment  rate in our Pilbara  operations Year-on-year increase in  our First Nations Australian  employment rate in leadership  roles First Nations  Australian  employment in  Australian workforce First Nations Australian  employment in Pilbara  operations First Nations Australian  leadership roles FY24   11%   FY24   15%   FY24   5%   FY23   10% FY23  16% FY23  4% FY22   10%   FY22    15%   FY22    4%   Diversity, inclusion and equity To increase gender diversity to reflect 40:40:20 across Fortescue.",https://cdn.fortescue.com/docs/default-source/uncategorised/fy24-annual-report.pdf,64,PDF,,2025-04-23T04:58:11.314386,5,40:40:20,4. 20% - 29%.,1.0,0.5376,FY24 11%,3. 10% - 19%.,1.0,0.0863,16% FY23 4%,4. 20% - 29%.,1.0,0.0455,4%,2. < 10%.,1.0,0.0005
Fortescue,AU,"Goal 7. Ensure access to affordable, reliable, sustainable and modern energy for all","In your organization, what percentage of annual energy usage is derived from renewable energy (clean fuels and technology)?",1. I don't know. ||| 2. < 10%. ||| 3. 10% - 19%. ||| 4. 20% - 29%. ||| 5. 30% - 39%. ||| 6. > 39%.,S002,Q002,Mining,"By 2030,  approximately 97% of our electricity demand to be  met by renewable resources.",https://cdn.fortescue.com/docs/default-source/uncategorised/fy24-annual-report.pdf,68,PDF,,2025-04-23T04:58:11.314386,1,97%,6. > 39%.,1.0,0.618,97%,6. > 39%.,1.0,0.36,97%,6. > 39%.,1.0,0.8715,97%,6. > 39%.,1.0,0.3991
Foxtel (newscorp),AU,Goal 5. Achieve gender equality and empower all women and girls,"In your organization, what is the percentage of women in managerial positions?",1. I don't know. ||| 2. < 10%. ||| 3. 10% - 19%. ||| 4. 20% - 29%. ||| 5. 30% - 39%. ||| 6. > 39%.,S001,Q001,Information Media And Telecommunications,"As of December 31, 2022, women  represented 48% of News Corp’s global workforce, 37% of its senior executives3 and 38% of its Board of Directors, and the  Nominating and Corporate Governance Committee has a policy to include women and minorities in the candidate pool as part of  the search process for each new Director.",https://newscorp.com/wp-content/uploads/2023/10/News-Corp-Annual-Report-2023.pdf,25,PDF,2023.0,2025-04-23T05:17:20.877079,5,37%,5. 30% - 39%.,1.0,0.6448,37%,5. 30% - 39%.,1.0,0.8022,37%,5. 30% - 39%.,1.0,0.3652,37%,5. 30% - 39%.,1.0,0.7028
Fujitsu Australia (fujitsu),AU,Goal 12. Ensure sustainable consumption and production patterns,"In your organization, what is the recycling rate (measured by sum of recyclables + organics divided by total garbage, as the percentage of of all waste that is recycled? ",1. I don't know. ||| 2. < 10%. ||| 3. 10% - 19%. ||| 4. 20% - 29%. ||| 5. 30% - 39%. ||| 6. > 39%.,S003,Q003,Manufacturing,Resource reuse rate (%) 92.9 93.6 94.1,https://www.fujitsu.com/global/documents/about/resources/reports/sustainabilityreport/2024-report/fujitsudatabook2024e.pdf,310,PDF,2024.0,2025-04-23T05:03:14.736401,6,92.9 93.6 94.1,6. > 39%.,1.0,0.409,Resource reuse rate,1. I don't know.,0.0,0.1266,92.9 93.6 94.1,6. > 39%.,1.0,0.3748,92.9 93.6 94.1,6. > 39%.,1.0,0.0025
Fujitsu Australia (fujitsu),AU,Goal 17. Strengthen the means of implementation and revitalize the Global Partnership for Sustainable Development,Does your organization have an active IFRS certification in sustainability?,1. I don't know. ||| 2. No. ||| 3. 1-3  year active certification. ||| 4. 4-6 year active certification. ||| 5. 7-9 year active certification. ||| 6. 10+ year active certification.,S004,Q005,Manufacturing,if the organization’s sustainability reporting has been externally assured: i.,https://www.fujitsu.com/global/documents/about/resources/reports/sustainabilityreport/2024-report/fujitsudatabook2024e.pdf,468,PDF,2024.0,2025-04-23T05:03:14.736401,1,if the organization’s sustainability reporting has been externally assured if the organization’s sustainability reporting has been externally assured: i.,1. I don't know.,0.0,0.0524,if the organization’s sustainability reporting has been externally assured sustainability reporting,1. I don't know.,0.0,0.167,if the organization’s sustainability reporting has been externally assured if the organization’s sustainability,1. I don't know.,0.0,0.2797,if the organization’s sustainability reporting has been externally assured: sustainability,1. I don't know.,0.0,0.0003
Fujitsu Australia (fujitsu),AU,Goal 17. Strengthen the means of implementation and revitalize the Global Partnership for Sustainable Development,Is your organisation certified with UN Compact?,"1. I don't know. ||| 2. No. ||| 3. No, but it is in planning for this year. ||| 4. No, but certification is in progress. ||| 5. Yes, certified, active this year. ||| 6. Yes, certified , active this year, and have renewed certification once or more times",S004,Q004,Manufacturing,GRI STANDARDS / UNITED NATIONS GLOBAL  COMPACT (UNGC) PRINCIPLES COMPARISON TABLE 12-1-1,https://www.fujitsu.com/global/documents/about/resources/reports/sustainabilityreport/2024-report/fujitsudatabook2024e.pdf,2,PDF,2024.0,2025-04-23T05:03:14.736401,1,GRI STANDARDS / UNITED NATIONS GLOBAL COMPACT GRI,1. I don't know.,0.0,0.0001,UNITED NATIONS GLOBAL COMPACT GRI STANDARDS,1. I don't know.,0.0,0.0612,12-1-1 GRI STANDARDS / UNITED,1. I don't know.,0.0,0.0557,UNITED NATIONS GLOBAL COMPACT UNITED NATIONS GLOBAL COMPACT,1. I don't know.,0.0,0.0345
Fujitsu Australia (fujitsu),AU,Goal 5. Achieve gender equality and empower all women and girls,"In your organization, what is the percentage of women in managerial positions?",1. I don't know. ||| 2. < 10%. ||| 3. 10% - 19%. ||| 4. 20% - 29%. ||| 5. 30% - 39%. ||| 6. > 39%.,S001,Q001,Manufacturing,Ratio of female executives and managers (%) Fujitsu group - 15.01 15.8,https://www.fujitsu.com/global/documents/about/resources/reports/sustainabilityreport/2024-report/fujitsudatabook2024e.pdf,450,PDF,2024.0,2025-04-23T05:03:14.736401,4,Fujitsu group - 15.01 15.8,3. 10% - 19%.,1.0,0.3785,%,1. I don't know.,0.0,0.8015,%,1. I don't know.,0.0,0.5886,(%),1. I don't know.,0.0,0.1785
Fujitsu Australia (fujitsu),AU,"Goal 7. Ensure access to affordable, reliable, sustainable and modern energy for all","In your organization, what percentage of annual energy usage is derived from renewable energy (clean fuels and technology)?",1. I don't know. ||| 2. < 10%. ||| 3. 10% - 19%. ||| 4. 20% - 29%. ||| 5. 30% - 39%. ||| 6. > 39%.,S002,Q002,Manufacturing,"In FY2023, through the purchase of green power and power generation through solar panels, our rate of renewable energy use grew to 42.7%.",https://www.fujitsu.com/global/documents/about/resources/reports/sustainabilityreport/2024-report/fujitsudatabook2024e.pdf,293,PDF,2024.0,2025-04-23T05:03:14.736401,6,42.7%,6. > 39%.,1.0,0.9808,42.7%,6. > 39%.,1.0,0.8376,42.7%,6. > 39%.,1.0,0.908,42.7%,6. > 39%.,1.0,0.5622
GHD Group (ghd),AU,Goal 12. Ensure sustainable consumption and production patterns,"In your organization, what is the recycling rate (measured by sum of recyclables + organics divided by total garbage, as the percentage of of all waste that is recycled? ",1. I don't know. ||| 2. < 10%. ||| 3. 10% - 19%. ||| 4. 20% - 29%. ||| 5. 30% - 39%. ||| 6. > 39%.,S003,Q003,Electricity Gas Water And Waste Services,36.4% Sustainability at a glance: FY2024,https://info.ghd.com/sustainability-report-FY2024?utm_source=direct&utm_content=en-hero-download-button&utm_campaign=sustainability-sustainreport-FY24-FY25,7,PDF,2024.0,2025-04-23T06:12:58.102809,1,36.4%,5. 30% - 39%.,1.0,0.8835,36.4%,5. 30% - 39%.,1.0,0.7767,36.4%,5. 30% - 39%.,1.0,0.7648,36.4%,5. 30% - 39%.,1.0,0.245
GHD Group (ghd),AU,Goal 17. Strengthen the means of implementation and revitalize the Global Partnership for Sustainable Development,Is your organisation certified with UN Compact?,"1. I don't know. ||| 2. No. ||| 3. No, but it is in planning for this year. ||| 4. No, but certification is in progress. ||| 5. Yes, certified, active this year. ||| 6. Yes, certified , active this year, and have renewed certification once or more times",S004,Q004,Electricity Gas Water And Waste Services,GHD Pty Ltd Australia joined un compact on 5-Mar-10,https://unglobalcompact.org/what-is-gc/participants/11287-GHD-Pty-Ltd,1,PDF,2024.0,2025-04-23T06:12:58.102809,6,GHD Pty Ltd Australia joined un compact on 5-Mar-10 5-Mar-10,"6. Yes, certified , active this year, and have renewed certification once or more.",1.0,0.1865,GHD Pty Ltd Australia joined un compact 10,1. I don't know.,0.0,0.4418,GHD Pty Ltd Australia joined un compact on 5-Mar-10 GHD Pty Ltd Australia joined un compact on 5-Mar-10,"6. Yes, certified , active this year, and have renewed certification once or more.",1.0,0.527,GHD Pty Ltd Australia joined un compact on 5-Mar-10,"6. Yes, certified , active this year, and have renewed certification once or more.",1.0,0.1526
GHD Group (ghd),AU,Goal 5. Achieve gender equality and empower all women and girls,"In your organization, what is the percentage of women in managerial positions?",1. I don't know. ||| 2. < 10%. ||| 3. 10% - 19%. ||| 4. 20% - 29%. ||| 5. 30% - 39%. ||| 6. > 39%.,S001,Q001,Electricity Gas Water And Waste Services,37.4% 32.8% 24.5% 30.0% 42.2% 45.7% of employees are women of executive leadership  positions held by women  of leadership positions  held by women of senior professional positions  held by women of women at the  professional level of women at entry levels GHD 2024,https://info.ghd.com/sustainability-report-FY2024?utm_source=direct&utm_content=en-hero-download-button&utm_campaign=sustainability-sustainreport-FY24-FY25,65,PDF,2024.0,2025-04-23T06:12:58.102809,5,45.7%,6. > 39%.,1.0,0.4848,45.7%,6. > 39%.,1.0,0.5143,45.7%,6. > 39%.,1.0,0.8755,45.7%,6. > 39%.,1.0,0.1217
GHD Group (ghd),AU,"Goal 7. Ensure access to affordable, reliable, sustainable and modern energy for all","In your organization, what percentage of annual energy usage is derived from renewable energy (clean fuels and technology)?",1. I don't know. ||| 2. < 10%. ||| 3. 10% - 19%. ||| 4. 20% - 29%. ||| 5. 30% - 39%. ||| 6. > 39%.,S002,Q002,Electricity Gas Water And Waste Services,"We also exceeded our target of sourcing  20 percent of our purchased power  from renewable energy for offices that  have purchasing control and access to  renewable energy, with the next goals  being 80 percent by the end of FY2025  and 100 percent by 2030.",https://info.ghd.com/sustainability-report-FY2024?utm_source=direct&utm_content=en-hero-download-button&utm_campaign=sustainability-sustainreport-FY24-FY25,36,PDF,2024.0,2025-04-23T06:12:58.102809,4,20 percent,4. 20% - 29%.,1.0,0.5694,20 percent,4. 20% - 29%.,1.0,0.3915,20 percent,4. 20% - 29%.,1.0,0.6527,20 percent,4. 20% - 29%.,1.0,0.4063
Macquarie Media (macquarie),AU,Goal 12. Ensure sustainable consumption and production patterns,"In your organization, what is the recycling rate (measured by sum of recyclables + organics divided by total garbage, as the percentage of of all waste that is recycled? ",1. I don't know. ||| 2. < 10%. ||| 3. 10% - 19%. ||| 4. 20% - 29%. ||| 5. 30% - 39%. ||| 6. > 39%.,S003,Q003,Information Media And Telecommunications,"In our Sydney global headquarters and  our London office, we diverted 63% of our operational waste from  landfill in FY2024 (compared to our 50% target by FY2025).",https://www.macquarie.com/assets/macq/investor/reports/2024/macquarie-group-fy24-annual-report.pdf,67,PDF,2024.0,2025-04-23T05:17:25.623133,6,63%,6. > 39%.,1.0,0.6763,63%,6. > 39%.,1.0,0.5116,63%,6. > 39%.,1.0,0.3422,63%,6. > 39%.,1.0,0.0192
Macquarie Media (macquarie),AU,Goal 17. Strengthen the means of implementation and revitalize the Global Partnership for Sustainable Development,Does your organization have an active IFRS certification in sustainability?,1. I don't know. ||| 2. No. ||| 3. 1-3  year active certification. ||| 4. 4-6 year active certification. ||| 5. 7-9 year active certification. ||| 6. 10+ year active certification.,S004,Q005,Information Media And Telecommunications,(i) Compliance with IFRS as issued by the IASB Compliance with Australian Accounting Standards ensures that  this Financial Report complies with International Financial  Reporting Standards (IFRS) as issued by the International  Accounting Standards Board (IASB).,https://www.macquarie.com/assets/macq/investor/reports/2024/macquarie-group-fy24-annual-report.pdf,167,PDF,2024.0,2025-04-23T05:17:25.623133,3,Compliance with IFRS International Accounting Standards Board,3. 1-3 year active certification.,1.0,0.0258,Compliance with IFRS as issued by the IASB Australian Accounting Standards,3. 1-3 year active certification.,1.0,0.0914,Compliance Compliance with IFRS,3. 1-3 year active certification.,1.0,0.0732,Compliance with IFRS Australian Accounting Standards,3. 1-3 year active certification.,1.0,0.0676
Macquarie Media (macquarie),AU,Goal 5. Achieve gender equality and empower all women and girls,"In your organization, what is the percentage of women in managerial positions?",1. I don't know. ||| 2. < 10%. ||| 3. 10% - 19%. ||| 4. 20% - 29%. ||| 5. 30% - 39%. ||| 6. > 39%.,S001,Q001,Information Media And Telecommunications,"Female representation on the MGL Board  of Directors has stayed at 62.5% with the retirement of Nicola  Wakefield Evans and the appointment of Susan Lloyd-Hurwitz, who  is currently also President of Chief Executive Women (CEW)  in Australia.",https://www.macquarie.com/assets/macq/investor/reports/2024/macquarie-group-fy24-annual-report.pdf,75,PDF,2024.0,2025-04-23T05:17:25.623133,6,62.5%,6. > 39%.,1.0,0.7228,62.5%,6. > 39%.,1.0,0.8682,62.5%,6. > 39%.,1.0,0.9353,62.5%,6. > 39%.,1.0,0.0003
Macquarie Media (macquarie),AU,"Goal 7. Ensure access to affordable, reliable, sustainable and modern energy for all","In your organization, what percentage of annual energy usage is derived from renewable energy (clean fuels and technology)?",1. I don't know. ||| 2. < 10%. ||| 3. 10% - 19%. ||| 4. 20% - 29%. ||| 5. 30% - 39%. ||| 6. > 39%.,S002,Q002,Information Media And Telecommunications,"To achieve this, we are focusing on  improving energy efficiency within our premises and reducing  energy use overall; implementing 100% electrification of our  premises; purchasing 100% renewable electricity for our operational  requirements; and offsetting any residual emissions in line with  industry guidance on the use of credible carbon offsets.",https://www.macquarie.com/assets/macq/investor/reports/2024/macquarie-group-fy24-annual-report.pdf,65,PDF,2024.0,2025-04-23T05:17:25.623133,6,100%,6. > 39%.,1.0,0.8803,100%,6. > 39%.,1.0,0.8328,100%,6. > 39%.,1.0,0.6723,purchasing 100%,6. > 39%.,1.0,0.1925
Minerals Council of Australia (minerals),AU,Goal 5. Achieve gender equality and empower all women and girls,"In your organization, what is the percentage of women in managerial positions?",1. I don't know. ||| 2. < 10%. ||| 3. 10% - 19%. ||| 4. 20% - 29%. ||| 5. 30% - 39%. ||| 6. > 39%.,S001,Q001,Mining,"Newmont Excellence in Diversity  Programs and Performance Award Rio Tinto Aluminium Women in Leadership  Program for increasing women in frontline  leadership positions from 5 per cent to 18 per  cent between Q3 2022 and Q2 2023, while  challenging long-standing mindsets and  recruitment practices.",https://minerals.org.au/wp-content/uploads/2024/06/MCA-Annual-Report_2023.pdf,25,PDF,2024.0,2025-04-23T04:58:52.220648,3,18 per cent,3. 10% - 19%.,1.0,0.5783,5 per cent to 18 per cent,3. 10% - 19%.,1.0,0.3322,5 per cent to 18,2. < 10%.,1.0,0.2262,18 per cent,3. 10% - 19%.,1.0,0.3102
National Disability Insurance Agency (NDIA),AU,Goal 17. Strengthen the means of implementation and revitalize the Global Partnership for Sustainable Development,Is your organisation certified with UN Compact?,"1. I don't know. ||| 2. No. ||| 3. No, but it is in planning for this year. ||| 4. No, but certification is in progress. ||| 5. Yes, certified, active this year. ||| 6. Yes, certified , active this year, and have renewed certification once or more times",S004,Q004,Health Care And Social Assistance,We call it the UN Convention.,https://www.ndis.gov.au/media/7390/download?attachment,6,PDF,,2025-04-23T06:19:45.196938,1,UN Convention UN Convention.,1. I don't know.,0.0,0.0,UN Convention. UN Convention,1. I don't know.,0.0,0.0132,We call it the UN Convention. UN Convention,1. I don't know.,0.0,0.4132,the UN Convention UN Convention,1. I don't know.,0.0,0.0018
News Corp Australia (newscorp),AU,Goal 12. Ensure sustainable consumption and production patterns,"In your organization, what is the recycling rate (measured by sum of recyclables + organics divided by total garbage, as the percentage of of all waste that is recycled? ",1. I don't know. ||| 2. < 10%. ||| 3. 10% - 19%. ||| 4. 20% - 29%. ||| 5. 30% - 39%. ||| 6. > 39%.,S003,Q003,Information Media And Telecommunications,91% diversion rate across 22 sites in fiscal 2023.,https://newscorp.com/app/uploads/2024/10/News-Corp-ESG-2024_FINAL.pdf,7,PDF,2024.0,2025-04-29T01:22:41.219470,6,91%,6. > 39%.,1.0,0.9002,91%,6. > 39%.,1.0,0.3268,91%,6. > 39%.,1.0,0.7563,91%,6. > 39%.,1.0,0.0016
News Corp Australia (newscorp),AU,Goal 5. Achieve gender equality and empower all women and girls,"In your organization, what is the percentage of women in managerial positions?",1. I don't know. ||| 2. < 10%. ||| 3. 10% - 19%. ||| 4. 20% - 29%. ||| 5. 30% - 39%. ||| 6. > 39%.,S001,Q001,Information Media And Telecommunications,Workforce 53% 54% 53% Women in Management in U.S.,https://newscorp.com/app/uploads/2024/10/News-Corp-ESG-2024_FINAL.pdf,43,PDF,2024.0,2025-04-29T01:22:41.219470,6,53% 54% 53%,6. > 39%.,1.0,0.4566,53%,6. > 39%.,1.0,0.5833,53%,6. > 39%.,1.0,0.6644,53%,6. > 39%.,1.0,0.0231
News Corp Australia (newscorp),AU,"Goal 7. Ensure access to affordable, reliable, sustainable and modern energy for all","In your organization, what percentage of annual energy usage is derived from renewable energy (clean fuels and technology)?",1. I don't know. ||| 2. < 10%. ||| 3. 10% - 19%. ||| 4. 20% - 29%. ||| 5. 30% - 39%. ||| 6. > 39%.,S002,Q002,Information Media And Telecommunications,"In fiscal 2023, our total usage of renewable energy was 25.9%,  largely due to News UK’s purchase of electricity backed by  REGO certificates.",https://newscorp.com/app/uploads/2024/10/News-Corp-ESG-2024_FINAL.pdf,9,PDF,2024.0,2025-04-29T01:22:41.219470,4,25.9%,4. 20% - 29%.,1.0,0.971,25.9%,4. 20% - 29%.,1.0,0.8943,25.9%,4. 20% - 29%.,1.0,0.8768,"25.9%,",4. 20% - 29%.,1.0,0.6897
Nine Entertainment Co. (nineforbrands),AU,Goal 17. Strengthen the means of implementation and revitalize the Global Partnership for Sustainable Development,Does your organization have an active IFRS certification in sustainability?,1. I don't know. ||| 2. No. ||| 3. 1-3  year active certification. ||| 4. 4-6 year active certification. ||| 5. 7-9 year active certification. ||| 6. 10+ year active certification.,S004,Q005,Information Media And Telecommunications,The financial report also complies with International Financial  Reporting Standards (IFRS) as issued by the International Accounting Standards Board.,https://www.nineforbrands.com.au/wp-content/uploads/2023/09/NEC-2023-Annual-Report-web.pdf,89,PDF,2023.0,2025-04-23T05:16:46.666023,3,The financial report also complies with International Financial Reporting Standards International Accounting Standards Board,3. 1-3 year active certification.,1.0,0.2002,The financial report also complies with International Financial Reporting Standards Accounting,3. 1-3 year active certification.,1.0,0.0618,The financial report also complies with International Financial Reporting Standards International Financial Reporting Standards,3. 1-3 year active certification.,1.0,0.2183,complies (,1. I don't know.,0.0,0.0815
Nine Entertainment Co. (nineforbrands),AU,Goal 5. Achieve gender equality and empower all women and girls,"In your organization, what is the percentage of women in managerial positions?",1. I don't know. ||| 2. < 10%. ||| 3. 10% - 19%. ||| 4. 20% - 29%. ||| 5. 30% - 39%. ||| 6. > 39%.,S001,Q001,Information Media And Telecommunications,"June 2023, the proportion of men and women employed by Nine was as follows:  Women Men Board of Directors 50% 50% Senior Executives 36% 64% Total Nine workforce 45% 55% For this purpose, “Senior Executives” are the Chief Executive Officer and the Chief Executive Officer’s direct reports.",https://www.nineforbrands.com.au/wp-content/uploads/2023/09/NEC-2023-Annual-Report-web.pdf,48,PDF,2023.0,2025-04-23T05:16:46.666023,6,50% 50% Senior Executives 36% 64%,6. > 39%.,1.0,0.0879,50% 50%,6. > 39%.,1.0,0.0581,50% 50% Senior Executives 36% 64%,6. > 39%.,1.0,0.0801,50% 50%,6. > 39%.,1.0,0.0635
Optus,AU,Goal 12. Ensure sustainable consumption and production patterns,"In your organization, what is the recycling rate (measured by sum of recyclables + organics divided by total garbage, as the percentage of of all waste that is recycled? ",1. I don't know. ||| 2. < 10%. ||| 3. 10% - 19%. ||| 4. 20% - 29%. ||| 5. 30% - 39%. ||| 6. > 39%.,S003,Q003,Information Media And Telecommunications,"IT: 100% diversion   from landfill IT: 100% diversion   from landfill 81% 39% 85% 61% Networks: 98% diversion   from landfill Networks: 97%* diversion   from landfill Target 90% of e-waste to be  reused or recycled Target 90% waste diversion   from landfill Target 100% recyclable, reusable   or compostable packaging   on Optus-branded products FY23",https://www.optus.com.au/content/dam/optus/documents/about-us/sustainability/reporting/2024/Optus-Sustainability-Report-FY2024-Final2.pdf,36,PDF,2024.0,2025-04-23T05:16:12.130846,6,IT: 100% diversion from landfill 81% 39% 85% 61%,6. > 39%.,1.0,0.0489,100%,6. > 39%.,1.0,0.3213,97%* diversion from landfill Target 90%,6. > 39%.,1.0,0.0837,90%,6. > 39%.,1.0,0.2678
Optus,AU,Goal 17. Strengthen the means of implementation and revitalize the Global Partnership for Sustainable Development,Is your organisation certified with UN Compact?,"1. I don't know. ||| 2. No. ||| 3. No, but it is in planning for this year. ||| 4. No, but certification is in progress. ||| 5. Yes, certified, active this year. ||| 6. Yes, certified , active this year, and have renewed certification once or more times",S004,Q004,Information Media And Telecommunications,Singtel Optus Pty Limited Australia joined un compact on 12-Dec-19,https://unglobalcompact.org/what-is-gc/participants/138226-Singtel-Optus-Pty-Limited,1,,,,6,Australia joined un compact on 12-Dec-19 12-Dec-19,"6. Yes, certified , active this year, and have renewed certification once or more.",1.0,0.0607,Singtel Optus Pty Limited Australia joined un compact 12-Dec-19,"6. Yes, certified , active this year, and have renewed certification once or more.",1.0,0.3591,Singtel Optus Pty Limited Australia Singtel Optus Pty Limited Australia,1. I don't know.,0.0,0.3579,Singtel Optus Pty Limited Australia joined un compact 12,1. I don't know.,0.0,0.1876
Optus,AU,Goal 5. Achieve gender equality and empower all women and girls,"In your organization, what is the percentage of women in managerial positions?",1. I don't know. ||| 2. < 10%. ||| 3. 10% - 19%. ||| 4. 20% - 29%. ||| 5. 30% - 39%. ||| 6. > 39%.,S001,Q001,Information Media And Telecommunications,"In FY24,  we continued to strive towards a gender balanced  leadership team, closely maintaining our 25% target,  achieving 24.4% this year.",https://www.optus.com.au/content/dam/optus/documents/about-us/sustainability/reporting/2024/Optus-Sustainability-Report-FY2024-Final2.pdf,69,PDF,2024.0,2025-04-23T05:16:12.130846,4,24.4%,4. 20% - 29%.,1.0,0.8367,24.4%,4. 20% - 29%.,1.0,0.1418,24.4%,4. 20% - 29%.,1.0,0.925,24.4%,4. 20% - 29%.,1.0,0.0094
Optus,AU,"Goal 7. Ensure access to affordable, reliable, sustainable and modern energy for all","In your organization, what percentage of annual energy usage is derived from renewable energy (clean fuels and technology)?",1. I don't know. ||| 2. < 10%. ||| 3. 10% - 19%. ||| 4. 20% - 29%. ||| 5. 30% - 39%. ||| 6. > 39%.,S002,Q002,Information Media And Telecommunications,"Gigawatt hours  per annum Increased the use of renewable  electricity across our operations  from 25.37%   to 27.50%  of our total consumption when mandatory   large-scale generation certificates (LGCs)   are included (6.7% to 8.5% when mandatory   LGCs are excluded) 85%  of packaging is recyclable,  reusable or compostable from approximately 300",https://www.optus.com.au/content/dam/optus/documents/about-us/sustainability/reporting/2024/Optus-Sustainability-Report-FY2024-Final2.pdf,11,PDF,2024.0,2025-04-23T05:16:12.130846,4,27.50%,4. 20% - 29%.,1.0,0.9336,27.50%,4. 20% - 29%.,1.0,0.4676,25.37%,4. 20% - 29%.,1.0,0.3129,27.50%,4. 20% - 29%.,1.0,0.5213
Orica,AU,Goal 17. Strengthen the means of implementation and revitalize the Global Partnership for Sustainable Development,Does your organization have an active IFRS certification in sustainability?,1. I don't know. ||| 2. No. ||| 3. 1-3  year active certification. ||| 4. 4-6 year active certification. ||| 5. 7-9 year active certification. ||| 6. 10+ year active certification.,S004,Q005,Mining,• Assessing the disclosures in the Financial Report using our understanding of the matters obtained from our testing and against the requirements of accounting standards.,https://www.orica.com/ArticleDocuments/301/FY2024%20Annual%20Report.pdf,124,PDF,2024.0,2025-04-23T05:50:24.945692,2,the requirements of accounting standards Financial Report,1. I don't know.,0.0,0.0207,accounting standards Assessing the disclosures in the Financial Report,1. I don't know.,0.0,0.0528,Assessing the disclosures in the Financial Report Financial Report,1. I don't know.,0.0,0.1537,against the requirements •,1. I don't know.,0.0,0.0177
Orica,AU,Goal 17. Strengthen the means of implementation and revitalize the Global Partnership for Sustainable Development,Is your organisation certified with UN Compact?,"1. I don't know. ||| 2. No. ||| 3. No, but it is in planning for this year. ||| 4. No, but certification is in progress. ||| 5. Yes, certified, active this year. ||| 6. Yes, certified , active this year, and have renewed certification once or more times",S004,Q004,Mining,Orica Australia joined un compact on 21-May-18,https://unglobalcompact.org/what-is-gc/participants/132559-Orica,1,,,,6,Orica Australia joined 18,1. I don't know.,0.0,0.1464,Orica Australia joined un compact Orica Australia,1. I don't know.,0.0,0.2582,Orica Australia Orica Australia,1. I don't know.,0.0,0.296,Orica Australia joined un compact on 21-May-18,"6. Yes, certified , active this year, and have renewed certification once or more.",1.0,0.1599
Orica,AU,Goal 5. Achieve gender equality and empower all women and girls,"In your organization, what is the percentage of women in managerial positions?",1. I don't know. ||| 2. < 10%. ||| 3. 10% - 19%. ||| 4. 20% - 29%. ||| 5. 30% - 39%. ||| 6. > 39%.,S001,Q001,Mining,FY2023: 17 33.7% Women in senior   leadership12,https://www.orica.com/ArticleDocuments/301/FY2024%20Annual%20Report.pdf,5,PDF,2024.0,2025-04-23T05:50:24.945692,5,33.7%,5. 30% - 39%.,1.0,0.6929,33.7%,5. 30% - 39%.,1.0,0.8948,33.7%,5. 30% - 39%.,1.0,0.8413,33.7%,5. 30% - 39%.,1.0,0.0816
Orica,AU,"Goal 7. Ensure access to affordable, reliable, sustainable and modern energy for all","In your organization, what percentage of annual energy usage is derived from renewable energy (clean fuels and technology)?",1. I don't know. ||| 2. < 10%. ||| 3. 10% - 19%. ||| 4. 20% - 29%. ||| 5. 30% - 39%. ||| 6. > 39%.,S002,Q002,Mining,The installation of two emissions  abatement reactors at our Yarwun site is  forecast to reduce its total Scope 1 and  Scope 2 emissions by 50 per cent.,https://www.orica.com/ArticleDocuments/301/FY2024%20Annual%20Report.pdf,7,PDF,2024.0,2025-04-23T05:50:24.945692,1,50 per cent,6. > 39%.,1.0,0.0001,50,6. > 39%.,1.0,0.001,50,6. > 39%.,1.0,0.8118,50 per cent.,6. > 39%.,1.0,0.1054
Pacific Green,AU,"Goal 7. Ensure access to affordable, reliable, sustainable and modern energy for all","In your organization, what percentage of annual energy usage is derived from renewable energy (clean fuels and technology)?",1. I don't know. ||| 2. < 10%. ||| 3. 10% - 19%. ||| 4. 20% - 29%. ||| 5. 30% - 39%. ||| 6. > 39%.,S002,Q002,Manufacturing,"The country is currently ranked fifth worldwide in consultancy EY’s Renewable Energy Country Attractiveness Index, ahead of low-carbon generation behemoths such as the UK and Spain—and has led the world in per-capita solar and energy storage deployments, we noted .",https://www.pacificgreen.com/articles/12-months-great-progress-pacific-green-2024/,1,HTML,,2025-04-28T23:22:05.580328,1,solar,1. I don't know.,0.0,0.0,per-capita,1. I don't know.,0.0,0.0003,per-capita,1. I don't know.,0.0,0.1525,"consultancy EY’s Renewable Energy Country Attractiveness Index,",1. I don't know.,0.0,0.1667
Rio Tinto (cdn-rio),AU,Goal 12. Ensure sustainable consumption and production patterns,"In your organization, what is the recycling rate (measured by sum of recyclables + organics divided by total garbage, as the percentage of of all waste that is recycled? ",1. I don't know. ||| 2. < 10%. ||| 3. 10% - 19%. ||| 4. 20% - 29%. ||| 5. 30% - 39%. ||| 6. > 39%.,S003,Q003,Mining,"ALUMINIUM (recycled) ('000 tonnes) Matalco  50.0%   528   264   –   –   –   –  BAUXITE ('000 tonnes) Gove (Australia)  100.0%   12,721   12,721   11,566   11,566   11,510   11,510",https://cdn-rio.dataweavers.io/-/media/content/documents/invest/reports/annual-reports/2024-annual-report.pdf,277,PDF,2024.0,2025-04-23T04:58:06.502646,1,100.0%,6. > 39%.,1.0,0.0023,50.0%,6. > 39%.,1.0,0.03,50.0%,6. > 39%.,1.0,0.396,50.0%,6. > 39%.,1.0,0.0059
Rio Tinto (cdn-rio),AU,Goal 17. Strengthen the means of implementation and revitalize the Global Partnership for Sustainable Development,Does your organization have an active IFRS certification in sustainability?,1. I don't know. ||| 2. No. ||| 3. 1-3  year active certification. ||| 4. 4-6 year active certification. ||| 5. 7-9 year active certification. ||| 6. 10+ year active certification.,S004,Q005,Mining,The above accounting standards and interpretations are collectively  referred to as “IFRS” in this report and contain the principles we use  to create our accounting policies.,https://cdn-rio.dataweavers.io/-/media/content/documents/invest/reports/annual-reports/2024-annual-report.pdf,156,PDF,2024.0,2025-04-23T04:58:06.502646,3,accounting policies accounting policies,1. I don't know.,0.0,0.0004,accounting policies. accounting,1. I don't know.,0.0,0.0243,The above accounting standards and interpretations accounting standards and interpretations are collectively referred to as “IFRS,3. 1-3 year active certification.,1.0,0.0633,create our accounting policies. to,1. I don't know.,0.0,0.0005
Rio Tinto (cdn-rio),AU,Goal 17. Strengthen the means of implementation and revitalize the Global Partnership for Sustainable Development,Is your organisation certified with UN Compact?,"1. I don't know. ||| 2. No. ||| 3. No, but it is in planning for this year. ||| 4. No, but certification is in progress. ||| 5. Yes, certified, active this year. ||| 6. Yes, certified , active this year, and have renewed certification once or more times",S004,Q004,Mining,Rio Tinto Limited Australia joined un compact on 1-Jun-20,https://unglobalcompact.org/what-is-gc/participants/139552-Rio-Tinto-Limited,1,PDF,2024.0,2025-04-23T04:58:06.502646,6,Rio Tinto Limited Australia joined un compact on 1-Jun-20 1-Jun-20,"6. Yes, certified , active this year, and have renewed certification once or more.",1.0,0.1113,Rio Tinto Limited Australia joined un compact Rio Tinto,1. I don't know.,0.0,0.2548,Rio Tinto Limited Australia Rio Tinto Limited Australia joined un compact on 1-Jun-20,"6. Yes, certified , active this year, and have renewed certification once or more.",1.0,0.3566,Rio Tinto Limited Australia joined un compact on 1-Jun-20,"6. Yes, certified , active this year, and have renewed certification once or more.",1.0,0.1376
Rio Tinto (cdn-rio),AU,Goal 5. Achieve gender equality and empower all women and girls,"In your organization, what is the percentage of women in managerial positions?",1. I don't know. ||| 2. < 10%. ||| 3. 10% - 19%. ||| 4. 20% - 29%. ||| 5. 30% - 39%. ||| 6. > 39%.,S001,Q001,Mining,"– 32% of senior leadership were women, up 1.9% from 2023.",https://cdn-rio.dataweavers.io/-/media/content/documents/invest/reports/annual-reports/2024-annual-report.pdf,36,PDF,2024.0,2025-04-23T04:58:06.502646,5,32%,5. 30% - 39%.,1.0,0.8558,32%,5. 30% - 39%.,1.0,0.9366,32%,5. 30% - 39%.,1.0,0.241,32%,5. 30% - 39%.,1.0,0.3687
Rio Tinto (cdn-rio),AU,"Goal 7. Ensure access to affordable, reliable, sustainable and modern energy for all","In your organization, what percentage of annual energy usage is derived from renewable energy (clean fuels and technology)?",1. I don't know. ||| 2. < 10%. ||| 3. 10% - 19%. ||| 4. 20% - 29%. ||| 5. 30% - 39%. ||| 6. > 39%.,S002,Q002,Mining,Renewable electricity   11.5Mt CO2e emissions from power generation (2023: 14.2Mt CO2e) 28% percentage of Group emissions from  electricity at Boyne and Tomago smelters  and Gladstone Power Station 78% percentage of electricity from  renewable sources (2023: 71%) $79m decarbonisation spend on  renewable electricity projects  in 2024,https://cdn-rio.dataweavers.io/-/media/content/documents/invest/reports/annual-reports/2024-annual-report.pdf,55,PDF,2024.0,2025-04-23T04:58:06.502646,6,71%,6. > 39%.,1.0,0.3137,78% percentage of electricity from renewable sources (2023: 71%,6. > 39%.,1.0,0.2852,78%,6. > 39%.,1.0,0.6713,78% percentage,6. > 39%.,1.0,0.2872
SA Water,AU,Goal 12. Ensure sustainable consumption and production patterns,"In your organization, what is the recycling rate (measured by sum of recyclables + organics divided by total garbage, as the percentage of of all waste that is recycled? ",1. I don't know. ||| 2. < 10%. ||| 3. 10% - 19%. ||| 4. 20% - 29%. ||| 5. 30% - 39%. ||| 6. > 39%.,S003,Q003,Electricity Gas Water And Waste Services,"In operating our wastewater  treatment plants, SUEZ produced  29,715 megalitres of recycled water,  supplied 83,565 tonnes of biosolids for  farmers in South Australia, and achieved  a 12 per cent reduction in their waste  footprint compared to 2022-23.",https://www.sawater.com.au/__data/assets/pdf_file/0017/1026071/SA-Water_2023-24-Annual-Report.pdf,20,PDF,2023.0,2025-04-23T05:07:27.293620,3,12 per cent,3. 10% - 19%.,1.0,0.0304,12,3. 10% - 19%.,1.0,0.0882,12 per cent reduction in their waste footprint compared to 2022-23,3. 10% - 19%.,1.0,0.2623,12 per cent,3. 10% - 19%.,1.0,0.1574
SA Water,AU,Goal 17. Strengthen the means of implementation and revitalize the Global Partnership for Sustainable Development,Is your organisation certified with UN Compact?,"1. I don't know. ||| 2. No. ||| 3. No, but it is in planning for this year. ||| 4. No, but certification is in progress. ||| 5. Yes, certified, active this year. ||| 6. Yes, certified , active this year, and have renewed certification once or more times",S004,Q004,Electricity Gas Water And Waste Services,South Australia Water Corporation (SA Water) Australia joined un compact on 18-Apr-19,https://unglobalcompact.org/what-is-gc/participants/135804-South-Australia-Water-Corporation,1,,,,6,Australia joined un compact on 18-Apr-19 18-Apr-19,"6. Yes, certified , active this year, and have renewed certification once or more.",1.0,0.0533,South Australia Water Corporation (SA Water) Australia joined un compact 18-Apr-19,"6. Yes, certified , active this year, and have renewed certification once or more.",1.0,0.2374,South Australia Water Corporation (SA Water) Australia joined un compact Australia joined un compact on 18-Apr-19,"6. Yes, certified , active this year, and have renewed certification once or more.",1.0,0.181,South Australia Water Corporation (SA Water) Australia joined un compact 18-Apr-19,"6. Yes, certified , active this year, and have renewed certification once or more.",1.0,0.1024
SA Water,AU,Goal 5. Achieve gender equality and empower all women and girls,"In your organization, what is the percentage of women in managerial positions?",1. I don't know. ||| 2. < 10%. ||| 3. 10% - 19%. ||| 4. 20% - 29%. ||| 5. 30% - 39%. ||| 6. > 39%.,S001,Q001,Electricity Gas Water And Waste Services,We achieved: 	• 46.84 per cent of leadership positions held by women (DEI target: 50 per cent) 	• 1.85 per cent Aboriginal employment (DEI target: 3 per cent).,https://www.sawater.com.au/__data/assets/pdf_file/0017/1026071/SA-Water_2023-24-Annual-Report.pdf,28,PDF,2023.0,2025-04-23T05:07:27.293620,6,46.84,6. > 39%.,1.0,0.6819,46.84 per cent,6. > 39%.,1.0,0.6138,46.84,6. > 39%.,1.0,0.5295,46.84 per cent,6. > 39%.,1.0,0.073
SA Water,AU,"Goal 7. Ensure access to affordable, reliable, sustainable and modern energy for all","In your organization, what percentage of annual energy usage is derived from renewable energy (clean fuels and technology)?",1. I don't know. ||| 2. < 10%. ||| 3. 10% - 19%. ||| 4. 20% - 29%. ||| 5. 30% - 39%. ||| 6. > 39%.,S002,Q002,Electricity Gas Water And Waste Services,"Purchase of renewable energy or carbon offsets for the Adelaide  Desalination Plant  SA Water must purchase applicable renewable energy certificates (RECs) for  the purposes of the operation and maintenance of the Adelaide Desalination  Plant and associated infrastructure, or otherwise fully offset the carbon impact  of that operation and maintenance, sufficient to maintain South Australia’s  commitment at clause 17 of the Implementation Plan for Augmentation of the  Adelaide Desalination Plant (100 gigalitres per annum), National Partnership  Agreement on Water for the Future.",https://www.sawater.com.au/__data/assets/pdf_file/0017/1026071/SA-Water_2023-24-Annual-Report.pdf,52,PDF,2023.0,2025-04-23T05:07:27.293620,1,100 gigalitres per annum,6. > 39%.,1.0,0.0015,100 gigalitres,6. > 39%.,1.0,0.0017,100 gigalitres per annum,6. > 39%.,1.0,0.3064,(100 gigalitres per annum),6. > 39%.,1.0,0.0595
SBS (Special Broadcasting Service),AU,Goal 12. Ensure sustainable consumption and production patterns,"In your organization, what is the recycling rate (measured by sum of recyclables + organics divided by total garbage, as the percentage of of all waste that is recycled? ",1. I don't know. ||| 2. < 10%. ||| 3. 10% - 19%. ||| 4. 20% - 29%. ||| 5. 30% - 39%. ||| 6. > 39%.,S003,Q003,Information Media And Telecommunications,"In 2023-24 the general  office recycling program recycled 100% of cardboard, paper and comingled waste, equalling a total of  58 tonnes of cardboard and paper and 78 tonnes of comingled waste.",https://www.sbs.com.au/aboutus/wp-content/uploads/2024/10/SBS_2024_Annual_Report_DIGITAL.pdf,101,PDF,2024.0,2025-04-23T05:16:26.815683,6,100%,6. > 39%.,1.0,0.7575,general office recycling program recycled 100%,6. > 39%.,1.0,0.232,100%,6. > 39%.,1.0,0.6423,100%,6. > 39%.,1.0,0.6708
SBS (Special Broadcasting Service),AU,"Goal 7. Ensure access to affordable, reliable, sustainable and modern energy for all","In your organization, what percentage of annual energy usage is derived from renewable energy (clean fuels and technology)?",1. I don't know. ||| 2. < 10%. ||| 3. 10% - 19%. ||| 4. 20% - 29%. ||| 5. 30% - 39%. ||| 6. > 39%.,S002,Q002,Information Media And Telecommunications,"Electricity greenhouse gas emissions Emission Source Scope 2 t CO2-e Scope 3 t CO2-e Total t CO2-e Percentage of  electricity use Electricity (Location  Based Approach) 3,482.256 280.219 3,762.476 100% Market-based  electricity emissions 0.000 0.000 0.000 0.00% Total renewable electricity 100.00% Mandatory renewables1 18.72% Voluntary renewables2 81.28% Note: The table above presents emissions related to electricity usage using both the location-based and the market-based   accounting methods.",https://www.sbs.com.au/aboutus/wp-content/uploads/2024/10/SBS_2024_Annual_Report_DIGITAL.pdf,245,PDF,2024.0,2025-04-23T05:16:26.815683,6,81.28%,6. > 39%.,1.0,0.269,0.00%,2. < 10%.,1.0,0.107,81.28%,6. > 39%.,1.0,0.4511,Total renewable electricity 100.00%,6. > 39%.,1.0,0.1426
Seven West Media,AU,Goal 12. Ensure sustainable consumption and production patterns,"In your organization, what is the recycling rate (measured by sum of recyclables + organics divided by total garbage, as the percentage of of all waste that is recycled? ",1. I don't know. ||| 2. < 10%. ||| 3. 10% - 19%. ||| 4. 20% - 29%. ||| 5. 30% - 39%. ||| 6. > 39%.,S003,Q003,Information Media And Telecommunications,Bringing  Awareness to  Environmental  Issues We are committed to using our platforms to drive environmental awareness to create a more sustainable future: •	 We have continued our partnership with Planet Ark to drive positive behavioural change around vital environmental issues as the  Official Media Partner of National Recycling Week and National Tree Day (Page 13) We are continuing our efforts to reduce the environmental footprint of our operations: •	 Achieved an 18 per cent decline in scope 1 and 2 emissions in the two years from FY22 to FY24 (Page 13) •	 Seven West Media is preparing to publish detailed climate-related financial disclosures from FY26 (Page 13) •	 West Australian Newspapers continues its efforts to reduce waste from printing and cut energy usage (Page 13) •	 We are working with our production partner ITV on increasingly sustainable production methods (Page 13) 18,https://www.sevenwestmedia.com.au/assets/Uploads/Seven-West-Media-Sustainability-Report-2024.pdf,18,PDF,2024.0,2025-04-23T05:17:02.195326,1,West Australian Newspapers,1. I don't know.,0.0,0.0001,National Recycling Week,1. I don't know.,0.0,0.0002,18 per cent,3. 10% - 19%.,1.0,0.2419,West Australian Newspapers,1. I don't know.,0.0,0.0005
Seven West Media,AU,"Goal 7. Ensure access to affordable, reliable, sustainable and modern energy for all","In your organization, what percentage of annual energy usage is derived from renewable energy (clean fuels and technology)?",1. I don't know. ||| 2. < 10%. ||| 3. 10% - 19%. ||| 4. 20% - 29%. ||| 5. 30% - 39%. ||| 6. > 39%.,S002,Q002,Information Media And Telecommunications,Bringing  Awareness to  Environmental  Issues We are committed to using our platforms to drive environmental awareness to create a more sustainable future: •	 We have continued our partnership with Planet Ark to drive positive behavioural change around vital environmental issues as the  Official Media Partner of National Recycling Week and National Tree Day (Page 13) We are continuing our efforts to reduce the environmental footprint of our operations: •	 Achieved an 18 per cent decline in scope 1 and 2 emissions in the two years from FY22 to FY24 (Page 13) •	 Seven West Media is preparing to publish detailed climate-related financial disclosures from FY26 (Page 13) •	 West Australian Newspapers continues its efforts to reduce waste from printing and cut energy usage (Page 13) •	 We are working with our production partner ITV on increasingly sustainable production methods (Page 13) 18,https://www.sevenwestmedia.com.au/assets/Uploads/Seven-West-Media-Sustainability-Report-2024.pdf,18,PDF,2024.0,2025-04-23T05:17:02.195326,1,18 per cent,3. 10% - 19%.,1.0,0.0002,18,3. 10% - 19%.,1.0,0.0,18,3. 10% - 19%.,1.0,0.7503,West Australian Newspapers continues its efforts to reduce waste from printing and cut energy usage,1. I don't know.,0.0,0.0855
Southern Cross Austereo (aspecthuntley),AU,Goal 17. Strengthen the means of implementation and revitalize the Global Partnership for Sustainable Development,Does your organization have an active IFRS certification in sustainability?,1. I don't know. ||| 2. No. ||| 3. 1-3  year active certification. ||| 4. 4-6 year active certification. ||| 5. 7-9 year active certification. ||| 6. 10+ year active certification.,S004,Q005,Information Media And Telecommunications,i) Compliance with IFRS Compliance with Australian Accounting Standards ensures that  the financial statements and notes of the Group comply with  International Financial Reporting Standards (‘IFRS’) as issued by the  International Accounting Standards Board (‘IASB’).,https://www.aspecthuntley.com.au/asxdata/20241024/pdf/02870679.pdf,59,PDF,2024.0,2025-04-23T05:17:22.695261,3,the financial statements and notes of the Group comply with International Financial Reporting Standards Australian Accounting Standards,2. No.,1.0,0.0612,Compliance with IFRS Compliance with Australian Accounting Standards Australian Accounting Standards,3. 1-3 year active certification.,1.0,0.1682,Compliance with IFRS Compliance with Australian Accounting Standards Compliance with IFRS Compliance with Australian Accounting Standards,3. 1-3 year active certification.,1.0,0.2367,Compliance with IFRS Australian Accounting Standards,3. 1-3 year active certification.,1.0,0.0943
Southern Cross Austereo (aspecthuntley),AU,Goal 5. Achieve gender equality and empower all women and girls,"In your organization, what is the percentage of women in managerial positions?",1. I don't know. ||| 2. < 10%. ||| 3. 10% - 19%. ||| 4. 20% - 29%. ||| 5. 30% - 39%. ||| 6. > 39%.,S001,Q001,Information Media And Telecommunications,"Annual Report 2 ‘40:40:20’ refers to a diversity of gender ratio in workplace leadership: 40 percent  women, 40 percent men and 20 percent any gender.",https://www.aspecthuntley.com.au/asxdata/20241024/pdf/02870679.pdf,19,PDF,2024.0,2025-04-23T05:17:22.695261,6,40,6. > 39%.,1.0,0.456,40 percent,6. > 39%.,1.0,0.4318,40 percent,6. > 39%.,1.0,0.5046,40 percent,6. > 39%.,1.0,0.534
Suez Australia (Suez),AU,Goal 12. Ensure sustainable consumption and production patterns,"In your organization, what is the recycling rate (measured by sum of recyclables + organics divided by total garbage, as the percentage of of all waste that is recycled? ",1. I don't know. ||| 2. < 10%. ||| 3. 10% - 19%. ||| 4. 20% - 29%. ||| 5. 30% - 39%. ||| 6. > 39%.,S003,Q003,Electricity Gas Water And Waste Services,secondary raw materials  produced and materials prepared  for further recovery) divided by  total inputs) (%) •	 89.2% Waste  treatment,https://www.suez.com/-/media/suez-global/files/publication-docs/pdf-english/suez-green-bond-report-2023-en.pdf,9,PDF,2023.0,2025-04-23T05:07:30.062947,6,89.2%,6. > 39%.,1.0,0.8872,89.2%,6. > 39%.,1.0,0.3482,89.2%,6. > 39%.,1.0,0.6246,89.2%,6. > 39%.,1.0,0.1392
Suez Australia (Suez),AU,"Goal 7. Ensure access to affordable, reliable, sustainable and modern energy for all","In your organization, what percentage of annual energy usage is derived from renewable energy (clean fuels and technology)?",1. I don't know. ||| 2. < 10%. ||| 3. 10% - 19%. ||| 4. 20% - 29%. ||| 5. 30% - 39%. ||| 6. > 39%.,S002,Q002,Electricity Gas Water And Waste Services,"Our key commitments: •	 By 2030, 70% of the electricity that we use worldwide will  be renewable, increasing to 100% in Europe; •	 As of 2023 in Europe and throughout the duration of  the plan, we will be electricity self-sufficient: we will  produce more electricity than we consume; •	 We will lower 39% of our greenhouse gas emissions  from our Water activities by 2030; •	 We will decrease 26% of our greenhouse gas emissions  from our Waste3 activities by 2030 and invest 40",https://www.suez.com/-/media/suez-global/files/publication-docs/pdf-english/suez-green-bond-report-2023-en.pdf,5,PDF,2023.0,2025-04-23T05:07:30.062947,1,70%,6. > 39%.,1.0,0.7359,70%,6. > 39%.,1.0,0.3708,70%,6. > 39%.,1.0,0.2139,70%,6. > 39%.,1.0,0.454
TFS Australia,AU,"Goal 7. Ensure access to affordable, reliable, sustainable and modern energy for all","In your organization, what percentage of annual energy usage is derived from renewable energy (clean fuels and technology)?",1. I don't know. ||| 2. < 10%. ||| 3. 10% - 19%. ||| 4. 20% - 29%. ||| 5. 30% - 39%. ||| 6. > 39%.,S002,Q002,Manufacturing,Throughout the year of 2021 TFS successfully reduced it’s total energy intensity by 28.9%.,https://www.tfsaustralia.com.au/sustainability  ,1,HTML,,2025-04-28T23:22:13.596380,1,28.9%,4. 20% - 29%.,1.0,0.7985,28.9%,4. 20% - 29%.,1.0,0.0003,28.9%,4. 20% - 29%.,1.0,0.7641,28.9%.,4. 20% - 29%.,1.0,0.1491
Telstra,AU,Goal 12. Ensure sustainable consumption and production patterns,"In your organization, what is the recycling rate (measured by sum of recyclables + organics divided by total garbage, as the percentage of of all waste that is recycled? ",1. I don't know. ||| 2. < 10%. ||| 3. 10% - 19%. ||| 4. 20% - 29%. ||| 5. 30% - 39%. ||| 6. > 39%.,S003,Q003,Information Media And Telecommunications,"FY24: 95% Network waste recycled Total network waste 24,977 tonnes: >   Total diverted to recyclers:      23,617 tonnes (95%) >   Total landfill:  1,361 tonnes (5%)",https://infraco.telstra.com.au/content/dam/tcom/about-us/community-environment/pdf/2024-Telstra-Bigger-Picture-Sustainability-Report-Remediated.pdf,46,PDF,2024.0,2025-04-23T05:16:05.627291,6,95%,6. > 39%.,1.0,0.3638,95%,6. > 39%.,1.0,0.1669,95%,6. > 39%.,1.0,0.1263,(95%),6. > 39%.,1.0,0.091
Telstra,AU,Goal 17. Strengthen the means of implementation and revitalize the Global Partnership for Sustainable Development,Does your organization have an active IFRS certification in sustainability?,1. I don't know. ||| 2. No. ||| 3. 1-3  year active certification. ||| 4. 4-6 year active certification. ||| 5. 7-9 year active certification. ||| 6. 10+ year active certification.,S004,Q005,Information Media And Telecommunications,Commitment to transparency    This year the climate-related disclosures in our  Annual Report have been guided by the International  Sustainability Standards Board (ISSB)’s climate  disclosure standard (International Financial Reporting  Standard (IFRS) S2).,https://infraco.telstra.com.au/content/dam/tcom/about-us/community-environment/pdf/2024-Telstra-Bigger-Picture-Sustainability-Report-Remediated.pdf,5,PDF,2024.0,2025-04-23T05:16:05.627291,3,International Financial Reporting Standard (IFRS) S2) S2,3. 1-3 year active certification.,1.0,0.0232,S2 This year,1. I don't know.,0.0,0.0122,Commitment to transparency This year,1. I don't know.,0.0,0.2765,International Financial Reporting Standard (IFRS) S2). This,3. 1-3 year active certification.,1.0,0.0066
Telstra,AU,Goal 17. Strengthen the means of implementation and revitalize the Global Partnership for Sustainable Development,Is your organisation certified with UN Compact?,"1. I don't know. ||| 2. No. ||| 3. No, but it is in planning for this year. ||| 4. No, but certification is in progress. ||| 5. Yes, certified, active this year. ||| 6. Yes, certified , active this year, and have renewed certification once or more times",S004,Q004,Information Media And Telecommunications,Telstra Corporation Australia joined un compact on 7-Dec-11,https://unglobalcompact.org/what-is-gc/participants/15738-Telstra-Corporation,1,,,,6,Telstra Corporation Australia joined un compact on 7-Dec-11 11,"6. Yes, certified , active this year, and have renewed certification once or more.",1.0,0.1619,Telstra Corporation Australia joined un compact Telstra Corporation Australia joined un compact on 7-Dec-11,"6. Yes, certified , active this year, and have renewed certification once or more.",1.0,0.2741,Telstra Corporation Australia joined un compact on 7-Dec-11 Telstra Corporation Australia joined un compact on 7-Dec-11,"6. Yes, certified , active this year, and have renewed certification once or more.",1.0,0.3503,Telstra Corporation Australia joined un compact 7-Dec-11,"6. Yes, certified , active this year, and have renewed certification once or more.",1.0,0.1536
Telstra,AU,Goal 5. Achieve gender equality and empower all women and girls,"In your organization, what is the percentage of women in managerial positions?",1. I don't know. ||| 2. < 10%. ||| 3. 10% - 19%. ||| 4. 20% - 29%. ||| 5. 30% - 39%. ||| 6. > 39%.,S001,Q001,Information Media And Telecommunications,"By signing up to this alongside  other ASX300 organisations, we’re seeking to achieve  gender balance in executive leadership, by reaching   40 per cent female representation, 40 per cent male,  and 20 per cent identifying as any gender, by 2030.",https://infraco.telstra.com.au/content/dam/tcom/about-us/community-environment/pdf/2024-Telstra-Bigger-Picture-Sustainability-Report-Remediated.pdf,19,PDF,2024.0,2025-04-23T05:16:05.627291,1,40 per cent,6. > 39%.,1.0,0.4462,40 per cent,6. > 39%.,1.0,0.3862,40,6. > 39%.,1.0,0.7816,40,6. > 39%.,1.0,0.4557
Telstra,AU,"Goal 7. Ensure access to affordable, reliable, sustainable and modern energy for all","In your organization, what percentage of annual energy usage is derived from renewable energy (clean fuels and technology)?",1. I don't know. ||| 2. < 10%. ||| 3. 10% - 19%. ||| 4. 20% - 29%. ||| 5. 30% - 39%. ||| 6. > 39%.,S002,Q002,Information Media And Telecommunications,Enable renewable energy generation  equivalent to 100% of our consumption  by 2025     Achieved renewable energy generation of 27%  of our consumption.,https://infraco.telstra.com.au/content/dam/tcom/about-us/community-environment/pdf/2024-Telstra-Bigger-Picture-Sustainability-Report-Remediated.pdf,35,PDF,2024.0,2025-04-23T05:16:05.627291,4,27%,4. 20% - 29%.,1.0,0.9514,27%,4. 20% - 29%.,1.0,0.6846,27%,4. 20% - 29%.,1.0,0.6338,27%,4. 20% - 29%.,1.0,0.5544
The Environmental Group Ltd (environmental),AU,Goal 12. Ensure sustainable consumption and production patterns,"In your organization, what is the recycling rate (measured by sum of recyclables + organics divided by total garbage, as the percentage of of all waste that is recycled? ",1. I don't know. ||| 2. < 10%. ||| 3. 10% - 19%. ||| 4. 20% - 29%. ||| 5. 30% - 39%. ||| 6. > 39%.,S003,Q003,Electricity Gas Water And Waste Services,"Our recent advancements include the  implementation of state-of-the-art technologies for  the extraction of harmful substances like PFAS from  water, and the installation of sophisticated waste  processing facilities designed to achieve up to 99%  landfill diversion.",https://environmental.com.au/wp-content/uploads/2024/08/2763730.pdf,11,PDF,2024.0,2025-04-23T05:07:19.268569,1,99%,6. > 39%.,1.0,0.0222,99%,6. > 39%.,1.0,0.1528,99%,6. > 39%.,1.0,0.3591,99%,6. > 39%.,1.0,0.0192
The Environmental Group Ltd (environmental),AU,Goal 5. Achieve gender equality and empower all women and girls,"In your organization, what is the percentage of women in managerial positions?",1. I don't know. ||| 2. < 10%. ||| 3. 10% - 19%. ||| 4. 20% - 29%. ||| 5. 30% - 39%. ||| 6. > 39%.,S001,Q001,Electricity Gas Water And Waste Services,Non-Executive Directors: Ms Lynn Richardson 100%  100%  - - - - Mr Adrian Siah  100%  100%  - - - - Mr Graeme Nayler  100%  100%  - - - - Mr Vincent D’Rozario  100%  100%  - - - - Mr Michael Constable 100%  - - - - - Other Key Management Personnel: Mr Jason Dixon 88%  86%  - - 12%  14%  Mr Andrew Bush 87%  74%  - - 13%  26%  Mr Paul Gaskett 93%  83%  - - 7%  17%  Ms Brenda Broughouts 97%  90%  - - 3%  10%  The proportion of remuneration linked to performance and the fixed proportion are as follows: Annual Report 2024,https://environmental.com.au/wp-content/uploads/2024/08/2763730.pdf,47,PDF,2024.0,2025-04-23T05:07:19.268569,1,Ms Lynn Richardson 100% 100%,6. > 39%.,1.0,0.2053,Ms Brenda Broughouts 97% 90% - - 3% 10%,3. 10% - 19%.,1.0,0.1379,83%,6. > 39%.,1.0,0.0286,97% 90% - - 3% 10%,3. 10% - 19%.,1.0,0.1453
Veolia Australia and New Zealand (veolia),AU,Goal 12. Ensure sustainable consumption and production patterns,"In your organization, what is the recycling rate (measured by sum of recyclables + organics divided by total garbage, as the percentage of of all waste that is recycled? ",1. I don't know. ||| 2. < 10%. ||| 3. 10% - 19%. ||| 4. 20% - 29%. ||| 5. 30% - 39%. ||| 6. > 39%.,S003,Q003,Electricity Gas Water And Waste Services | Manufacturing | Mining,"44.5%   OF INVESTMENTS 14.4% IN THE  WATER BUSINESS 8.5% IN SOLID  WASTE (separate  collection,   material sorting  and recycling) 8.1%   IN HAZARDOUS  WASTE 13.5% IN THE  ENERGY BUSINESS (phasing out carbon  in Europe, renewable  energies) THE 44.5% OF ALIGNED INVESTMENTS   FOR 2023",https://www.veolia.tw/sites/g/files/dvc4791/files/document/2024/08/veolia-2024-esg-report.pdf,13,PDF,2024.0,2025-04-23T06:22:02.491880,1,44.5% OF INVESTMENTS,6. > 39%.,1.0,0.0017,44.5% OF INVESTMENTS,6. > 39%.,1.0,0.1407,8.1%,2. < 10%.,1.0,0.1601,8.5%,2. < 10%.,1.0,0.0697
Veolia Australia and New Zealand (veolia),AU,Goal 17. Strengthen the means of implementation and revitalize the Global Partnership for Sustainable Development,Is your organisation certified with UN Compact?,"1. I don't know. ||| 2. No. ||| 3. No, but it is in planning for this year. ||| 4. No, but certification is in progress. ||| 5. Yes, certified, active this year. ||| 6. Yes, certified , active this year, and have renewed certification once or more times",S004,Q004,Electricity Gas Water And Waste Services | Manufacturing | Mining,Commitment to  the UN’s(1) 2030,https://www.veolia.tw/sites/g/files/dvc4791/files/document/2024/08/veolia-2024-esg-report.pdf,17,PDF,2024.0,2025-04-23T06:22:02.491880,1,Commitment 2030,"4. No, but certification is in progress.",1.0,0.5185,Commitment 2030,"4. No, but certification is in progress.",1.0,0.3424,Commitment to the UN’s(1) 2030 2030,"4. No, but certification is in progress.",1.0,0.7217,Commitment to the UN’s 2030,"4. No, but certification is in progress.",1.0,0.0538
Veolia Australia and New Zealand (veolia),AU,Goal 5. Achieve gender equality and empower all women and girls,"In your organization, what is the percentage of women in managerial positions?",1. I don't know. ||| 2. < 10%. ||| 3. 10% - 19%. ||| 4. 20% - 29%. ||| 5. 30% - 39%. ||| 6. > 39%.,S001,Q001,Electricity Gas Water And Waste Services | Manufacturing | Mining,Engagement through the years Female representation rate Female representation rate   – management Female representation rate  in external recruitment   for permanent management  employees Female representation  rate – senior executives  (Executive Resourcers) DIVERSITY WITHIN THE GROUP  CHANGES IN THE GROUP’S FEMALE REPRESENTATION RATE   84% 87% 87% 89% 2019 2020 2021 2022 89% 2023   30.9% 33.0% 35.0% 36.6% 2020 2021 2022 2023   28.3% 29.0% 30.0% 31.0% 2020 2021 2022 2023   21.4% 21.7% 22.3% 22.4% 2020 2021 2022 2023   21.0% 22.2% 25.2% 26.7% 2020 2021 2022 2023 42 — 2024,https://www.veolia.tw/sites/g/files/dvc4791/files/document/2024/08/veolia-2024-esg-report.pdf,23,PDF,2024.0,2025-04-23T06:22:02.491880,5,84% 87% 87% 89%,6. > 39%.,1.0,0.6888,84% 87% 87% 89%,6. > 39%.,1.0,0.0451,Female representation rate Female representation rate,1. I don't know.,0.0,0.1012,84% 87% 87% 89%,6. > 39%.,1.0,0.0141
Veolia Australia and New Zealand (veolia),AU,"Goal 7. Ensure access to affordable, reliable, sustainable and modern energy for all","In your organization, what percentage of annual energy usage is derived from renewable energy (clean fuels and technology)?",1. I don't know. ||| 2. < 10%. ||| 3. 10% - 19%. ||| 4. 20% - 29%. ||| 5. 30% - 39%. ||| 6. > 39%.,S002,Q002,Electricity Gas Water And Waste Services | Manufacturing | Mining,"44.5%   OF INVESTMENTS 14.4% IN THE  WATER BUSINESS 8.5% IN SOLID  WASTE (separate  collection,   material sorting  and recycling) 8.1%   IN HAZARDOUS  WASTE 13.5% IN THE  ENERGY BUSINESS (phasing out carbon  in Europe, renewable  energies) THE 44.5% OF ALIGNED INVESTMENTS   FOR 2023",https://www.veolia.tw/sites/g/files/dvc4791/files/document/2024/08/veolia-2024-esg-report.pdf,13,PDF,2024.0,2025-04-23T06:22:02.491880,1,13.5%,3. 10% - 19%.,1.0,0.9218,13.5%,3. 10% - 19%.,1.0,0.1718,44.5%,6. > 39%.,1.0,0.1618,13.5%,3. 10% - 19%.,1.0,0.2196
Visy Industries (Visy),AU,Goal 12. Ensure sustainable consumption and production patterns,"In your organization, what is the recycling rate (measured by sum of recyclables + organics divided by total garbage, as the percentage of of all waste that is recycled? ",1. I don't know. ||| 2. < 10%. ||| 3. 10% - 19%. ||| 4. 20% - 29%. ||| 5. 30% - 39%. ||| 6. > 39%.,S003,Q003,Manufacturing,"MARCH 2022 Page 5 Progress against APCO target 2: 70% of plastic packaging being recycled or composted To support and increase the proportion of plastic packaging that is recycled, Visy works across all parts of the plastic packaging value chain.",https://www.visy.com/sites/default/files/2023-07/helping-you-achieve-your-sustainability-targets-17032022.pdf?,5,PDF,2023.0,2025-04-23T05:02:19.312525,1,70%,6. > 39%.,1.0,0.0002,70%,6. > 39%.,1.0,0.5111,2: 70%,6. > 39%.,1.0,0.9437,70%,6. > 39%.,1.0,0.0006
Visy Industries (Visy),AU,Goal 17. Strengthen the means of implementation and revitalize the Global Partnership for Sustainable Development,Is your organisation certified with UN Compact?,"1. I don't know. ||| 2. No. ||| 3. No, but it is in planning for this year. ||| 4. No, but certification is in progress. ||| 5. Yes, certified, active this year. ||| 6. Yes, certified , active this year, and have renewed certification once or more times",S004,Q004,Manufacturing,Visy Australia joined un compact on 27-Aug-14,https://unglobalcompact.org/what-is-gc/participants/41381-Visy,1,,,,6,Visy Australia joined un compact on 27-Aug-14 27-Aug-14,"6. Yes, certified , active this year, and have renewed certification once or more.",1.0,0.1086,Visy Australia joined un compact Visy Australia,1. I don't know.,0.0,0.3142,Visy Australia Visy Australia,1. I don't know.,0.0,0.3494,Visy Australia joined un compact on 27-Aug-14,"6. Yes, certified , active this year, and have renewed certification once or more.",1.0,0.2059
Visy Industries (Visy),AU,"Goal 7. Ensure access to affordable, reliable, sustainable and modern energy for all","In your organization, what percentage of annual energy usage is derived from renewable energy (clean fuels and technology)?",1. I don't know. ||| 2. < 10%. ||| 3. 10% - 19%. ||| 4. 20% - 29%. ||| 5. 30% - 39%. ||| 6. > 39%.,S002,Q002,Manufacturing,Kerbside recyclable supporting the  circular economy    Can be made from at least 60%  recycled content   Uses sustainably sourced fibre  (FSC certified/recycled)   Made using recycled paper predominantly  sourced from kerbside collections enabling  the full closed loop   Locally manufactured board using locally  made paper reducing transport greenhouse  gas emissions when compared to imported  products   Saves 3.3 tonnes of greenhouse gas  emissions for every tonne of fibre  packaging diverted from landfill2   Helps achieve APCO targets 2 When compared to non-recyclable wet strength paper sent  to landfill.,https://www.visy.com/sites/default/files/2023-07/helping-you-achieve-your-sustainability-targets-17032022.pdf?,4,PDF,2023.0,2025-04-23T05:02:19.312525,1,60%,6. > 39%.,1.0,0.0001,60% recycled content,6. > 39%.,1.0,0.0,60%,6. > 39%.,1.0,0.7851,e supporting the circular economy Can be made from at least 60,6. > 39%.,1.0,0.0034
Western Treatment Plant (Melbourne Water),AU,Goal 12. Ensure sustainable consumption and production patterns,"In your organization, what is the recycling rate (measured by sum of recyclables + organics divided by total garbage, as the percentage of of all waste that is recycled? ",1. I don't know. ||| 2. < 10%. ||| 3. 10% - 19%. ||| 4. 20% - 29%. ||| 5. 30% - 39%. ||| 6. > 39%.,S003,Q003,Electricity Gas Water And Waste Services,Recycling rate  49.5 38.00,https://www.melbournewater.com.au/media/25756/download,197,PDF,,2025-04-23T05:07:25.850326,6,49.5 38.00,5. 30% - 39%.,1.0,0.5684,49.5 38.00,5. 30% - 39%.,1.0,0.52,49.5 38.00,5. 30% - 39%.,1.0,0.9083,49.5,6. > 39%.,1.0,0.4538
Western Treatment Plant (Melbourne Water),AU,Goal 17. Strengthen the means of implementation and revitalize the Global Partnership for Sustainable Development,Is your organisation certified with UN Compact?,"1. I don't know. ||| 2. No. ||| 3. No, but it is in planning for this year. ||| 4. No, but certification is in progress. ||| 5. Yes, certified, active this year. ||| 6. Yes, certified , active this year, and have renewed certification once or more times",S004,Q004,Electricity Gas Water And Waste Services,Melbourne Water Australia joined un compact on 3-Jun-16,https://unglobalcompact.org/what-is-gc/participants/86471-Melbourne-Water,1,,,,6,Melbourne Water Australia joined un compact on 3-Jun-16 16,"6. Yes, certified , active this year, and have renewed certification once or more.",1.0,0.4826,Melbourne Water Australia joined un compact Melbourne Water Australia,1. I don't know.,0.0,0.2788,Melbourne Water Australia joined un compact on 3-Jun-16 Melbourne Water Australia joined un compact on 3-Jun-16,"6. Yes, certified , active this year, and have renewed certification once or more.",1.0,0.3511,Melbourne Water Australia joined un compact 3-Jun-16,"6. Yes, certified , active this year, and have renewed certification once or more.",1.0,0.1901
Western Treatment Plant (Melbourne Water),AU,Goal 5. Achieve gender equality and empower all women and girls,"In your organization, what is the percentage of women in managerial positions?",1. I don't know. ||| 2. < 10%. ||| 3. 10% - 19%. ||| 4. 20% - 29%. ||| 5. 30% - 39%. ||| 6. > 39%.,S001,Q001,Electricity Gas Water And Waste Services,•	 Females now represent 41.5 per cent of our Senior Leadership  Group roles.,https://www.melbournewater.com.au/media/25756/download,67,PDF,,2025-04-23T05:07:25.850326,6,41.5,6. > 39%.,1.0,0.6473,41.5 per cent,6. > 39%.,1.0,0.4982,41.5,6. > 39%.,1.0,0.6891,41.5,6. > 39%.,1.0,0.2569
Western Treatment Plant (Melbourne Water),AU,"Goal 7. Ensure access to affordable, reliable, sustainable and modern energy for all","In your organization, what percentage of annual energy usage is derived from renewable energy (clean fuels and technology)?",1. I don't know. ||| 2. < 10%. ||| 3. 10% - 19%. ||| 4. 20% - 29%. ||| 5. 30% - 39%. ||| 6. > 39%.,S002,Q002,Electricity Gas Water And Waste Services,"Total renewable  electricity consumption 15.8% 54,071 59,814",https://www.melbournewater.com.au/media/25756/download,50,PDF,,2025-04-23T05:07:25.850326,3,15.8%,3. 10% - 19%.,1.0,0.9868,15.8%,3. 10% - 19%.,1.0,0.8099,15.8%,3. 10% - 19%.,1.0,0.9087,15.8%,3. 10% - 19%.,1.0,0.5074
Yarra Valley Water(yvw),AU,Goal 12. Ensure sustainable consumption and production patterns,"In your organization, what is the recycling rate (measured by sum of recyclables + organics divided by total garbage, as the percentage of of all waste that is recycled? ",1. I don't know. ||| 2. < 10%. ||| 3. 10% - 19%. ||| 4. 20% - 29%. ||| 5. 30% - 39%. ||| 6. > 39%.,S003,Q003,Electricity Gas Water And Waste Services,Recycling rate [(recycled + composted)/total waste] 38%,https://media-2.yvw.com.au/inline-files/Yarra%20Valley%20Water%20Annual%20Report%202023-24.pdf,105,PDF,2020.0,2025-04-29T00:11:54.401585,3,38%,5. 30% - 39%.,1.0,0.9874,38%,5. 30% - 39%.,1.0,0.8863,38%,5. 30% - 39%.,1.0,0.937,38%,5. 30% - 39%.,1.0,0.6411
Yarra Valley Water(yvw),AU,Goal 17. Strengthen the means of implementation and revitalize the Global Partnership for Sustainable Development,Is your organisation certified with UN Compact?,"1. I don't know. ||| 2. No. ||| 3. No, but it is in planning for this year. ||| 4. No, but certification is in progress. ||| 5. Yes, certified, active this year. ||| 6. Yes, certified , active this year, and have renewed certification once or more times",S004,Q004,Electricity Gas Water And Waste Services,Yarra Valley Water Australia joined un compact on 7-May-15,https://unglobalcompact.org/what-is-gc/participants/57451-Yarra-Valley-Water,1,PDF,2020.0,2025-04-29T00:11:54.401585,6,Yarra Valley Water Australia joined 7-May-15,"6. Yes, certified , active this year, and have renewed certification once or more.",1.0,0.1195,Yarra Valley Water Australia joined un compact Yarra Valley Water Australia,1. I don't know.,0.0,0.3872,Yarra Valley Water Australia joined un compact on 7-May-15 Yarra Valley Water Australia joined un compact on 7-May-15,"6. Yes, certified , active this year, and have renewed certification once or more.",1.0,0.3398,Yarra Valley Water Australia joined un compact on 7-May-15,"6. Yes, certified , active this year, and have renewed certification once or more.",1.0,0.1951
Yarra Valley Water(yvw),AU,Goal 5. Achieve gender equality and empower all women and girls,"In your organization, what is the percentage of women in managerial positions?",1. I don't know. ||| 2. < 10%. ||| 3. 10% - 19%. ||| 4. 20% - 29%. ||| 5. 30% - 39%. ||| 6. > 39%.,S001,Q001,Electricity Gas Water And Waste Services,35 2023-24 Highlights 48% of leadership positions are held  by women.,https://media-2.yvw.com.au/inline-files/Yarra%20Valley%20Water%20Annual%20Report%202023-24.pdf,35,PDF,2020.0,2025-04-29T00:11:54.401585,6,48%,6. > 39%.,1.0,0.9071,48%,6. > 39%.,1.0,0.9535,48%,6. > 39%.,1.0,0.8815,48%,6. > 39%.,1.0,0.124
Yarra Valley Water(yvw),AU,"Goal 7. Ensure access to affordable, reliable, sustainable and modern energy for all","In your organization, what percentage of annual energy usage is derived from renewable energy (clean fuels and technology)?",1. I don't know. ||| 2. < 10%. ||| 3. 10% - 19%. ||| 4. 20% - 29%. ||| 5. 30% - 39%. ||| 6. > 39%.,S002,Q002,Electricity Gas Water And Waste Services,"74% of our total energy use (88,637,522 MJ) is from renewable  sources with the balance from non-renewable sources.",https://media-2.yvw.com.au/inline-files/Yarra%20Valley%20Water%20Annual%20Report%202023-24.pdf,101,PDF,2020.0,2025-04-29T00:11:54.401585,6,74%,6. > 39%.,1.0,0.9712,74%,6. > 39%.,1.0,0.8561,74%,6. > 39%.,1.0,0.7913,74%,6. > 39%.,1.0,0.8838
