Organization,Division,Industry,Country,SDG_Goals,Year Range Start,URL,File Type,Flag,Last Scraped
Telstra,Division J,Information Media And Telecommunications,AU,"Goal 12. Ensure sustainable consumption and production patterns, Goal 17. Strengthen the means of implementation and revitalize the Global Partnership for Sustainable Development, Goal 5. Achieve gender equality and empower all women and girls, Goal 7. Ensure access to affordable, reliable, sustainable and modern energy for all",2024,https://www.telstra.com.au/content/dam/tcom/about-us/community-environment/pdf/2024-Telstra-Bigger-Picture-Sustainability-Report-Remediated.pdf,PDF,Trusted,2025-06-05 18:17:18
Telstra,Division J,Information Media And Telecommunications,AU,"Goal 12. Ensure sustainable consumption and production patterns, Goal 17. Strengthen the means of implementation and revitalize the Global Partnership for Sustainable Development, Goal 5. Achieve gender equality and empower all women and girls, Goal 7. Ensure access to affordable, reliable, sustainable and modern energy for all",2024,https://www.telstrainternational.com/content/dam/tcom/about-us/community-environment/pdf/2024-Telstra-Modern-Slavery-Act-Statement-Remediated.pdf,PDF,Trusted,2025-06-05 18:17:18
Telstra,Division J,Information Media And Telecommunications,AU,"Goal 12. Ensure sustainable consumption and production patterns, Goal 17. Strengthen the means of implementation and revitalize the Global Partnership for Sustainable Development, Goal 5. Achieve gender equality and empower all women and girls, Goal 7. Ensure access to affordable, reliable, sustainable and modern energy for all",2024,https://www.telstra.com.au/content/dam/tcom/about-us/investors/pdf-g/telstra-annual-report-2024-interactive.pdf,PDF,Trusted,2025-06-05 18:17:18
Telstra,Division J,Information Media And Telecommunications,AU,"Goal 12. Ensure sustainable consumption and production patterns, Goal 17. Strengthen the means of implementation and revitalize the Global Partnership for Sustainable Development, Goal 5. Achieve gender equality and empower all women and girls, Goal 7. Ensure access to affordable, reliable, sustainable and modern energy for all",2024,https://www.bhp.com/-/media/documents/investors/annual-reports/2024/240827_bhpannualreport2024.pdf,PDF,Third-party,2025-06-05 18:17:18
Telstra,Division J,Information Media And Telecommunications,AU,"Goal 12. Ensure sustainable consumption and production patterns, Goal 17. Strengthen the means of implementation and revitalize the Global Partnership for Sustainable Development, Goal 5. Achieve gender equality and empower all women and girls, Goal 7. Ensure access to affordable, reliable, sustainable and modern energy for all",2024,https://www.worley.com/-/media/files/worley/investors/results-and-presentations/2024/wor-annual-report-2024.pdf,PDF,Third-party,2025-06-05 18:17:18
Telstra,Division J,Information Media And Telecommunications,AU,"Goal 12. Ensure sustainable consumption and production patterns, Goal 17. Strengthen the means of implementation and revitalize the Global Partnership for Sustainable Development, Goal 5. Achieve gender equality and empower all women and girls, Goal 7. Ensure access to affordable, reliable, sustainable and modern energy for all",2024,https://www.fionawoodfoundation.org.au/fionawoodfoundation/media/documents/fwf-2024-annual-report.pdf,PDF,Third-party,2025-06-05 18:17:18
Telstra,Division J,Information Media And Telecommunications,AU,"Goal 12. Ensure sustainable consumption and production patterns, Goal 17. Strengthen the means of implementation and revitalize the Global Partnership for Sustainable Development, Goal 5. Achieve gender equality and empower all women and girls, Goal 7. Ensure access to affordable, reliable, sustainable and modern energy for all",2024,https://www.csl.com/-/media/shared/documents/annual-report/csl-annual-report-2024.pdf,PDF,Third-party,2025-06-05 18:17:18
Telstra,Division J,Information Media And Telecommunications,AU,"Goal 12. Ensure sustainable consumption and production patterns, Goal 17. Strengthen the means of implementation and revitalize the Global Partnership for Sustainable Development, Goal 5. Achieve gender equality and empower all women and girls, Goal 7. Ensure access to affordable, reliable, sustainable and modern energy for all",2024,https://www.brambles.com/Content/cms/FY24-Results/pdf/Brambles_2024_Annual_Report.pdf,PDF,Third-party,2025-06-05 18:17:18
Telstra,Division J,Information Media And Telecommunications,AU,"Goal 12. Ensure sustainable consumption and production patterns, Goal 17. Strengthen the means of implementation and revitalize the Global Partnership for Sustainable Development, Goal 5. Achieve gender equality and empower all women and girls, Goal 7. Ensure access to affordable, reliable, sustainable and modern energy for all",2024,https://www.infosys.com/sustainability/documents/infosys-esg-report-2023-24.pdf,PDF,Third-party,2025-06-05 18:17:18
Telstra,Division J,Information Media And Telecommunications,AU,"Goal 12. Ensure sustainable consumption and production patterns, Goal 17. Strengthen the means of implementation and revitalize the Global Partnership for Sustainable Development, Goal 5. Achieve gender equality and empower all women and girls, Goal 7. Ensure access to affordable, reliable, sustainable and modern energy for all",2024,https://www.spglobal.com/esg/scores/results?cid=4160289,HTML,Third-party,2025-06-05 18:17:18
Telstra,Division J,Information Media And Telecommunications,AU,"Goal 12. Ensure sustainable consumption and production patterns, Goal 17. Strengthen the means of implementation and revitalize the Global Partnership for Sustainable Development, Goal 5. Achieve gender equality and empower all women and girls, Goal 7. Ensure access to affordable, reliable, sustainable and modern energy for all",2024,https://www.telstra.com.au/sustainability/report,HTML,Trusted,2025-06-05 18:17:18
Telstra,Division J,Information Media And Telecommunications,AU,"Goal 12. Ensure sustainable consumption and production patterns, Goal 17. Strengthen the means of implementation and revitalize the Global Partnership for Sustainable Development, Goal 5. Achieve gender equality and empower all women and girls, Goal 7. Ensure access to affordable, reliable, sustainable and modern energy for all",2024,https://corporateregister.com/,HTML,Third-party,2025-06-05 18:17:18
Telstra,Division J,Information Media And Telecommunications,AU,"Goal 12. Ensure sustainable consumption and production patterns, Goal 17. Strengthen the means of implementation and revitalize the Global Partnership for Sustainable Development, Goal 5. Achieve gender equality and empower all women and girls, Goal 7. Ensure access to affordable, reliable, sustainable and modern energy for all",2024,https://www.telstra.com.au/aboutus/investors/reports,HTML,Trusted,2025-06-05 18:17:18
Telstra,Division J,Information Media And Telecommunications,AU,"Goal 12. Ensure sustainable consumption and production patterns, Goal 17. Strengthen the means of implementation and revitalize the Global Partnership for Sustainable Development, Goal 5. Achieve gender equality and empower all women and girls, Goal 7. Ensure access to affordable, reliable, sustainable and modern energy for all",2024,https://www.ericsson.com/en/blog/oceania/2025/powering-australias-digital-future-with-6ghz-for-mobile,HTML,Third-party,2025-06-05 18:17:18
Optus,Division J,Information Media And Telecommunications,AU,"Goal 12. Ensure sustainable consumption and production patterns, Goal 17. Strengthen the means of implementation and revitalize the Global Partnership for Sustainable Development, Goal 5. Achieve gender equality and empower all women and girls, Goal 7. Ensure access to affordable, reliable, sustainable and modern energy for all",2024,https://www.optus.com.au/content/dam/optus/documents/about-us/sustainability/reporting/2024/Optus-Sustainability-Report-FY2024-Final2.pdf,PDF,Trusted,2025-06-05 18:17:18
Optus,Division J,Information Media And Telecommunications,AU,"Goal 12. Ensure sustainable consumption and production patterns, Goal 17. Strengthen the means of implementation and revitalize the Global Partnership for Sustainable Development, Goal 5. Achieve gender equality and empower all women and girls, Goal 7. Ensure access to affordable, reliable, sustainable and modern energy for all",2024,https://media.aws.singtel.com/info-singtel/sr2024/Singtel-Group-Sustainability-Report-2024.pdf,PDF,Third-party,2025-06-05 18:17:18
Optus,Division J,Information Media And Telecommunications,AU,"Goal 12. Ensure sustainable consumption and production patterns, Goal 17. Strengthen the means of implementation and revitalize the Global Partnership for Sustainable Development, Goal 5. Achieve gender equality and empower all women and girls, Goal 7. Ensure access to affordable, reliable, sustainable and modern energy for all",2024,https://www.optus.com.au/content/dam/optus/documents/about-us/media-centre/annual-reports/2024/Singtel_Annual_Report_2024.pdf,PDF,Trusted,2025-06-05 18:17:18
Optus,Division J,Information Media And Telecommunications,AU,"Goal 12. Ensure sustainable consumption and production patterns, Goal 17. Strengthen the means of implementation and revitalize the Global Partnership for Sustainable Development, Goal 5. Achieve gender equality and empower all women and girls, Goal 7. Ensure access to affordable, reliable, sustainable and modern energy for all",2024,https://www.bnymellon.com/content/dam/bnymellon/documents/pdf/2023-sustainability-report.pdf,PDF,Third-party,2025-06-05 18:17:18
Optus,Division J,Information Media And Telecommunications,AU,"Goal 12. Ensure sustainable consumption and production patterns, Goal 17. Strengthen the means of implementation and revitalize the Global Partnership for Sustainable Development, Goal 5. Achieve gender equality and empower all women and girls, Goal 7. Ensure access to affordable, reliable, sustainable and modern energy for all",2024,https://www.airbus.com/sites/g/files/jlcbta136/files/2025-04/Airbus%20Annual%20Report%202024.pdf,PDF,Third-party,2025-06-05 18:17:18
Optus,Division J,Information Media And Telecommunications,AU,"Goal 12. Ensure sustainable consumption and production patterns, Goal 17. Strengthen the means of implementation and revitalize the Global Partnership for Sustainable Development, Goal 5. Achieve gender equality and empower all women and girls, Goal 7. Ensure access to affordable, reliable, sustainable and modern energy for all",2024,https://cdn.aws.singtel.com/sustainabilityreport/2024/download/00-message-from-chairman-and-Group-CEO/Singtel-Group-SR2024-About-this-Report.pdf,PDF,Third-party,2025-06-05 18:17:18
Optus,Division J,Information Media And Telecommunications,AU,"Goal 12. Ensure sustainable consumption and production patterns, Goal 17. Strengthen the means of implementation and revitalize the Global Partnership for Sustainable Development, Goal 5. Achieve gender equality and empower all women and girls, Goal 7. Ensure access to affordable, reliable, sustainable and modern energy for all",2024,https://www.pathward.com/content/dam/pathward/us/en/documents/pdfs/2024-sustainability-report.pdf,PDF,Third-party,2025-06-05 18:17:18
Optus,Division J,Information Media And Telecommunications,AU,"Goal 12. Ensure sustainable consumption and production patterns, Goal 17. Strengthen the means of implementation and revitalize the Global Partnership for Sustainable Development, Goal 5. Achieve gender equality and empower all women and girls, Goal 7. Ensure access to affordable, reliable, sustainable and modern energy for all",2024,https://www.esafety.gov.au/sites/default/files/2024-10/ACMA-eSafety-annual-report-2023-24.pdf?v=1741219200022,PDF,Third-party,2025-06-05 18:17:18
Optus,Division J,Information Media And Telecommunications,AU,"Goal 12. Ensure sustainable consumption and production patterns, Goal 17. Strengthen the means of implementation and revitalize the Global Partnership for Sustainable Development, Goal 5. Achieve gender equality and empower all women and girls, Goal 7. Ensure access to affordable, reliable, sustainable and modern energy for all",2024,https://www.telstra.com.au/content/dam/tcom/about-us/investors/pdf-g/telstra-annual-report-2024.pdf,PDF,Third-party,2025-06-05 18:17:18
Optus,Division J,Information Media And Telecommunications,AU,"Goal 12. Ensure sustainable consumption and production patterns, Goal 17. Strengthen the means of implementation and revitalize the Global Partnership for Sustainable Development, Goal 5. Achieve gender equality and empower all women and girls, Goal 7. Ensure access to affordable, reliable, sustainable and modern energy for all",2024,https://newscorp.com/app/uploads/2024/10/News-Corp-2024-Annual-Report_Bookmarked_sm-updated.pdf,PDF,Third-party,2025-06-05 18:17:18
Optus,Division J,Information Media And Telecommunications,AU,"Goal 12. Ensure sustainable consumption and production patterns, Goal 17. Strengthen the means of implementation and revitalize the Global Partnership for Sustainable Development, Goal 5. Achieve gender equality and empower all women and girls, Goal 7. Ensure access to affordable, reliable, sustainable and modern energy for all",2024,https://corporateregister.com/,HTML,Third-party,2025-06-05 18:17:18
Optus,Division J,Information Media And Telecommunications,AU,"Goal 12. Ensure sustainable consumption and production patterns, Goal 17. Strengthen the means of implementation and revitalize the Global Partnership for Sustainable Development, Goal 5. Achieve gender equality and empower all women and girls, Goal 7. Ensure access to affordable, reliable, sustainable and modern energy for all",2024,https://www.optus.com.au/about/sustainability/reporting,HTML,Trusted,2025-06-05 18:17:18
Optus,Division J,Information Media And Telecommunications,AU,"Goal 12. Ensure sustainable consumption and production patterns, Goal 17. Strengthen the means of implementation and revitalize the Global Partnership for Sustainable Development, Goal 5. Achieve gender equality and empower all women and girls, Goal 7. Ensure access to affordable, reliable, sustainable and modern energy for all",2024,https://www.singtel.com/about-us/sustainability/sustainability-reports,HTML,Third-party,2025-06-05 18:17:18
Optus,Division J,Information Media And Telecommunications,AU,"Goal 12. Ensure sustainable consumption and production patterns, Goal 17. Strengthen the means of implementation and revitalize the Global Partnership for Sustainable Development, Goal 5. Achieve gender equality and empower all women and girls, Goal 7. Ensure access to affordable, reliable, sustainable and modern energy for all",2024,https://www.accc.gov.au/about-us/news/speeches/acccs-compliance-and-enforcement-priorities-update-2025-26-address,HTML,Third-party,2025-06-05 18:17:18
Optus,Division J,Information Media And Telecommunications,AU,"Goal 12. Ensure sustainable consumption and production patterns, Goal 17. Strengthen the means of implementation and revitalize the Global Partnership for Sustainable Development, Goal 5. Achieve gender equality and empower all women and girls, Goal 7. Ensure access to affordable, reliable, sustainable and modern energy for all",2024,https://investor.aimsapacreit.com/ar.html,HTML,Third-party,2025-06-05 18:17:18
Optus,Division J,Information Media And Telecommunications,AU,"Goal 12. Ensure sustainable consumption and production patterns, Goal 17. Strengthen the means of implementation and revitalize the Global Partnership for Sustainable Development, Goal 5. Achieve gender equality and empower all women and girls, Goal 7. Ensure access to affordable, reliable, sustainable and modern energy for all",2024,https://www.fitchratings.com/research/corporate-finance/fitch-affirms-singapore-telecom-at-a-optus-at-a-withdraw-ratings-12-07-2024,HTML,Third-party,2025-06-05 18:17:18
SBS (Special Broadcasting Service),Division J,Information Media And Telecommunications,AU,"Goal 12. Ensure sustainable consumption and production patterns, Goal 17. Strengthen the means of implementation and revitalize the Global Partnership for Sustainable Development, Goal 5. Achieve gender equality and empower all women and girls, Goal 7. Ensure access to affordable, reliable, sustainable and modern energy for all",2024,https://www.sbs.com.au/aboutus/wp-content/uploads/2024/10/SBS_2024_Annual_Report_DIGITAL.pdf,PDF,Trusted,2025-06-05 18:17:18
SBS (Special Broadcasting Service),Division J,Information Media And Telecommunications,AU,"Goal 12. Ensure sustainable consumption and production patterns, Goal 17. Strengthen the means of implementation and revitalize the Global Partnership for Sustainable Development, Goal 5. Achieve gender equality and empower all women and girls, Goal 7. Ensure access to affordable, reliable, sustainable and modern energy for all",2024,https://mediafreedomcoalition.org/wp-content/uploads/2025/04/MFC-2024-Annual-Report-Final.pdf,PDF,Third-party,2025-06-05 18:17:18
SBS (Special Broadcasting Service),Division J,Information Media And Telecommunications,AU,"Goal 12. Ensure sustainable consumption and production patterns, Goal 17. Strengthen the means of implementation and revitalize the Global Partnership for Sustainable Development, Goal 5. Achieve gender equality and empower all women and girls, Goal 7. Ensure access to affordable, reliable, sustainable and modern energy for all",2024,https://evs.com/sites/default/files/2025-04/annual-report-2024.pdf,PDF,Third-party,2025-06-05 18:17:18
SBS (Special Broadcasting Service),Division J,Information Media And Telecommunications,AU,"Goal 12. Ensure sustainable consumption and production patterns, Goal 17. Strengthen the means of implementation and revitalize the Global Partnership for Sustainable Development, Goal 5. Achieve gender equality and empower all women and girls, Goal 7. Ensure access to affordable, reliable, sustainable and modern energy for all",2024,https://previewapi.transparency.gov.au/delivery/assets/80a82ed1-3e33-027b-b7e0-6493f97f18f8/7dab5108-2bba-48d8-86fa-3c27960877e3/2024-25%20Special%20Broadcasting%20Service%20Corporation%20Corporate%20Plan.pdf,PDF,Third-party,2025-06-05 18:17:18
SBS (Special Broadcasting Service),Division J,Information Media And Telecommunications,AU,"Goal 12. Ensure sustainable consumption and production patterns, Goal 17. Strengthen the means of implementation and revitalize the Global Partnership for Sustainable Development, Goal 5. Achieve gender equality and empower all women and girls, Goal 7. Ensure access to affordable, reliable, sustainable and modern energy for all",2024,https://www.sallybeautyholdings.com/~/media/Files/S/Sally-Beauty/annual-report/2024-annual-report.pdf,PDF,Third-party,2025-06-05 18:17:18
SBS (Special Broadcasting Service),Division J,Information Media And Telecommunications,AU,"Goal 12. Ensure sustainable consumption and production patterns, Goal 17. Strengthen the means of implementation and revitalize the Global Partnership for Sustainable Development, Goal 5. Achieve gender equality and empower all women and girls, Goal 7. Ensure access to affordable, reliable, sustainable and modern energy for all",2024,https://www.sbstransit.com.sg/Uploads/Investor_Relations/Annual_Report/2025/SBS%20Transit%20-%20FY2024%20-%20Annual%20Report%202024%20(SGX-ST).pdf,PDF,Trusted,2025-06-05 18:17:18
SBS (Special Broadcasting Service),Division J,Information Media And Telecommunications,AU,"Goal 12. Ensure sustainable consumption and production patterns, Goal 17. Strengthen the means of implementation and revitalize the Global Partnership for Sustainable Development, Goal 5. Achieve gender equality and empower all women and girls, Goal 7. Ensure access to affordable, reliable, sustainable and modern energy for all",2024,https://www.ctfs.com.hk/storage/FinancialReports/financial_reports_1730956966Annual%20Report%202024.pdf.pdf,PDF,Third-party,2025-06-05 18:17:18
SBS (Special Broadcasting Service),Division J,Information Media And Telecommunications,AU,"Goal 12. Ensure sustainable consumption and production patterns, Goal 17. Strengthen the means of implementation and revitalize the Global Partnership for Sustainable Development, Goal 5. Achieve gender equality and empower all women and girls, Goal 7. Ensure access to affordable, reliable, sustainable and modern energy for all",2024,https://www.ofx.com/wp-content/uploads/2024/05/FY24-OFX-Group-Annual-Report.pdf,PDF,Third-party,2025-06-05 18:17:18
SBS (Special Broadcasting Service),Division J,Information Media And Telecommunications,AU,"Goal 12. Ensure sustainable consumption and production patterns, Goal 17. Strengthen the means of implementation and revitalize the Global Partnership for Sustainable Development, Goal 5. Achieve gender equality and empower all women and girls, Goal 7. Ensure access to affordable, reliable, sustainable and modern energy for all",2024,https://www.chinamobileltd.com/en/ir/reports/ar2024.pdf,PDF,Third-party,2025-06-05 18:17:18
SBS (Special Broadcasting Service),Division J,Information Media And Telecommunications,AU,"Goal 12. Ensure sustainable consumption and production patterns, Goal 17. Strengthen the means of implementation and revitalize the Global Partnership for Sustainable Development, Goal 5. Achieve gender equality and empower all women and girls, Goal 7. Ensure access to affordable, reliable, sustainable and modern energy for all",2024,https://www.arcelikglobal.com/media/bovh23pl/arcelik_2024-eng.pdf,PDF,Third-party,2025-06-05 18:17:18
SBS (Special Broadcasting Service),Division J,Information Media And Telecommunications,AU,"Goal 12. Ensure sustainable consumption and production patterns, Goal 17. Strengthen the means of implementation and revitalize the Global Partnership for Sustainable Development, Goal 5. Achieve gender equality and empower all women and girls, Goal 7. Ensure access to affordable, reliable, sustainable and modern energy for all",2024,https://radio.newyorkfestivals.com/winners/finalists/b0203a69-d665-4bad-8247-3df57533420c,HTML,Third-party,2025-06-05 18:17:18
SBS (Special Broadcasting Service),Division J,Information Media And Telecommunications,AU,"Goal 12. Ensure sustainable consumption and production patterns, Goal 17. Strengthen the means of implementation and revitalize the Global Partnership for Sustainable Development, Goal 5. Achieve gender equality and empower all women and girls, Goal 7. Ensure access to affordable, reliable, sustainable and modern energy for all",2024,https://www.linkedin.com/posts/special-broadcasting-service-sbs-australia_cfoawards2023-activity-7133269302304010240-1Sep,HTML,Third-party,2025-06-05 18:17:18
SBS (Special Broadcasting Service),Division J,Information Media And Telecommunications,AU,"Goal 12. Ensure sustainable consumption and production patterns, Goal 17. Strengthen the means of implementation and revitalize the Global Partnership for Sustainable Development, Goal 5. Achieve gender equality and empower all women and girls, Goal 7. Ensure access to affordable, reliable, sustainable and modern energy for all",2024,https://tvfilm.newyorkfestivals.com/winners/List/,HTML,Third-party,2025-06-05 18:17:18
SBS (Special Broadcasting Service),Division J,Information Media And Telecommunications,AU,"Goal 12. Ensure sustainable consumption and production patterns, Goal 17. Strengthen the means of implementation and revitalize the Global Partnership for Sustainable Development, Goal 5. Achieve gender equality and empower all women and girls, Goal 7. Ensure access to affordable, reliable, sustainable and modern energy for all",2024,https://www.transparency.gov.au/publications/communications-and-the-arts/special-broadcasting-service-corporation/special-broadcasting-service-corporation-annual-report-2023-24/great-business/-sbs-media-,HTML,Third-party,2025-06-05 18:17:18
SBS (Special Broadcasting Service),Division J,Information Media And Telecommunications,AU,"Goal 12. Ensure sustainable consumption and production patterns, Goal 17. Strengthen the means of implementation and revitalize the Global Partnership for Sustainable Development, Goal 5. Achieve gender equality and empower all women and girls, Goal 7. Ensure access to affordable, reliable, sustainable and modern energy for all",2024,https://www.anao.gov.au/work/performance-audit/governance-the-special-broadcasting-service-corporation,HTML,Third-party,2025-06-05 18:17:18
Australian Broadcasting Corporation (abc-cdn),Division J,Information Media And Telecommunications,AU,"Goal 12. Ensure sustainable consumption and production patterns, Goal 17. Strengthen the means of implementation and revitalize the Global Partnership for Sustainable Development, Goal 5. Achieve gender equality and empower all women and girls, Goal 7. Ensure access to affordable, reliable, sustainable and modern energy for all",2024,https://previewapi.transparency.gov.au/delivery/assets/80a82ed1-3e33-027b-b7e0-6493f97f18f8/d27da23a-0945-4932-b7e5-909b23ededb0/2024-25%20Australian%20Broadcasting%20Corporation%20Corporate%20Plan.pdf,PDF,Third-party,2025-06-05 18:17:18
Australian Broadcasting Corporation (abc-cdn),Division J,Information Media And Telecommunications,AU,"Goal 12. Ensure sustainable consumption and production patterns, Goal 17. Strengthen the means of implementation and revitalize the Global Partnership for Sustainable Development, Goal 5. Achieve gender equality and empower all women and girls, Goal 7. Ensure access to affordable, reliable, sustainable and modern energy for all",2024,https://abc.xyz/assets/77/51/9841ad5c4fbe85b4440c47a4df8d/goog-10-k-2024.pdf,PDF,Third-party,2025-06-05 18:17:18
Australian Broadcasting Corporation (abc-cdn),Division J,Information Media And Telecommunications,AU,"Goal 12. Ensure sustainable consumption and production patterns, Goal 17. Strengthen the means of implementation and revitalize the Global Partnership for Sustainable Development, Goal 5. Achieve gender equality and empower all women and girls, Goal 7. Ensure access to affordable, reliable, sustainable and modern energy for all",2024,https://mediafreedomcoalition.org/wp-content/uploads/2025/04/MFC-2024-Annual-Report-Final.pdf,PDF,Third-party,2025-06-05 18:17:18
Australian Broadcasting Corporation (abc-cdn),Division J,Information Media And Telecommunications,AU,"Goal 12. Ensure sustainable consumption and production patterns, Goal 17. Strengthen the means of implementation and revitalize the Global Partnership for Sustainable Development, Goal 5. Achieve gender equality and empower all women and girls, Goal 7. Ensure access to affordable, reliable, sustainable and modern energy for all",2024,https://www.kraftheinzcompany.com/esg/pdf/KraftHeinz-2024-ESG-Report.pdf,PDF,Third-party,2025-06-05 18:17:18
Australian Broadcasting Corporation (abc-cdn),Division J,Information Media And Telecommunications,AU,"Goal 12. Ensure sustainable consumption and production patterns, Goal 17. Strengthen the means of implementation and revitalize the Global Partnership for Sustainable Development, Goal 5. Achieve gender equality and empower all women and girls, Goal 7. Ensure access to affordable, reliable, sustainable and modern energy for all",2024,https://thewaltdisneycompany.eu/app/uploads/2024/04/TWDC-EMEA-CSR-Report_2023.pdf,PDF,Third-party,2025-06-05 18:17:18
Australian Broadcasting Corporation (abc-cdn),Division J,Information Media And Telecommunications,AU,"Goal 12. Ensure sustainable consumption and production patterns, Goal 17. Strengthen the means of implementation and revitalize the Global Partnership for Sustainable Development, Goal 5. Achieve gender equality and empower all women and girls, Goal 7. Ensure access to affordable, reliable, sustainable and modern energy for all",2024,https://www.stellantis.com/content/dam/stellantis-corporate/investors/financial-reports/Stellantis-NV-20241231-Annual-Report.pdf,PDF,Third-party,2025-06-05 18:17:18
Australian Broadcasting Corporation (abc-cdn),Division J,Information Media And Telecommunications,AU,"Goal 12. Ensure sustainable consumption and production patterns, Goal 17. Strengthen the means of implementation and revitalize the Global Partnership for Sustainable Development, Goal 5. Achieve gender equality and empower all women and girls, Goal 7. Ensure access to affordable, reliable, sustainable and modern energy for all",2024,https://ir.mi.com/system/files-encrypted/nasdaq_kms/assets/2024/04/25/5-36-08/2023%20Annual%20Report.pdf,PDF,Third-party,2025-06-05 18:17:18
Australian Broadcasting Corporation (abc-cdn),Division J,Information Media And Telecommunications,AU,"Goal 12. Ensure sustainable consumption and production patterns, Goal 17. Strengthen the means of implementation and revitalize the Global Partnership for Sustainable Development, Goal 5. Achieve gender equality and empower all women and girls, Goal 7. Ensure access to affordable, reliable, sustainable and modern energy for all",2024,https://corporate.lululemon.com/~/media/Files/L/Lululemon/investors/annual-reports/lululemon-2023-annual-report.pdf,PDF,Third-party,2025-06-05 18:17:18
Australian Broadcasting Corporation (abc-cdn),Division J,Information Media And Telecommunications,AU,"Goal 12. Ensure sustainable consumption and production patterns, Goal 17. Strengthen the means of implementation and revitalize the Global Partnership for Sustainable Development, Goal 5. Achieve gender equality and empower all women and girls, Goal 7. Ensure access to affordable, reliable, sustainable and modern energy for all",2024,https://plc.pearson.com/sites/pearson-corp/files/pearson/annual-report-2023/2023-annual-report-and-accounts.pdf,PDF,Third-party,2025-06-05 18:17:18
Australian Broadcasting Corporation (abc-cdn),Division J,Information Media And Telecommunications,AU,"Goal 12. Ensure sustainable consumption and production patterns, Goal 17. Strengthen the means of implementation and revitalize the Global Partnership for Sustainable Development, Goal 5. Achieve gender equality and empower all women and girls, Goal 7. Ensure access to affordable, reliable, sustainable and modern energy for all",2024,https://www.wpp.com/-/media/project/wpp/files/investors/2024/annual-report-docs/wpp_annual_report_2023.pdf,PDF,Third-party,2025-06-05 18:17:18
Australian Broadcasting Corporation (abc-cdn),Division J,Information Media And Telecommunications,AU,"Goal 12. Ensure sustainable consumption and production patterns, Goal 17. Strengthen the means of implementation and revitalize the Global Partnership for Sustainable Development, Goal 5. Achieve gender equality and empower all women and girls, Goal 7. Ensure access to affordable, reliable, sustainable and modern energy for all",2024,https://www.abc.net.au/,HTML,Third-party,2025-06-05 18:17:18
Australian Broadcasting Corporation (abc-cdn),Division J,Information Media And Telecommunications,AU,"Goal 12. Ensure sustainable consumption and production patterns, Goal 17. Strengthen the means of implementation and revitalize the Global Partnership for Sustainable Development, Goal 5. Achieve gender equality and empower all women and girls, Goal 7. Ensure access to affordable, reliable, sustainable and modern energy for all",2024,https://radio.newyorkfestivals.com/winners/finalists/b0203a69-d665-4bad-8247-3df57533420c,HTML,Third-party,2025-06-05 18:17:18
Australian Broadcasting Corporation (abc-cdn),Division J,Information Media And Telecommunications,AU,"Goal 12. Ensure sustainable consumption and production patterns, Goal 17. Strengthen the means of implementation and revitalize the Global Partnership for Sustainable Development, Goal 5. Achieve gender equality and empower all women and girls, Goal 7. Ensure access to affordable, reliable, sustainable and modern energy for all",2024,https://www.reuters.com/world/asia-pacific/count-under-way-australia-election-with-living-costs-trump-focus-2025-05-03/,HTML,Third-party,2025-06-05 18:17:18
Australian Broadcasting Corporation (abc-cdn),Division J,Information Media And Telecommunications,AU,"Goal 12. Ensure sustainable consumption and production patterns, Goal 17. Strengthen the means of implementation and revitalize the Global Partnership for Sustainable Development, Goal 5. Achieve gender equality and empower all women and girls, Goal 7. Ensure access to affordable, reliable, sustainable and modern energy for all",2024,https://online.ucpress.edu/gp/article/5/1/126792/204717/Is-Australia-s-News-Media-Bargaining-Code-a-Model,HTML,Third-party,2025-06-05 18:17:18
Australian Broadcasting Corporation (abc-cdn),Division J,Information Media And Telecommunications,AU,"Goal 12. Ensure sustainable consumption and production patterns, Goal 17. Strengthen the means of implementation and revitalize the Global Partnership for Sustainable Development, Goal 5. Achieve gender equality and empower all women and girls, Goal 7. Ensure access to affordable, reliable, sustainable and modern energy for all",2024,https://www.microsoft.com/investor/reports/ar24/index.html,HTML,Third-party,2025-06-05 18:17:18
Australian Broadcasting Corporation (abc-cdn),Division J,Information Media And Telecommunications,AU,"Goal 12. Ensure sustainable consumption and production patterns, Goal 17. Strengthen the means of implementation and revitalize the Global Partnership for Sustainable Development, Goal 5. Achieve gender equality and empower all women and girls, Goal 7. Ensure access to affordable, reliable, sustainable and modern energy for all",2024,https://abc.com/,HTML,Third-party,2025-06-05 18:17:18
News Corp Australia (newscorp),Division J,Information Media And Telecommunications,AU,"Goal 12. Ensure sustainable consumption and production patterns, Goal 17. Strengthen the means of implementation and revitalize the Global Partnership for Sustainable Development, Goal 5. Achieve gender equality and empower all women and girls, Goal 7. Ensure access to affordable, reliable, sustainable and modern energy for all",2024,https://newscorp.com/app/uploads/2024/10/News-Corp-ESG-2024_FINAL.pdf,PDF,Trusted,2025-06-05 18:17:18
News Corp Australia (newscorp),Division J,Information Media And Telecommunications,AU,"Goal 12. Ensure sustainable consumption and production patterns, Goal 17. Strengthen the means of implementation and revitalize the Global Partnership for Sustainable Development, Goal 5. Achieve gender equality and empower all women and girls, Goal 7. Ensure access to affordable, reliable, sustainable and modern energy for all",2024,https://newscorp.com/app/uploads/2024/10/News-Corp-2024-Annual-Report_Bookmarked_sm-updated.pdf,PDF,Trusted,2025-06-05 18:17:18
News Corp Australia (newscorp),Division J,Information Media And Telecommunications,AU,"Goal 12. Ensure sustainable consumption and production patterns, Goal 17. Strengthen the means of implementation and revitalize the Global Partnership for Sustainable Development, Goal 5. Achieve gender equality and empower all women and girls, Goal 7. Ensure access to affordable, reliable, sustainable and modern energy for all",2024,https://www.sec.gov/Archives/edgar/data/1564708/000114036124043201/ny20031528x5_courtesy.pdf,PDF,Third-party,2025-06-05 18:17:18
News Corp Australia (newscorp),Division J,Information Media And Telecommunications,AU,"Goal 12. Ensure sustainable consumption and production patterns, Goal 17. Strengthen the means of implementation and revitalize the Global Partnership for Sustainable Development, Goal 5. Achieve gender equality and empower all women and girls, Goal 7. Ensure access to affordable, reliable, sustainable and modern energy for all",2024,https://newscorp.com/app/uploads/2024/10/News-Corp-2024-Proxy-Statement.pdf,PDF,Trusted,2025-06-05 18:17:18
News Corp Australia (newscorp),Division J,Information Media And Telecommunications,AU,"Goal 12. Ensure sustainable consumption and production patterns, Goal 17. Strengthen the means of implementation and revitalize the Global Partnership for Sustainable Development, Goal 5. Achieve gender equality and empower all women and girls, Goal 7. Ensure access to affordable, reliable, sustainable and modern energy for all",2024,https://newclimate.org/sites/default/files/2024-08/NewClimate_CCRM2024.pdf,PDF,Third-party,2025-06-05 18:17:18
News Corp Australia (newscorp),Division J,Information Media And Telecommunications,AU,"Goal 12. Ensure sustainable consumption and production patterns, Goal 17. Strengthen the means of implementation and revitalize the Global Partnership for Sustainable Development, Goal 5. Achieve gender equality and empower all women and girls, Goal 7. Ensure access to affordable, reliable, sustainable and modern energy for all",2024,https://corporate.harpercollins.co.uk/wp-content/uploads/sites/55/2024/12/News-Corp-Modern-Slavery-Statement-2024.pdf,PDF,Third-party,2025-06-05 18:17:18
News Corp Australia (newscorp),Division J,Information Media And Telecommunications,AU,"Goal 12. Ensure sustainable consumption and production patterns, Goal 17. Strengthen the means of implementation and revitalize the Global Partnership for Sustainable Development, Goal 5. Achieve gender equality and empower all women and girls, Goal 7. Ensure access to affordable, reliable, sustainable and modern energy for all",2024,https://cleanaway2stor.blob.core.windows.net/cleanaway2-blob-container/2024/09/2024-Annual-Report.pdf,PDF,Third-party,2025-06-05 18:17:18
News Corp Australia (newscorp),Division J,Information Media And Telecommunications,AU,"Goal 12. Ensure sustainable consumption and production patterns, Goal 17. Strengthen the means of implementation and revitalize the Global Partnership for Sustainable Development, Goal 5. Achieve gender equality and empower all women and girls, Goal 7. Ensure access to affordable, reliable, sustainable and modern energy for all",2024,https://www.esafety.gov.au/sites/default/files/2024-10/ACMA-eSafety-annual-report-2023-24.pdf?v=1741219200022,PDF,Third-party,2025-06-05 18:17:18
News Corp Australia (newscorp),Division J,Information Media And Telecommunications,AU,"Goal 12. Ensure sustainable consumption and production patterns, Goal 17. Strengthen the means of implementation and revitalize the Global Partnership for Sustainable Development, Goal 5. Achieve gender equality and empower all women and girls, Goal 7. Ensure access to affordable, reliable, sustainable and modern energy for all",2024,https://newscorp.com/news-corp-sustainability/,HTML,Trusted,2025-06-05 18:17:18
News Corp Australia (newscorp),Division J,Information Media And Telecommunications,AU,"Goal 12. Ensure sustainable consumption and production patterns, Goal 17. Strengthen the means of implementation and revitalize the Global Partnership for Sustainable Development, Goal 5. Achieve gender equality and empower all women and girls, Goal 7. Ensure access to affordable, reliable, sustainable and modern energy for all",2024,https://investors.newscorp.com/,HTML,Trusted,2025-06-05 18:17:18
News Corp Australia (newscorp),Division J,Information Media And Telecommunications,AU,"Goal 12. Ensure sustainable consumption and production patterns, Goal 17. Strengthen the means of implementation and revitalize the Global Partnership for Sustainable Development, Goal 5. Achieve gender equality and empower all women and girls, Goal 7. Ensure access to affordable, reliable, sustainable and modern energy for all",2024,https://investors.newscorp.com/news-releases/news-release-details/news-corporation-reports-second-quarter-results-fiscal-2025,HTML,Trusted,2025-06-05 18:17:18
News Corp Australia (newscorp),Division J,Information Media And Telecommunications,AU,"Goal 12. Ensure sustainable consumption and production patterns, Goal 17. Strengthen the means of implementation and revitalize the Global Partnership for Sustainable Development, Goal 5. Achieve gender equality and empower all women and girls, Goal 7. Ensure access to affordable, reliable, sustainable and modern energy for all",2024,https://investors.newscorp.com/news-releases/news-release-details/news-corporation-reports-fourth-quarter-and-full-year-results-2,HTML,Trusted,2025-06-05 18:17:18
News Corp Australia (newscorp),Division J,Information Media And Telecommunications,AU,"Goal 12. Ensure sustainable consumption and production patterns, Goal 17. Strengthen the means of implementation and revitalize the Global Partnership for Sustainable Development, Goal 5. Achieve gender equality and empower all women and girls, Goal 7. Ensure access to affordable, reliable, sustainable and modern energy for all",2024,https://investors.newscorp.com/static-files/548ea427-f0ec-40ae-8359-d49207151d14,HTML,Trusted,2025-06-05 18:17:18
News Corp Australia (newscorp),Division J,Information Media And Telecommunications,AU,"Goal 12. Ensure sustainable consumption and production patterns, Goal 17. Strengthen the means of implementation and revitalize the Global Partnership for Sustainable Development, Goal 5. Achieve gender equality and empower all women and girls, Goal 7. Ensure access to affordable, reliable, sustainable and modern energy for all",2024,https://www.annualreports.com/Company/news-corporation,HTML,Third-party,2025-06-05 18:17:18
News Corp Australia (newscorp),Division J,Information Media And Telecommunications,AU,"Goal 12. Ensure sustainable consumption and production patterns, Goal 17. Strengthen the means of implementation and revitalize the Global Partnership for Sustainable Development, Goal 5. Achieve gender equality and empower all women and girls, Goal 7. Ensure access to affordable, reliable, sustainable and modern energy for all",2024,https://investors.newscorp.com/news-releases/news-release-details/news-corp-report-fiscal-2025-first-quarter-earnings,HTML,Trusted,2025-06-05 18:17:18
Nine Entertainment Co. (nineforbrands),Division J,Information Media And Telecommunications,AU,"Goal 12. Ensure sustainable consumption and production patterns, Goal 17. Strengthen the means of implementation and revitalize the Global Partnership for Sustainable Development, Goal 5. Achieve gender equality and empower all women and girls, Goal 7. Ensure access to affordable, reliable, sustainable and modern energy for all",2024,https://www.nineforbrands.com.au/wp-content/uploads/2024/09/Annual-Report-for-Lodgement-2024.pdf,PDF,Trusted,2025-06-05 18:17:18
Nine Entertainment Co. (nineforbrands),Division J,Information Media And Telecommunications,AU,"Goal 12. Ensure sustainable consumption and production patterns, Goal 17. Strengthen the means of implementation and revitalize the Global Partnership for Sustainable Development, Goal 5. Achieve gender equality and empower all women and girls, Goal 7. Ensure access to affordable, reliable, sustainable and modern energy for all",2024,https://company-announcements.afr.com/asx/nec/572d1f3d-7eb1-11ef-8e7c-be773cd2d8da.pdf,PDF,Third-party,2025-06-05 18:17:18
Nine Entertainment Co. (nineforbrands),Division J,Information Media And Telecommunications,AU,"Goal 12. Ensure sustainable consumption and production patterns, Goal 17. Strengthen the means of implementation and revitalize the Global Partnership for Sustainable Development, Goal 5. Achieve gender equality and empower all women and girls, Goal 7. Ensure access to affordable, reliable, sustainable and modern energy for all",2024,https://www.nineforbrands.com.au/wp-content/uploads/2023/09/NEC-2023-Annual-Report-web.pdf,PDF,Trusted,2025-06-05 18:17:18
Nine Entertainment Co. (nineforbrands),Division J,Information Media And Telecommunications,AU,"Goal 12. Ensure sustainable consumption and production patterns, Goal 17. Strengthen the means of implementation and revitalize the Global Partnership for Sustainable Development, Goal 5. Achieve gender equality and empower all women and girls, Goal 7. Ensure access to affordable, reliable, sustainable and modern energy for all",2024,https://announcements.asx.com.au/asxpdf/20230926/pdf/05v8qrwhxd2r8c.pdf,PDF,Third-party,2025-06-05 18:17:18
Nine Entertainment Co. (nineforbrands),Division J,Information Media And Telecommunications,AU,"Goal 12. Ensure sustainable consumption and production patterns, Goal 17. Strengthen the means of implementation and revitalize the Global Partnership for Sustainable Development, Goal 5. Achieve gender equality and empower all women and girls, Goal 7. Ensure access to affordable, reliable, sustainable and modern energy for all",2024,https://www.nineforbrands.com.au/wp-content/uploads/2024/08/FINAL-Corporate-Governance-Statement-FY24.pdf,PDF,Trusted,2025-06-05 18:17:18
Nine Entertainment Co. (nineforbrands),Division J,Information Media And Telecommunications,AU,"Goal 12. Ensure sustainable consumption and production patterns, Goal 17. Strengthen the means of implementation and revitalize the Global Partnership for Sustainable Development, Goal 5. Achieve gender equality and empower all women and girls, Goal 7. Ensure access to affordable, reliable, sustainable and modern energy for all",2024,https://oia.pmc.gov.au/sites/default/files/posts/2023/11/Impact%20Analysis_0.pdf,PDF,Third-party,2025-06-05 18:17:18
Nine Entertainment Co. (nineforbrands),Division J,Information Media And Telecommunications,AU,"Goal 12. Ensure sustainable consumption and production patterns, Goal 17. Strengthen the means of implementation and revitalize the Global Partnership for Sustainable Development, Goal 5. Achieve gender equality and empower all women and girls, Goal 7. Ensure access to affordable, reliable, sustainable and modern energy for all",2024,http://www.mediafederation.org.au/images/Educational-Guidelines//mfaguide/MFA_2024_TheMFAGuide_V1_200524.pdf,PDF,Third-party,2025-06-05 18:17:18
Nine Entertainment Co. (nineforbrands),Division J,Information Media And Telecommunications,AU,"Goal 12. Ensure sustainable consumption and production patterns, Goal 17. Strengthen the means of implementation and revitalize the Global Partnership for Sustainable Development, Goal 5. Achieve gender equality and empower all women and girls, Goal 7. Ensure access to affordable, reliable, sustainable and modern energy for all",2024,https://docs.businessnews.com.au/pdfs/Marketing/Business%20News%20Media%20Kit.pdf,PDF,Third-party,2025-06-05 18:17:18
Nine Entertainment Co. (nineforbrands),Division J,Information Media And Telecommunications,AU,"Goal 12. Ensure sustainable consumption and production patterns, Goal 17. Strengthen the means of implementation and revitalize the Global Partnership for Sustainable Development, Goal 5. Achieve gender equality and empower all women and girls, Goal 7. Ensure access to affordable, reliable, sustainable and modern energy for all",2024,https://www.mediafederation.org.au/images/Educational-Guidelines/mfaguide/MFA_2024_TheMFAGuide_Section3_Media_TheChannels_Final.pdf,PDF,Third-party,2025-06-05 18:17:18
Nine Entertainment Co. (nineforbrands),Division J,Information Media And Telecommunications,AU,"Goal 12. Ensure sustainable consumption and production patterns, Goal 17. Strengthen the means of implementation and revitalize the Global Partnership for Sustainable Development, Goal 5. Achieve gender equality and empower all women and girls, Goal 7. Ensure access to affordable, reliable, sustainable and modern energy for all",2024,https://open.sydneyuniversitypress.com.au/files/9781743328859.pdf,PDF,Third-party,2025-06-05 18:17:18
Nine Entertainment Co. (nineforbrands),Division J,Information Media And Telecommunications,AU,"Goal 12. Ensure sustainable consumption and production patterns, Goal 17. Strengthen the means of implementation and revitalize the Global Partnership for Sustainable Development, Goal 5. Achieve gender equality and empower all women and girls, Goal 7. Ensure access to affordable, reliable, sustainable and modern energy for all",2024,https://www.listcorp.com/asx/nec/nine-entertainment-co-holdings-limited/news/annual-report-to-shareholders-3086599.html,HTML,Third-party,2025-06-05 18:17:18
Nine Entertainment Co. (nineforbrands),Division J,Information Media And Telecommunications,AU,"Goal 12. Ensure sustainable consumption and production patterns, Goal 17. Strengthen the means of implementation and revitalize the Global Partnership for Sustainable Development, Goal 5. Achieve gender equality and empower all women and girls, Goal 7. Ensure access to affordable, reliable, sustainable and modern energy for all",2024,https://pitchbook.com/profiles/company/10635-40,HTML,Third-party,2025-06-05 18:17:18
Nine Entertainment Co. (nineforbrands),Division J,Information Media And Telecommunications,AU,"Goal 12. Ensure sustainable consumption and production patterns, Goal 17. Strengthen the means of implementation and revitalize the Global Partnership for Sustainable Development, Goal 5. Achieve gender equality and empower all women and girls, Goal 7. Ensure access to affordable, reliable, sustainable and modern energy for all",2024,https://www.morningstar.com/stocks/xasx/nec/quote,HTML,Third-party,2025-06-05 18:17:18
Seven West Media,Division J,Information Media And Telecommunications,AU,"Goal 12. Ensure sustainable consumption and production patterns, Goal 17. Strengthen the means of implementation and revitalize the Global Partnership for Sustainable Development, Goal 5. Achieve gender equality and empower all women and girls, Goal 7. Ensure access to affordable, reliable, sustainable and modern energy for all",2024,https://www.sevenwestmedia.com.au/assets/pdfs/4.-ASX-SWM-2024-Annual-Report-14-August-2024.pdf,PDF,Trusted,2025-06-05 18:17:18
Seven West Media,Division J,Information Media And Telecommunications,AU,"Goal 12. Ensure sustainable consumption and production patterns, Goal 17. Strengthen the means of implementation and revitalize the Global Partnership for Sustainable Development, Goal 5. Achieve gender equality and empower all women and girls, Goal 7. Ensure access to affordable, reliable, sustainable and modern energy for all",2024,https://sghl.com.au/assets/4.-ASX-SGH-2024-Annual-Report-14-August-2024.pdf,PDF,Third-party,2025-06-05 18:17:18
Seven West Media,Division J,Information Media And Telecommunications,AU,"Goal 12. Ensure sustainable consumption and production patterns, Goal 17. Strengthen the means of implementation and revitalize the Global Partnership for Sustainable Development, Goal 5. Achieve gender equality and empower all women and girls, Goal 7. Ensure access to affordable, reliable, sustainable and modern energy for all",2024,https://www.sevenwestmedia.com.au/assets/Uploads/Seven-West-Media-Sustainability-Report-2024.pdf,PDF,Trusted,2025-06-05 18:17:18
Seven West Media,Division J,Information Media And Telecommunications,AU,"Goal 12. Ensure sustainable consumption and production patterns, Goal 17. Strengthen the means of implementation and revitalize the Global Partnership for Sustainable Development, Goal 5. Achieve gender equality and empower all women and girls, Goal 7. Ensure access to affordable, reliable, sustainable and modern energy for all",2024,https://www.diageo.com/~/media/Files/D/Diageo-V2/Diageo-Corp/investors/results-reports-and-events/annual-reports/diageo-annual-report-2024.pdf,PDF,Third-party,2025-06-05 18:17:18
Seven West Media,Division J,Information Media And Telecommunications,AU,"Goal 12. Ensure sustainable consumption and production patterns, Goal 17. Strengthen the means of implementation and revitalize the Global Partnership for Sustainable Development, Goal 5. Achieve gender equality and empower all women and girls, Goal 7. Ensure access to affordable, reliable, sustainable and modern energy for all",2024,https://www.investpsp.com/media/filer_public/03-our-performance/annual-report-2024/pdf/PSP-2024-annual-report-en.pdf,PDF,Third-party,2025-06-05 18:17:18
Seven West Media,Division J,Information Media And Telecommunications,AU,"Goal 12. Ensure sustainable consumption and production patterns, Goal 17. Strengthen the means of implementation and revitalize the Global Partnership for Sustainable Development, Goal 5. Achieve gender equality and empower all women and girls, Goal 7. Ensure access to affordable, reliable, sustainable and modern energy for all",2024,https://www.cppinvestments.com/wp-content/uploads/2024/07/CPP-Investments-F2024-Annual-Report.pdf,PDF,Third-party,2025-06-05 18:17:18
Seven West Media,Division J,Information Media And Telecommunications,AU,"Goal 12. Ensure sustainable consumption and production patterns, Goal 17. Strengthen the means of implementation and revitalize the Global Partnership for Sustainable Development, Goal 5. Achieve gender equality and empower all women and girls, Goal 7. Ensure access to affordable, reliable, sustainable and modern energy for all",2024,https://hcpf.colorado.gov/sites/hcpf/files/2025%20CHASE%20Annual%20Report%20%5BFinal%5D.pdf,PDF,Third-party,2025-06-05 18:17:18
Seven West Media,Division J,Information Media And Telecommunications,AU,"Goal 12. Ensure sustainable consumption and production patterns, Goal 17. Strengthen the means of implementation and revitalize the Global Partnership for Sustainable Development, Goal 5. Achieve gender equality and empower all women and girls, Goal 7. Ensure access to affordable, reliable, sustainable and modern energy for all",2024,https://corporate.ford.com/content/dam/corporate/us/en-us/documents/reports/2024-integrated-sustainability-and-financial-report.pdf,PDF,Third-party,2025-06-05 18:17:18
Seven West Media,Division J,Information Media And Telecommunications,AU,"Goal 12. Ensure sustainable consumption and production patterns, Goal 17. Strengthen the means of implementation and revitalize the Global Partnership for Sustainable Development, Goal 5. Achieve gender equality and empower all women and girls, Goal 7. Ensure access to affordable, reliable, sustainable and modern energy for all",2024,https://www.bhp.com/-/media/documents/investors/annual-reports/2024/240827_bhpannualreport2024.pdf,PDF,Third-party,2025-06-05 18:17:18
Seven West Media,Division J,Information Media And Telecommunications,AU,"Goal 12. Ensure sustainable consumption and production patterns, Goal 17. Strengthen the means of implementation and revitalize the Global Partnership for Sustainable Development, Goal 5. Achieve gender equality and empower all women and girls, Goal 7. Ensure access to affordable, reliable, sustainable and modern energy for all",2024,https://www.novonordisk.com/content/dam/nncorp/global/en/investors/irmaterial/annual_report/2024/novo-nordisk-annual-report-2023.pdf,PDF,Third-party,2025-06-05 18:17:18
Seven West Media,Division J,Information Media And Telecommunications,AU,"Goal 12. Ensure sustainable consumption and production patterns, Goal 17. Strengthen the means of implementation and revitalize the Global Partnership for Sustainable Development, Goal 5. Achieve gender equality and empower all women and girls, Goal 7. Ensure access to affordable, reliable, sustainable and modern energy for all",2024,https://www.sevenwestmedia.com.au/investors/annual-reports/,HTML,Trusted,2025-06-05 18:17:18
Seven West Media,Division J,Information Media And Telecommunications,AU,"Goal 12. Ensure sustainable consumption and production patterns, Goal 17. Strengthen the means of implementation and revitalize the Global Partnership for Sustainable Development, Goal 5. Achieve gender equality and empower all women and girls, Goal 7. Ensure access to affordable, reliable, sustainable and modern energy for all",2024,https://www.annualreports.com/Company/Seven-West-Media,HTML,Third-party,2025-06-05 18:17:18
Foxtel (newscorp),Division J,Information Media And Telecommunications,AU,"Goal 12. Ensure sustainable consumption and production patterns, Goal 17. Strengthen the means of implementation and revitalize the Global Partnership for Sustainable Development, Goal 5. Achieve gender equality and empower all women and girls, Goal 7. Ensure access to affordable, reliable, sustainable and modern energy for all",2024,https://newscorp.com/app/uploads/2024/10/News-Corp-ESG-2024_FINAL.pdf,PDF,Trusted,2025-06-05 18:17:18
Foxtel (newscorp),Division J,Information Media And Telecommunications,AU,"Goal 12. Ensure sustainable consumption and production patterns, Goal 17. Strengthen the means of implementation and revitalize the Global Partnership for Sustainable Development, Goal 5. Achieve gender equality and empower all women and girls, Goal 7. Ensure access to affordable, reliable, sustainable and modern energy for all",2024,https://newscorp.com/app/uploads/2024/10/News-Corp-2024-Annual-Report_Bookmarked_sm-updated.pdf,PDF,Trusted,2025-06-05 18:17:18
Foxtel (newscorp),Division J,Information Media And Telecommunications,AU,"Goal 12. Ensure sustainable consumption and production patterns, Goal 17. Strengthen the means of implementation and revitalize the Global Partnership for Sustainable Development, Goal 5. Achieve gender equality and empower all women and girls, Goal 7. Ensure access to affordable, reliable, sustainable and modern energy for all",2024,https://www.sec.gov/Archives/edgar/data/1564708/000114036124043201/ny20031528x5_courtesy.pdf,PDF,Third-party,2025-06-05 18:17:18
Foxtel (newscorp),Division J,Information Media And Telecommunications,AU,"Goal 12. Ensure sustainable consumption and production patterns, Goal 17. Strengthen the means of implementation and revitalize the Global Partnership for Sustainable Development, Goal 5. Achieve gender equality and empower all women and girls, Goal 7. Ensure access to affordable, reliable, sustainable and modern energy for all",2024,https://www.anderson.ucla.edu/sites/default/files/document/2025-05/2025IMPACT%20State%20of%20Corporate%20Sustainability%20Report.pdf,PDF,Third-party,2025-06-05 18:17:18
Foxtel (newscorp),Division J,Information Media And Telecommunications,AU,"Goal 12. Ensure sustainable consumption and production patterns, Goal 17. Strengthen the means of implementation and revitalize the Global Partnership for Sustainable Development, Goal 5. Achieve gender equality and empower all women and girls, Goal 7. Ensure access to affordable, reliable, sustainable and modern energy for all",2024,https://downloads.ctfassets.net/e66ejtqbaazg/3lVdyJmpf8DQTPMRcxChSQ/80752d027f61e3846f4b5e2a5a62a958/UMG_2024_Annual_Report.pdf,PDF,Third-party,2025-06-05 18:17:18
Foxtel (newscorp),Division J,Information Media And Telecommunications,AU,"Goal 12. Ensure sustainable consumption and production patterns, Goal 17. Strengthen the means of implementation and revitalize the Global Partnership for Sustainable Development, Goal 5. Achieve gender equality and empower all women and girls, Goal 7. Ensure access to affordable, reliable, sustainable and modern energy for all",2024,https://media.foxcorporation.com/wp-content/uploads/prod/2024/09/26132119/FOX-2024-Annual-Report_Bookmarked.pdf,PDF,Third-party,2025-06-05 18:17:18
Foxtel (newscorp),Division J,Information Media And Telecommunications,AU,"Goal 12. Ensure sustainable consumption and production patterns, Goal 17. Strengthen the means of implementation and revitalize the Global Partnership for Sustainable Development, Goal 5. Achieve gender equality and empower all women and girls, Goal 7. Ensure access to affordable, reliable, sustainable and modern energy for all",2024,https://media.investor.foxcorporation.com/wp-content/uploads/2025/03/13125605/FOX-Annual-Report-2023.pdf,PDF,Third-party,2025-06-05 18:17:18
Foxtel (newscorp),Division J,Information Media And Telecommunications,AU,"Goal 12. Ensure sustainable consumption and production patterns, Goal 17. Strengthen the means of implementation and revitalize the Global Partnership for Sustainable Development, Goal 5. Achieve gender equality and empower all women and girls, Goal 7. Ensure access to affordable, reliable, sustainable and modern energy for all",2024,https://s201.q4cdn.com/865305287/files/doc_financials/2024/ar/2024-proxy-statement-and-annual-report.pdf,PDF,Third-party,2025-06-05 18:17:18
Foxtel (newscorp),Division J,Information Media And Telecommunications,AU,"Goal 12. Ensure sustainable consumption and production patterns, Goal 17. Strengthen the means of implementation and revitalize the Global Partnership for Sustainable Development, Goal 5. Achieve gender equality and empower all women and girls, Goal 7. Ensure access to affordable, reliable, sustainable and modern energy for all",2024,https://investors.newscorp.com/,HTML,Trusted,2025-06-05 18:17:18
Foxtel (newscorp),Division J,Information Media And Telecommunications,AU,"Goal 12. Ensure sustainable consumption and production patterns, Goal 17. Strengthen the means of implementation and revitalize the Global Partnership for Sustainable Development, Goal 5. Achieve gender equality and empower all women and girls, Goal 7. Ensure access to affordable, reliable, sustainable and modern energy for all",2024,https://www.foxcorporation.com/,HTML,Third-party,2025-06-05 18:17:18
Foxtel (newscorp),Division J,Information Media And Telecommunications,AU,"Goal 12. Ensure sustainable consumption and production patterns, Goal 17. Strengthen the means of implementation and revitalize the Global Partnership for Sustainable Development, Goal 5. Achieve gender equality and empower all women and girls, Goal 7. Ensure access to affordable, reliable, sustainable and modern energy for all",2024,https://investors.newscorp.com/news-releases/news-release-details/news-corporation-reports-second-quarter-results-fiscal-2025,HTML,Trusted,2025-06-05 18:17:18
Foxtel (newscorp),Division J,Information Media And Telecommunications,AU,"Goal 12. Ensure sustainable consumption and production patterns, Goal 17. Strengthen the means of implementation and revitalize the Global Partnership for Sustainable Development, Goal 5. Achieve gender equality and empower all women and girls, Goal 7. Ensure access to affordable, reliable, sustainable and modern energy for all",2024,https://investor.foxcorporation.com/reports/annual-reports/,HTML,Third-party,2025-06-05 18:17:18
Foxtel (newscorp),Division J,Information Media And Telecommunications,AU,"Goal 12. Ensure sustainable consumption and production patterns, Goal 17. Strengthen the means of implementation and revitalize the Global Partnership for Sustainable Development, Goal 5. Achieve gender equality and empower all women and girls, Goal 7. Ensure access to affordable, reliable, sustainable and modern energy for all",2024,https://investor.foxcorporation.com/news/corp-press-releases/2024/fox-corporation-reports-fourth-quarter-and-full-year-fiscal-2024-financial-results/,HTML,Third-party,2025-06-05 18:17:18
Foxtel (newscorp),Division J,Information Media And Telecommunications,AU,"Goal 12. Ensure sustainable consumption and production patterns, Goal 17. Strengthen the means of implementation and revitalize the Global Partnership for Sustainable Development, Goal 5. Achieve gender equality and empower all women and girls, Goal 7. Ensure access to affordable, reliable, sustainable and modern energy for all",2024,https://www.fitchratings.com/research/corporate-finance/fitch-upgrades-news-corporation-to-bbb-outlook-stable-16-05-2025,HTML,Third-party,2025-06-05 18:17:18
Foxtel (newscorp),Division J,Information Media And Telecommunications,AU,"Goal 12. Ensure sustainable consumption and production patterns, Goal 17. Strengthen the means of implementation and revitalize the Global Partnership for Sustainable Development, Goal 5. Achieve gender equality and empower all women and girls, Goal 7. Ensure access to affordable, reliable, sustainable and modern energy for all",2024,https://www.annualreports.com/Company/news-corporation,HTML,Third-party,2025-06-05 18:17:18
Foxtel (newscorp),Division J,Information Media And Telecommunications,AU,"Goal 12. Ensure sustainable consumption and production patterns, Goal 17. Strengthen the means of implementation and revitalize the Global Partnership for Sustainable Development, Goal 5. Achieve gender equality and empower all women and girls, Goal 7. Ensure access to affordable, reliable, sustainable and modern energy for all",2024,https://www.fitchratings.com/research/corporate-finance/fitch-affirms-news-corp-idr-at-bbb-outlook-stable-20-05-2024,HTML,Third-party,2025-06-05 18:17:18
Southern Cross Austereo (aspecthuntley),Division J,Information Media And Telecommunications,AU,"Goal 12. Ensure sustainable consumption and production patterns, Goal 17. Strengthen the means of implementation and revitalize the Global Partnership for Sustainable Development, Goal 5. Achieve gender equality and empower all women and girls, Goal 7. Ensure access to affordable, reliable, sustainable and modern energy for all",2024,https://www.aspecthuntley.com.au/asxdata/20241024/pdf/02870679.pdf,PDF,Trusted,2025-06-05 18:17:18
Southern Cross Austereo (aspecthuntley),Division J,Information Media And Telecommunications,AU,"Goal 12. Ensure sustainable consumption and production patterns, Goal 17. Strengthen the means of implementation and revitalize the Global Partnership for Sustainable Development, Goal 5. Achieve gender equality and empower all women and girls, Goal 7. Ensure access to affordable, reliable, sustainable and modern energy for all",2024,https://www.perenti.com/wp-content/uploads/sites/13/2024/08/Perenti-FY24-Annual-Report.pdf,PDF,Third-party,2025-06-05 18:17:18
Southern Cross Austereo (aspecthuntley),Division J,Information Media And Telecommunications,AU,"Goal 12. Ensure sustainable consumption and production patterns, Goal 17. Strengthen the means of implementation and revitalize the Global Partnership for Sustainable Development, Goal 5. Achieve gender equality and empower all women and girls, Goal 7. Ensure access to affordable, reliable, sustainable and modern energy for all",2024,https://www.aspecthuntley.com.au/asxdata/20240827/pdf/02843437.pdf,PDF,Trusted,2025-06-05 18:17:18
Southern Cross Austereo (aspecthuntley),Division J,Information Media And Telecommunications,AU,"Goal 12. Ensure sustainable consumption and production patterns, Goal 17. Strengthen the means of implementation and revitalize the Global Partnership for Sustainable Development, Goal 5. Achieve gender equality and empower all women and girls, Goal 7. Ensure access to affordable, reliable, sustainable and modern energy for all",2024,https://investors.csl.com/pdf/457c4fdb-099e-4e72-8917-fd3c8c0b4b96/Full-Year-Statutory-Accounts-for-30-June-2024.pdf,PDF,Third-party,2025-06-05 18:17:18
Southern Cross Austereo (aspecthuntley),Division J,Information Media And Telecommunications,AU,"Goal 12. Ensure sustainable consumption and production patterns, Goal 17. Strengthen the means of implementation and revitalize the Global Partnership for Sustainable Development, Goal 5. Achieve gender equality and empower all women and girls, Goal 7. Ensure access to affordable, reliable, sustainable and modern energy for all",2024,https://www.aspecthuntley.com.au/asxdata/20241004/pdf/02862411.pdf,PDF,Trusted,2025-06-05 18:17:18
Southern Cross Austereo (aspecthuntley),Division J,Information Media And Telecommunications,AU,"Goal 12. Ensure sustainable consumption and production patterns, Goal 17. Strengthen the means of implementation and revitalize the Global Partnership for Sustainable Development, Goal 5. Achieve gender equality and empower all women and girls, Goal 7. Ensure access to affordable, reliable, sustainable and modern energy for all",2024,https://www.pacificedgedx.com/assets/Investor-Files/PEB-Annual-Report-2024.pdf,PDF,Third-party,2025-06-05 18:17:18
Southern Cross Austereo (aspecthuntley),Division J,Information Media And Telecommunications,AU,"Goal 12. Ensure sustainable consumption and production patterns, Goal 17. Strengthen the means of implementation and revitalize the Global Partnership for Sustainable Development, Goal 5. Achieve gender equality and empower all women and girls, Goal 7. Ensure access to affordable, reliable, sustainable and modern energy for all",2024,https://minedocs.com/27/Aurelia-AR-2024.pdf,PDF,Third-party,2025-06-05 18:17:18
Southern Cross Austereo (aspecthuntley),Division J,Information Media And Telecommunications,AU,"Goal 12. Ensure sustainable consumption and production patterns, Goal 17. Strengthen the means of implementation and revitalize the Global Partnership for Sustainable Development, Goal 5. Achieve gender equality and empower all women and girls, Goal 7. Ensure access to affordable, reliable, sustainable and modern energy for all",2024,https://www.mirvac.com/-/media/project/mirvac/corporate/main-site/corporate-theme/images/investor-centre/asx/2024/fy24-results-reporting-suite/mgr---mgr-fy24-annual-report.pdf,PDF,Third-party,2025-06-05 18:17:18
Southern Cross Austereo (aspecthuntley),Division J,Information Media And Telecommunications,AU,"Goal 12. Ensure sustainable consumption and production patterns, Goal 17. Strengthen the means of implementation and revitalize the Global Partnership for Sustainable Development, Goal 5. Achieve gender equality and empower all women and girls, Goal 7. Ensure access to affordable, reliable, sustainable and modern energy for all",2024,https://cleanaway2stor.blob.core.windows.net/cleanaway2-blob-container/2024/09/2024-Annual-Report.pdf,PDF,Third-party,2025-06-05 18:17:18
Southern Cross Austereo (aspecthuntley),Division J,Information Media And Telecommunications,AU,"Goal 12. Ensure sustainable consumption and production patterns, Goal 17. Strengthen the means of implementation and revitalize the Global Partnership for Sustainable Development, Goal 5. Achieve gender equality and empower all women and girls, Goal 7. Ensure access to affordable, reliable, sustainable and modern energy for all",2024,https://ir.smartgroup.com.au/FormBuilder/_Resource/_module/w6TkQfNeUU2rMVZtSA7mdA/file/Appendix-4E-and-2024-Annual-Report.pdf,PDF,Third-party,2025-06-05 18:17:18
Macquarie Media (macquarie),Division J,Information Media And Telecommunications,AU,"Goal 12. Ensure sustainable consumption and production patterns, Goal 17. Strengthen the means of implementation and revitalize the Global Partnership for Sustainable Development, Goal 5. Achieve gender equality and empower all women and girls, Goal 7. Ensure access to affordable, reliable, sustainable and modern energy for all",2024,https://www.macquarie.com/assets/macq/about/company/sustainability/macquarie-group-fy25-sustainability-report.pdf,PDF,Trusted,2025-06-05 18:17:18
Macquarie Media (macquarie),Division J,Information Media And Telecommunications,AU,"Goal 12. Ensure sustainable consumption and production patterns, Goal 17. Strengthen the means of implementation and revitalize the Global Partnership for Sustainable Development, Goal 5. Achieve gender equality and empower all women and girls, Goal 7. Ensure access to affordable, reliable, sustainable and modern energy for all",2024,https://www.mq.edu.au/__data/assets/pdf_file/0008/1325807/2024-Sustainability-Financing-Framework-Annual-Report.pdf,PDF,Third-party,2025-06-05 18:17:18
Macquarie Media (macquarie),Division J,Information Media And Telecommunications,AU,"Goal 12. Ensure sustainable consumption and production patterns, Goal 17. Strengthen the means of implementation and revitalize the Global Partnership for Sustainable Development, Goal 5. Achieve gender equality and empower all women and girls, Goal 7. Ensure access to affordable, reliable, sustainable and modern energy for all",2024,https://www.macquarie.com/assets/macq/investor/reports/2025/macquarie-group-fy25-annual-report.pdf,PDF,Trusted,2025-06-05 18:17:18
Macquarie Media (macquarie),Division J,Information Media And Telecommunications,AU,"Goal 12. Ensure sustainable consumption and production patterns, Goal 17. Strengthen the means of implementation and revitalize the Global Partnership for Sustainable Development, Goal 5. Achieve gender equality and empower all women and girls, Goal 7. Ensure access to affordable, reliable, sustainable and modern energy for all",2024,https://macquarietechnologygroup.com/wp-content/uploads/2024/10/MAQ-2024-Annual-Report-to-Shareholders.pdf,PDF,Trusted,2025-06-05 18:17:18
Macquarie Media (macquarie),Division J,Information Media And Telecommunications,AU,"Goal 12. Ensure sustainable consumption and production patterns, Goal 17. Strengthen the means of implementation and revitalize the Global Partnership for Sustainable Development, Goal 5. Achieve gender equality and empower all women and girls, Goal 7. Ensure access to affordable, reliable, sustainable and modern energy for all",2024,https://www.macquarie.com/assets/macq/investor/reports/2024/macquarie-group-fy24-annual-report.pdf,PDF,Trusted,2025-06-05 18:17:18
Macquarie Media (macquarie),Division J,Information Media And Telecommunications,AU,"Goal 12. Ensure sustainable consumption and production patterns, Goal 17. Strengthen the means of implementation and revitalize the Global Partnership for Sustainable Development, Goal 5. Achieve gender equality and empower all women and girls, Goal 7. Ensure access to affordable, reliable, sustainable and modern energy for all",2024,https://www.mq.edu.au/__data/assets/pdf_file/0004/1302952/Macquarie-University-Annual-Report-2023.pdf,PDF,Third-party,2025-06-05 18:17:18
Macquarie Media (macquarie),Division J,Information Media And Telecommunications,AU,"Goal 12. Ensure sustainable consumption and production patterns, Goal 17. Strengthen the means of implementation and revitalize the Global Partnership for Sustainable Development, Goal 5. Achieve gender equality and empower all women and girls, Goal 7. Ensure access to affordable, reliable, sustainable and modern energy for all",2024,https://www.deshaw.com/assets/articles/D_E_Shaw_Group_Macquarie_Press_Release_09242024.pdf,PDF,Third-party,2025-06-05 18:17:18
Macquarie Media (macquarie),Division J,Information Media And Telecommunications,AU,"Goal 12. Ensure sustainable consumption and production patterns, Goal 17. Strengthen the means of implementation and revitalize the Global Partnership for Sustainable Development, Goal 5. Achieve gender equality and empower all women and girls, Goal 7. Ensure access to affordable, reliable, sustainable and modern energy for all",2024,https://www.cppinvestments.com/wp-content/uploads/2024/07/CPP-Investments-F2024-Annual-Report.pdf,PDF,Third-party,2025-06-05 18:17:18
Macquarie Media (macquarie),Division J,Information Media And Telecommunications,AU,"Goal 12. Ensure sustainable consumption and production patterns, Goal 17. Strengthen the means of implementation and revitalize the Global Partnership for Sustainable Development, Goal 5. Achieve gender equality and empower all women and girls, Goal 7. Ensure access to affordable, reliable, sustainable and modern energy for all",2024,https://www.lakemac.com.au/files/assets/public/v/1/council/annual-reports/lake-macquarie-city-council-annual-report-2023-2024.pdf,PDF,Third-party,2025-06-05 18:17:18
Macquarie Media (macquarie),Division J,Information Media And Telecommunications,AU,"Goal 12. Ensure sustainable consumption and production patterns, Goal 17. Strengthen the means of implementation and revitalize the Global Partnership for Sustainable Development, Goal 5. Achieve gender equality and empower all women and girls, Goal 7. Ensure access to affordable, reliable, sustainable and modern energy for all",2024,https://www.reuters.com/sustainability/sustainable-finance-reporting/australias-macquarie-joins-major-us-banks-exiting-global-climate-coalition-2025-02-11/,HTML,Third-party,2025-06-05 18:17:18
Macquarie Media (macquarie),Division J,Information Media And Telecommunications,AU,"Goal 12. Ensure sustainable consumption and production patterns, Goal 17. Strengthen the means of implementation and revitalize the Global Partnership for Sustainable Development, Goal 5. Achieve gender equality and empower all women and girls, Goal 7. Ensure access to affordable, reliable, sustainable and modern energy for all",2024,https://www.nomuraholdings.com/investor/presentation/,HTML,Third-party,2025-06-05 18:17:18
Macquarie Media (macquarie),Division J,Information Media And Telecommunications,AU,"Goal 12. Ensure sustainable consumption and production patterns, Goal 17. Strengthen the means of implementation and revitalize the Global Partnership for Sustainable Development, Goal 5. Achieve gender equality and empower all women and girls, Goal 7. Ensure access to affordable, reliable, sustainable and modern energy for all",2024,https://www.nomuraholdings.com/news/nr/holdings/20250422/20250422.html,HTML,Third-party,2025-06-05 18:17:18
Telstra,Division J,Information Media And Telecommunications,AU,Goal 5. Achieve gender equality and empower all women and girls,2024,https://www.ororagroup.com/system/downloads/files/000/000/992/original/Orora_Annual_Report_24.pdf?1738636117,PDF,Third-party,2025-06-20 10:18:11
Optus,Division J,Information Media And Telecommunications,AU,Goal 5. Achieve gender equality and empower all women and girls,2024,https://www.esafety.gov.au/sites/default/files/2024-10/ACMA-eSafety-annual-report-2023-24.pdf?v=1741219200031,PDF,Third-party,2025-06-20 10:18:11
Optus,Division J,Information Media And Telecommunications,AU,Goal 5. Achieve gender equality and empower all women and girls,2024,https://optus.bank/wp-content/uploads/2025/06/Optus-2024-Impact-Report-Final.pdf,PDF,Trusted,2025-06-20 10:18:11
SBS (Special Broadcasting Service),Division J,Information Media And Telecommunications,AU,Goal 5. Achieve gender equality and empower all women and girls,2024,https://www.bekocorporate.com/media/bovh23pl/arcelik_2024-eng.pdf,PDF,Third-party,2025-06-20 10:18:11
Australian Broadcasting Corporation (abc-cdn),Division J,Information Media And Telecommunications,AU,Goal 5. Achieve gender equality and empower all women and girls,2024,https://www.berkshirehathaway.com/2024ar/2024ar.pdf,PDF,Third-party,2025-06-20 10:18:11
News Corp Australia (newscorp),Division J,Information Media And Telecommunications,AU,Goal 5. Achieve gender equality and empower all women and girls,2024,https://www.responsibilityreports.com/HostedData/ResponsibilityReportArchive/n/NASDAQ_NWS_2022.pdf,PDF,Third-party,2025-06-20 10:18:11
News Corp Australia (newscorp),Division J,Information Media And Telecommunications,AU,Goal 5. Achieve gender equality and empower all women and girls,2024,https://www.relx.com/~/media/Files/R/RELX-Group/documents/reports/annual-reports/relx-2024-annual-report.pdf,PDF,Third-party,2025-06-20 10:18:11
Nine Entertainment Co. (nineforbrands),Division J,Information Media And Telecommunications,AU,Goal 5. Achieve gender equality and empower all women and girls,2024,https://www.nineforbrands.com.au/wp-content/uploads/2024/11/NIN003_Modern-Slavery-Statement-FY24_FA.pdf,PDF,Trusted,2025-06-20 10:18:11
Seven West Media,Division J,Information Media And Telecommunications,AU,Goal 5. Achieve gender equality and empower all women and girls,2024,https://www.responsibilityreports.com/HostedData/ResponsibilityReportArchive/S/ASX_SWM_2023.pdf,PDF,Third-party,2025-06-20 10:18:11
Seven West Media,Division J,Information Media And Telecommunications,AU,Goal 5. Achieve gender equality and empower all women and girls,2024,https://www.diageo.com/~/media/Files/D/Diageo-V2/Diageo-Corp/investors/diageo-annual-report-2024.pdf,PDF,Third-party,2025-06-20 10:18:11
Seven West Media,Division J,Information Media And Telecommunications,AU,Goal 5. Achieve gender equality and empower all women and girls,2024,https://www.woodside.com/docs/default-source/investor-documents/major-reports-(static-pdfs)/2024-annual-report/annual-report-2024.pdf,PDF,Third-party,2025-06-20 10:18:11
Foxtel (newscorp),Division J,Information Media And Telecommunications,AU,Goal 5. Achieve gender equality and empower all women and girls,2024,https://corporate.harpercollins.co.uk/wp-content/uploads/sites/55/2024/12/News-Corp-Modern-Slavery-Statement-2024.pdf,PDF,Third-party,2025-06-20 10:18:11
Southern Cross Austereo (aspecthuntley),Division J,Information Media And Telecommunications,AU,Goal 5. Achieve gender equality and empower all women and girls,2024,https://www.aspecthuntley.com.au/asxdata/20241024/pdf/02870678.pdf,PDF,Trusted,2025-06-20 10:18:11
Southern Cross Austereo (aspecthuntley),Division J,Information Media And Telecommunications,AU,Goal 5. Achieve gender equality and empower all women and girls,2024,https://www.atlasarteria.com/stores/_sharedfiles/Results/2023_Results/Appendix_4E_and_2023_Annual_Report.pdf,PDF,Third-party,2025-06-20 10:18:11
Southern Cross Austereo (aspecthuntley),Division J,Information Media And Telecommunications,AU,Goal 5. Achieve gender equality and empower all women and girls,2024,https://stanmore.au/wp-content/uploads/2024/04/Stanmore-Annual-Report-2023.pdf,PDF,Third-party,2025-06-20 10:18:11
Southern Cross Austereo (aspecthuntley),Division J,Information Media And Telecommunications,AU,Goal 5. Achieve gender equality and empower all women and girls,2024,https://www.australres.com/media/1364/20250331-ar1-austral-resources-annual-report-to-shareholders.pdf,PDF,Third-party,2025-06-20 10:18:11
Southern Cross Austereo (aspecthuntley),Division J,Information Media And Telecommunications,AU,Goal 5. Achieve gender equality and empower all women and girls,2024,https://www.mesoblast.com/images/pdf/MSB_2023_Annual_Report_Online.pdf,PDF,Third-party,2025-06-20 10:18:11
Southern Cross Austereo (aspecthuntley),Division J,Information Media And Telecommunications,AU,Goal 5. Achieve gender equality and empower all women and girls,2024,https://d3ar6irj6sybdw.cloudfront.net/stores/_sharedfiles/Results/2024_Results/Atlas%20Arteria%20Appendix%204E%20and%20Annual%20Report.pdf,PDF,Third-party,2025-06-20 10:18:11
Southern Cross Austereo (aspecthuntley),Division J,Information Media And Telecommunications,AU,Goal 5. Achieve gender equality and empower all women and girls,2024,https://cdn.fortescue.com/docs/default-source/announcements-and-reports/2597718.pdf,PDF,Third-party,2025-06-20 10:18:11
Macquarie Media (macquarie),Division J,Information Media And Telecommunications,AU,Goal 5. Achieve gender equality and empower all women and girls,2024,https://www.macquarietechnologygroup.com/wp-content/uploads/2024/10/MAQ-2024-Annual-Report-to-Shareholders.pdf,PDF,Trusted,2025-06-20 10:18:11
Macquarie Media (macquarie),Division J,Information Media And Telecommunications,AU,Goal 5. Achieve gender equality and empower all women and girls,2024,https://www.macquarie.com/assets/macq/about/company/sustainability/macquarie-group-fy25-sustainability-plan-report.pdf,PDF,Trusted,2025-06-20 10:18:11
Macquarie Media (macquarie),Division J,Information Media And Telecommunications,AU,Goal 5. Achieve gender equality and empower all women and girls,2024,https://www.macquarie.com/assets/macq/investor/results-and-presentations/2025/macquarie-group-fy25-agm-notice-of-meeting.pdf,PDF,Trusted,2025-06-20 10:18:11
Purple House,Division Q,Health Care And Social Assistance,AU,Goal 5. Achieve gender equality and empower all women and girls,2024,https://www.cppinvestments.com/wp-content/uploads/2024/07/CPP-Investments-F2024-Annual-Report.pdf,PDF,Third-party,2025-06-20 10:18:11
Purple House,Division Q,Health Care And Social Assistance,AU,Goal 5. Achieve gender equality and empower all women and girls,2024,https://www.diageo.com/~/media/Files/D/Diageo-V2/Diageo-Corp/investors/diageo-annual-report-2024.pdf,PDF,Third-party,2025-06-20 10:18:11
Purple House,Division Q,Health Care And Social Assistance,AU,Goal 5. Achieve gender equality and empower all women and girls,2024,https://www.givaudan.com/files/giv-2024-integrated-report.pdf,PDF,Third-party,2025-06-20 10:18:11
Purple House,Division Q,Health Care And Social Assistance,AU,Goal 5. Achieve gender equality and empower all women and girls,2024,https://hcpf.colorado.gov/sites/hcpf/files/2025%20CHASE%20Annual%20Report%20%5BFinal%5D.pdf,PDF,Third-party,2025-06-20 10:18:11
Purple House,Division Q,Health Care And Social Assistance,AU,Goal 5. Achieve gender equality and empower all women and girls,2024,https://www.astrazeneca.com/content/dam/az/Investor_Relations/annual-report-2024/pdf/AstraZeneca_AR_2024.pdf,PDF,Third-party,2025-06-20 10:18:11
Purple House,Division Q,Health Care And Social Assistance,AU,Goal 5. Achieve gender equality and empower all women and girls,2024,https://www.theheinekencompany.com/sites/heineken-corp/files/2025-02/heineken_n_v_annual_report_2024_final_20feb2025.pdf,PDF,Third-party,2025-06-20 10:18:11
Purple House,Division Q,Health Care And Social Assistance,AU,Goal 5. Achieve gender equality and empower all women and girls,2024,https://www.fedex.com/content/dam/fedex/us-united-states/sustainability/gcrs/FedEx_2024_ESG_Report.pdf,PDF,Third-party,2025-06-20 10:18:11
Purple House,Division Q,Health Care And Social Assistance,AU,Goal 5. Achieve gender equality and empower all women and girls,2024,https://www.tcs.com/content/dam/tcs/investor-relations/financial-statements/2023-24/ar/annual-report-2023-2024.pdf,PDF,Third-party,2025-06-20 10:18:11
Purple House,Division Q,Health Care And Social Assistance,AU,Goal 5. Achieve gender equality and empower all women and girls,2024,https://www.unepfi.org/wordpress/wp-content/uploads/2025/03/discovery-sustainability-report-FY2024.pdf,PDF,Third-party,2025-06-20 10:18:11
Sacred Heart Mission,Division Q,Health Care And Social Assistance,AU,Goal 5. Achieve gender equality and empower all women and girls,2024,https://about.ascension.org/-/media/project/ascension/about/section-about/community-impact/environmental/24-ascension-environmental-impact-sustainability-annual-report.pdf,PDF,Third-party,2025-06-20 10:18:11
Sacred Heart Mission,Division Q,Health Care And Social Assistance,AU,Goal 5. Achieve gender equality and empower all women and girls,2024,https://www.nestle.com/sites/default/files/2024-02/creating-shared-value-sustainability-report-2023-en.pdf,PDF,Third-party,2025-06-20 10:18:11
Sacred Heart Mission,Division Q,Health Care And Social Assistance,AU,Goal 5. Achieve gender equality and empower all women and girls,2024,https://corporate.ford.com/content/dam/corporate/us/en-us/documents/reports/2024-integrated-sustainability-and-financial-report.pdf,PDF,Third-party,2025-06-20 10:18:11
Sacred Heart Mission,Division Q,Health Care And Social Assistance,AU,Goal 5. Achieve gender equality and empower all women and girls,2024,https://reports.anglogoldashanti.com/24/wp-content/uploads/2025/03/AGA-SR24.pdf,PDF,Third-party,2025-06-20 10:18:11
Sacred Heart Mission,Division Q,Health Care And Social Assistance,AU,Goal 5. Achieve gender equality and empower all women and girls,2024,https://www.doi.gov/sites/default/files/documents/2025-01/2024-2025-annual-performance-plan-2023-report.pdf,PDF,Third-party,2025-06-20 10:18:11
Sacred Heart Mission,Division Q,Health Care And Social Assistance,AU,Goal 5. Achieve gender equality and empower all women and girls,2024,https://www.coca-colahellenic.com/content/dam/cch/us/documents/oar2024/cchbc-iar-2024.pdf.downloadasset.pdf,PDF,Third-party,2025-06-20 10:18:11
Sacred Heart Mission,Division Q,Health Care And Social Assistance,AU,Goal 5. Achieve gender equality and empower all women and girls,2024,https://thewaltdisneycompany.eu/app/uploads/2024/04/TWDC-EMEA-CSR-Report_2023.pdf,PDF,Third-party,2025-06-20 10:18:11
Sacred Heart Mission,Division Q,Health Care And Social Assistance,AU,Goal 5. Achieve gender equality and empower all women and girls,2024,https://investor.tsmc.com/sites/ir/annual-report/2024/2024%20Annual%20Report-E.pdf,PDF,Third-party,2025-06-20 10:18:11
Sacred Heart Mission,Division Q,Health Care And Social Assistance,AU,Goal 5. Achieve gender equality and empower all women and girls,2024,https://www.providence.org/-/media/project/psjh/providence/socal/files/about/financial-statements/2024-continuing-disclosure-annual-report.pdf,PDF,Third-party,2025-06-20 10:18:11
Aboriginal Medical Service Cooperative Limited (AMSRedfern),Division Q,Health Care And Social Assistance,AU,Goal 5. Achieve gender equality and empower all women and girls,2024,https://www.ahmrc.org.au/wp-content/uploads/2025/02/AHMRC_AR2024_250115_DIGITAL-1.pdf,PDF,Third-party,2025-06-20 10:18:11
Aboriginal Medical Service Cooperative Limited (AMSRedfern),Division Q,Health Care And Social Assistance,AU,Goal 5. Achieve gender equality and empower all women and girls,2024,https://www.naccho.org.au/wp-content/uploads/2024/10/NACCHO_AnnualReport2021-22_website.pdf,PDF,Third-party,2025-06-20 10:18:11
Aboriginal Medical Service Cooperative Limited (AMSRedfern),Division Q,Health Care And Social Assistance,AU,Goal 5. Achieve gender equality and empower all women and girls,2024,https://brienholdenfoundation.org/wp-content/uploads/2024/01/BHF-Annual-Review-2023_shortfinancial_Final-compressed.pdf,PDF,Third-party,2025-06-20 10:18:11
Aboriginal Medical Service Cooperative Limited (AMSRedfern),Division Q,Health Care And Social Assistance,AU,Goal 5. Achieve gender equality and empower all women and girls,2024,https://www.naccho.org.au/wp-content/uploads/2024/10/Core-Services-Outcomes-Framework-full-document.pdf,PDF,Third-party,2025-06-20 10:18:11
Aboriginal Medical Service Cooperative Limited (AMSRedfern),Division Q,Health Care And Social Assistance,AU,Goal 5. Achieve gender equality and empower all women and girls,2024,https://www.parliament.nsw.gov.au/tp/files/187223/NSW%20Aboriginal%20Land%20Council%20Annual%20Report%202023.pdf,PDF,Third-party,2025-06-20 10:18:11
Aboriginal Medical Service Cooperative Limited (AMSRedfern),Division Q,Health Care And Social Assistance,AU,Goal 5. Achieve gender equality and empower all women and girls,2024,https://www.amc.org.au/wp-content/uploads/2023/08/2021-USYD-Report-secured.pdf,PDF,Third-party,2025-06-20 10:18:11
Aboriginal Medical Service Cooperative Limited (AMSRedfern),Division Q,Health Care And Social Assistance,AU,Goal 5. Achieve gender equality and empower all women and girls,2024,https://www.acon.org.au/wp-content/uploads/2023/11/Annual-Report-2022-2023.pdf,PDF,Third-party,2025-06-20 10:18:11
Aboriginal Medical Service Cooperative Limited (AMSRedfern),Division Q,Health Care And Social Assistance,AU,Goal 5. Achieve gender equality and empower all women and girls,2024,https://opus.lib.uts.edu.au/bitstream/10453/187278/1/thesis.pdf,PDF,Third-party,2025-06-20 10:18:11
Aboriginal Medical Service Cooperative Limited (AMSRedfern),Division Q,Health Care And Social Assistance,AU,Goal 5. Achieve gender equality and empower all women and girls,2024,https://www.nida.edu.au/wp-content/uploads/NIDA_Student_Handbook_Final_Feb-2025.pdf,PDF,Third-party,2025-06-20 10:18:11
Aboriginal Medical Service Cooperative Limited (AMSRedfern),Division Q,Health Care And Social Assistance,AU,Goal 5. Achieve gender equality and empower all women and girls,2024,https://shared-drupal-s3fs.s3.ap-southeast-2.amazonaws.com/master-test/fapub_pdf/Waterloo+submissions.pdf,PDF,Third-party,2025-06-20 10:18:11
Bupa Health Foundation (bupa),Division Q,Health Care And Social Assistance,AU,Goal 5. Achieve gender equality and empower all women and girls,2024,https://www.bupa.com/~/media/files/b/bupa-v5/documents/annual-report-2024/bupa-group-2024-annual-report-sustainability-report.pdf,PDF,Trusted,2025-06-20 10:18:11
Bupa Health Foundation (bupa),Division Q,Health Care And Social Assistance,AU,Goal 5. Achieve gender equality and empower all women and girls,2024,https://www.bupafoundation.org/site_files/4850/upload_files/BupaFoundation2024impactreport.pdf?dl=1,PDF,Trusted,2025-06-20 10:18:11
Bupa Health Foundation (bupa),Division Q,Health Care And Social Assistance,AU,Goal 5. Achieve gender equality and empower all women and girls,2024,https://www.bupa.com/~/media/files/b/bupa-v5/documents/annual-report-2024/bupa-group-2024-annual-report-and-accounts.pdf,PDF,Trusted,2025-06-20 10:18:11
Bupa Health Foundation (bupa),Division Q,Health Care And Social Assistance,AU,Goal 5. Achieve gender equality and empower all women and girls,2024,http://www.rns-pdf.londonstockexchange.com/rns/9077F_1-2024-3-6.pdf,PDF,Third-party,2025-06-20 10:18:11
Bupa Health Foundation (bupa),Division Q,Health Care And Social Assistance,AU,Goal 5. Achieve gender equality and empower all women and girls,2024,https://www.bupa.com/~/media/files/b/bupa-v5/documents/annual-report-2023/bupa-sustainability-and-esg-section-ar2023.pdf,PDF,Trusted,2025-06-20 10:18:11
Bupa Health Foundation (bupa),Division Q,Health Care And Social Assistance,AU,Goal 5. Achieve gender equality and empower all women and girls,2024,https://www.ey.com/content/dam/ey-unified-site/ey-com/en-gl/insights/financial-accounting-advisory-services/documents/ey-gl-global-corporate-reporting-survey-10-2024.pdf,PDF,Third-party,2025-06-20 10:18:11
Bupa Health Foundation (bupa),Division Q,Health Care And Social Assistance,AU,Goal 5. Achieve gender equality and empower all women and girls,2024,https://www.bupa.com/~/media/files/b/bupa-v5/documents/annual-report-2024/bupa-group-2024-annual-report-governance-report.pdf,PDF,Trusted,2025-06-20 10:18:11
Bupa Health Foundation (bupa),Division Q,Health Care And Social Assistance,AU,Goal 5. Achieve gender equality and empower all women and girls,2024,https://www.saudiexchange.sa/Resources/fsPdf/505_0_2024-03-31_22-51-33_En.pdf,PDF,Third-party,2025-06-20 10:18:11
Bupa Health Foundation (bupa),Division Q,Health Care And Social Assistance,AU,Goal 5. Achieve gender equality and empower all women and girls,2024,https://www.smbcgroup.com/emea/images/SMBC/media/SMBC/pdf/disclosures/smbcbi-annual-report-2024.pdf,PDF,Third-party,2025-06-20 10:18:11
Bupa Health Foundation (bupa),Division Q,Health Care And Social Assistance,AU,Goal 5. Achieve gender equality and empower all women and girls,2024,https://shareholdersandinvestors.bbva.com/wp-content/uploads/2025/02/Informe-anual-2024_ENG.pdf,PDF,Third-party,2025-06-20 10:18:11
Australian Healthcare and Hospitals Association (ahha),Division Q,Health Care And Social Assistance,AU,Goal 5. Achieve gender equality and empower all women and girls,2024,https://ahha.asn.au/wp-content/uploads/2024/11/The-Health-Advocate-November-2024.pdf,PDF,Trusted,2025-06-20 10:18:11
Australian Healthcare and Hospitals Association (ahha),Division Q,Health Care And Social Assistance,AU,Goal 5. Achieve gender equality and empower all women and girls,2024,https://www.mindray.com/content/dam/xpace/en/investor-relations/2024/mindray-2024-esg-report-en.pdf,PDF,Third-party,2025-06-20 10:18:11
Australian Healthcare and Hospitals Association (ahha),Division Q,Health Care And Social Assistance,AU,Goal 5. Achieve gender equality and empower all women and girls,2024,https://ahha.asn.au/wp-content/uploads/2024/04/deeble_perspectives_brief_30._transforming_for_valued-based_health_care.pdf,PDF,Trusted,2025-06-20 10:18:11
Australian Healthcare and Hospitals Association (ahha),Division Q,Health Care And Social Assistance,AU,Goal 5. Achieve gender equality and empower all women and girls,2024,https://www.edwards.com/assets/pdfs/2024-corporate-impact-report.pdf,PDF,Third-party,2025-06-20 10:18:11
Australian Healthcare and Hospitals Association (ahha),Division Q,Health Care And Social Assistance,AU,Goal 5. Achieve gender equality and empower all women and girls,2024,https://ahha.asn.au/wp-content/uploads/2024/09/AHHA-Annual-Report-2023-24.pdf,PDF,Trusted,2025-06-20 10:18:11
Australian Healthcare and Hospitals Association (ahha),Division Q,Health Care And Social Assistance,AU,Goal 5. Achieve gender equality and empower all women and girls,2024,https://www.straumann.com/content/dam/media-center/group/en/documents/annual-report/2024/Straumann_AR24_NonFinancialReport.pdf,PDF,Third-party,2025-06-20 10:18:11
Australian Healthcare and Hospitals Association (ahha),Division Q,Health Care And Social Assistance,AU,Goal 5. Achieve gender equality and empower all women and girls,2024,https://www.cardinalhealth.com/content/dam/corp/web/documents/Report/cardinal-health-fy24-ESG-report.pdf,PDF,Third-party,2025-06-20 10:18:11
Australian Healthcare and Hospitals Association (ahha),Division Q,Health Care And Social Assistance,AU,Goal 5. Achieve gender equality and empower all women and girls,2024,https://www.straumann.com/content/dam/media-center/group/en/documents/annual-report/2024/Straumann_AR24_Sustainability.pdf,PDF,Third-party,2025-06-20 10:18:11
Australian Healthcare and Hospitals Association (ahha),Division Q,Health Care And Social Assistance,AU,Goal 5. Achieve gender equality and empower all women and girls,2024,https://treasury.gov.au/sites/default/files/2023-03/c2023-379612-australian_healthcare_and_hospital_association.pdf,PDF,Third-party,2025-06-20 10:18:11
Healthscope,Division Q,Health Care And Social Assistance,AU,Goal 5. Achieve gender equality and empower all women and girls,2024,https://www.unitedhealthgroup.com/content/dam/UHG/PDF/investors/2023/UNH-Q4-2023-Form-10-K.pdf,PDF,Third-party,2025-06-20 10:18:11
Healthscope,Division Q,Health Care And Social Assistance,AU,Goal 5. Achieve gender equality and empower all women and girls,2024,https://www.adventhealth.com/sites/default/files/assets/2023-sustainability-annual-report.pdf,PDF,Third-party,2025-06-20 10:18:11
Healthscope,Division Q,Health Care And Social Assistance,AU,Goal 5. Achieve gender equality and empower all women and girls,2024,https://sustainabilityreport.ucop.edu/2024/wp-content/uploads/sites/6/2025/01/2024-UC-Annual-Report-on-Sustainable-Practices-Summary-9-Dec-24-v1-3.pdf,PDF,Third-party,2025-06-20 10:18:11
Healthscope,Division Q,Health Care And Social Assistance,AU,Goal 5. Achieve gender equality and empower all women and girls,2024,https://www.health.nsw.gov.au/annualreport/Publications/annual-report-2024.pdf,PDF,Third-party,2025-06-20 10:18:11
Healthscope,Division Q,Health Care And Social Assistance,AU,Goal 5. Achieve gender equality and empower all women and girls,2024,https://www.brookfieldindiareit.in/files/annual-report/Annual-Report-FY24.pdf,PDF,Third-party,2025-06-20 10:18:11
Healthscope,Division Q,Health Care And Social Assistance,AU,Goal 5. Achieve gender equality and empower all women and girls,2024,https://s202.q4cdn.com/584270836/files/doc_financials/2024/ar/Healthpeak-2023-Annual-Report.pdf,PDF,Third-party,2025-06-20 10:18:11
Healthscope,Division Q,Health Care And Social Assistance,AU,Goal 5. Achieve gender equality and empower all women and girls,2024,https://www.lonza.com/annualreport/2023/documents/Lonza_2023_Sustainability_Report.pdf,PDF,Third-party,2025-06-20 10:18:11
Healthscope,Division Q,Health Care And Social Assistance,AU,Goal 5. Achieve gender equality and empower all women and girls,2024,https://www.bausch.com/siteassets/bauschandlomb-sustainability-impact-report-2023.pdf,PDF,Third-party,2025-06-20 10:18:11
Healthscope,Division Q,Health Care And Social Assistance,AU,Goal 5. Achieve gender equality and empower all women and girls,2024,https://bn.brookfield.com/sites/brookfield-bn/files/BN-IR-Master/Annual-Reports/2024/2024%20-%20Updated/2024_BN_Annual_Report_vF.pdf,PDF,Third-party,2025-06-20 10:18:11
Healthscope,Division Q,Health Care And Social Assistance,AU,Goal 5. Achieve gender equality and empower all women and girls,2024,https://cleanaway2stor.blob.core.windows.net/cleanaway2-blob-container/2024/09/9761_Cleanaway_AR24_interactive_v4b_SPREADS-1.pdf,PDF,Third-party,2025-06-20 10:18:11
Private Healthcare Australia (PHA),Division Q,Health Care And Social Assistance,AU,Goal 5. Achieve gender equality and empower all women and girls,2024,https://www.boeing.com/content/dam/boeing/boeingdotcom/sustainability/pdf/2024-boeing-sustainability-socialImpact-report.pdf,PDF,Third-party,2025-06-20 10:18:11
Private Healthcare Australia (PHA),Division Q,Health Care And Social Assistance,AU,Goal 5. Achieve gender equality and empower all women and girls,2024,https://sustainability.aboutamazon.com/2023-amazon-sustainability-report.pdf,PDF,Third-party,2025-06-20 10:18:11
Private Healthcare Australia (PHA),Division Q,Health Care And Social Assistance,AU,Goal 5. Achieve gender equality and empower all women and girls,2024,https://www.solenis.com/globalassets/resources/sustainability--regulatory-library/105522-lit-2024sustainabilityreport-en-wb-v1.pdf,PDF,Third-party,2025-06-20 10:18:11
Private Healthcare Australia (PHA),Division Q,Health Care And Social Assistance,AU,Goal 5. Achieve gender equality and empower all women and girls,2024,https://www.medibank.com.au/content/dam/retail/about-assets/pdfs/corporate-governance/Medibank_Modern_Slavery_2024.pdf,PDF,Third-party,2025-06-20 10:18:11
Private Healthcare Australia (PHA),Division Q,Health Care And Social Assistance,AU,Goal 5. Achieve gender equality and empower all women and girls,2024,https://treasury.gov.au/sites/default/files/2019-03/private_healthcare_australia.pdf,PDF,Third-party,2025-06-20 10:18:11
Private Healthcare Australia (PHA),Division Q,Health Care And Social Assistance,AU,Goal 5. Achieve gender equality and empower all women and girls,2024,https://www.msd.com/wp-content/uploads/sites/9/2024/08/MSD_ImpactReport_2023-2024.pdf,PDF,Third-party,2025-06-20 10:18:11
Private Healthcare Australia (PHA),Division Q,Health Care And Social Assistance,AU,Goal 5. Achieve gender equality and empower all women and girls,2024,https://www.santos.com/wp-content/uploads/2024/02/Sustainability-and-Climate-Report-2023.pdf,PDF,Third-party,2025-06-20 10:18:11
Private Healthcare Australia (PHA),Division Q,Health Care And Social Assistance,AU,Goal 5. Achieve gender equality and empower all women and girls,2024,https://www.kemira.com/app/uploads/2025/02/kemira-full-annual-report-2024.pdf,PDF,Third-party,2025-06-20 10:18:11
Private Healthcare Australia (PHA),Division Q,Health Care And Social Assistance,AU,Goal 5. Achieve gender equality and empower all women and girls,2024,https://www.solvay.com/sites/g/files/srpend616/files/2025-04/Solvay_AIR_2024_EN_BD.pdf,PDF,Third-party,2025-06-20 10:18:11
Private Healthcare Australia (PHA),Division Q,Health Care And Social Assistance,AU,Goal 5. Achieve gender equality and empower all women and girls,2024,https://www.kimberly-clark.com/-/media/kimberly/pdf/key-download-pdf/kmb-2023-sustainability-report-060524.pdf,PDF,Third-party,2025-06-20 10:18:11
Australian Health Practitioner Regulation Agency (AHPRA),Division Q,Health Care And Social Assistance,AU,Goal 5. Achieve gender equality and empower all women and girls,2024,https://www.parliament.act.gov.au/__data/assets/pdf_file/0004/2630056/1_Australian-Health-Practitioner-Regulation-Agency-and-National-Boards-Annual-Report-2023-24.pdf,PDF,Third-party,2025-06-20 10:18:11
Australian Health Practitioner Regulation Agency (AHPRA),Division Q,Health Care And Social Assistance,AU,Goal 5. Achieve gender equality and empower all women and girls,2024,https://www.nswnma.asn.au/wp-content/uploads/2023/08/Australian-Health-Practitioner-Regulation-Agency-Enterprise-Agreement-2022-2025.pdf,PDF,Third-party,2025-06-20 10:18:11
Australian Health Practitioner Regulation Agency (AHPRA),Division Q,Health Care And Social Assistance,AU,Goal 5. Achieve gender equality and empower all women and girls,2024,https://downloads.hpca.nsw.gov.au/hp24_28359_report_-_councils_joint_annual_report_2024_-_17_october_2024_-_part_1.pdf,PDF,Third-party,2025-06-20 10:18:11
Australian Health Practitioner Regulation Agency (AHPRA),Division Q,Health Care And Social Assistance,AU,Goal 5. Achieve gender equality and empower all women and girls,2024,https://www.health.gov.au/sites/default/files/2024-09/consultation-paper-1-review-of-complexity-in-the-national-registration-and-accreditation-scheme_0.pdf,PDF,Third-party,2025-06-20 10:18:11
National Disability Insurance Agency (NDIA),Division Q,Health Care And Social Assistance,AU,Goal 5. Achieve gender equality and empower all women and girls,2024,https://www.finance.gov.au/sites/default/files/2024-11/Audit-Report-of-the-2023%E2%80%9324-annual-performance-statements-National-Disability-Insurance-Agency.pdf,PDF,Third-party,2025-06-20 10:18:11
National Disability Insurance Agency (NDIA),Division Q,Health Care And Social Assistance,AU,Goal 5. Achieve gender equality and empower all women and girls,2024,https://previewapi.transparency.gov.au/delivery/assets/80a82ed1-3e33-027b-b7e0-6493f97f18f8/0b46e8f9-ae78-400b-9f9b-d5bd4e97f612/2024-25%20National%20Disability%20Insurance%20Agency%20Corporate%20Plan.pdf,PDF,Third-party,2025-06-20 10:18:11
National Disability Insurance Agency (NDIA),Division Q,Health Care And Social Assistance,AU,Goal 5. Achieve gender equality and empower all women and girls,2024,https://disability.unimelb.edu.au/__data/assets/pdf_file/0007/4359400/Comments-on-the-NDIS-2020-21-Annual-Financial-Sustainability-Report-Revised-October-202235.pdf,PDF,Third-party,2025-06-20 10:18:11
National Disability Insurance Agency (NDIA),Division Q,Health Care And Social Assistance,AU,Goal 5. Achieve gender equality and empower all women and girls,2024,https://www.dss.gov.au/system/files/resources/review-ndia-actuarial-forecast-model-and-drivers-scheme-costs.pdf,PDF,Third-party,2025-06-20 10:18:11
National Disability Insurance Agency (NDIA),Division Q,Health Care And Social Assistance,AU,Goal 5. Achieve gender equality and empower all women and girls,2024,https://www.anao.gov.au/sites/default/files/2023-06/Auditor-General_Report_2022-23_43.pdf,PDF,Third-party,2025-06-20 10:18:11
National Disability Insurance Agency (NDIA),Division Q,Health Care And Social Assistance,AU,Goal 5. Achieve gender equality and empower all women and girls,2024,https://jec.org.au/wp-content/uploads/2024/03/PIAC_NDIS-Insights-2023-24.pdf,PDF,Third-party,2025-06-20 10:18:11
National Disability Insurance Agency (NDIA),Division Q,Health Care And Social Assistance,AU,Goal 5. Achieve gender equality and empower all women and girls,2024,https://grattan.edu.au/wp-content/uploads/2024/12/Strong-foundations-Grattan-Institute-Submission-to-DSS.pdf,PDF,Third-party,2025-06-20 10:18:11
St John Ambulance Australia (stjohn),Division Q,Health Care And Social Assistance,AU,Goal 5. Achieve gender equality and empower all women and girls,2024,https://stjohn.org.au/assets/uploads/annual%20reports/AR2024%20Internal-NAT0049%20WEB.pdf,PDF,Trusted,2025-06-20 10:18:11
St John Ambulance Australia (stjohn),Division Q,Health Care And Social Assistance,AU,Goal 5. Achieve gender equality and empower all women and girls,2024,https://www.stjohnqld.com.au/wp-content/uploads/2024/11/SJ-Annual-Report-2023-24-1024_FINAL_web.pdf,PDF,Trusted,2025-06-20 10:18:11
St John Ambulance Australia (stjohn),Division Q,Health Care And Social Assistance,AU,Goal 5. Achieve gender equality and empower all women and girls,2024,https://stjohn.org.au/assets/uploads/annual%20reports/AR2023%20online.pdf,PDF,Trusted,2025-06-20 10:18:11
St John Ambulance Australia (stjohn),Division Q,Health Care And Social Assistance,AU,Goal 5. Achieve gender equality and empower all women and girls,2024,https://news.stjohnwa.com.au/wp-content/uploads/2024/11/23-24-Annual-Report.pdf,PDF,Trusted,2025-06-20 10:18:11
St John Ambulance Australia (stjohn),Division Q,Health Care And Social Assistance,AU,Goal 5. Achieve gender equality and empower all women and girls,2024,https://www.stjohnwa.com.au/docs/default-source/board-communiques/board-charter---board-approved---26-october-2023.pdf?sfvrsn=e614f3b2_2,PDF,Trusted,2025-06-20 10:18:11
St John Ambulance Australia (stjohn),Division Q,Health Care And Social Assistance,AU,Goal 5. Achieve gender equality and empower all women and girls,2024,https://news.stjohnwa.com.au/wp-content/uploads/2023/10/FY22-23-Annual-Report.pdf,PDF,Trusted,2025-06-20 10:18:11
St John Ambulance Australia (stjohn),Division Q,Health Care And Social Assistance,AU,Goal 5. Achieve gender equality and empower all women and girls,2024,https://www.bupa.com/~/media/files/b/bupa-v5/documents/annual-report-2024/bupa-group-2024-annual-report-and-accounts.pdf,PDF,Third-party,2025-06-20 10:18:11
St John Ambulance Australia (stjohn),Division Q,Health Care And Social Assistance,AU,Goal 5. Achieve gender equality and empower all women and girls,2024,https://news.stjohnwa.com.au/wp-content/uploads/2024/10/OHCA23_Report_WEB2.pdf,PDF,Trusted,2025-06-20 10:18:11
St John Ambulance Australia (stjohn),Division Q,Health Care And Social Assistance,AU,Goal 5. Achieve gender equality and empower all women and girls,2024,https://careflight.org/wp-content/uploads/2024/09/2024-Annual-Report_CareFlight_web-1.pdf,PDF,Third-party,2025-06-20 10:18:11
St John Ambulance Australia (stjohn),Division Q,Health Care And Social Assistance,AU,Goal 5. Achieve gender equality and empower all women and girls,2024,https://www.swire.com/en/sustainability/sd_reports/steamships_trading_2024.pdf,PDF,Third-party,2025-06-20 10:18:11
