Organization,Country,SDG Goal,SDG Question,Answer Options,SDG Goal ID,SDG Ques ID,Industry,Filtered Content,URL,Page number,Document Type,Publication Date,Last updated Date
ABC (abc-cdn),AU,Goal 12. Ensure sustainable consumption and production patterns,"In your organization, what is the recycling rate (measured by sum of recyclables + organics divided by total garbage, as the percentage of of all waste that is recycled? ",1. I don't know. 2. < 10%. 3. 10% - 19%. 4. 20% - 29%. 5. 30% - 39%. 6. > 39%.,S003,Q003,Information Media And Telecommunications,[Page 114] In FY24 49% of waste  collected from major metropolitan sites was  diverted from landfill. | [Page 114] Major metropolitan sites  use multiple-bin waste systems to separate  waste streams.,https://live-production.wcms.abc-cdn.net.au/b4ee2afa69a0f6e1a000c42aeb27ed01,114 | 111,PDF,nan,2025-05-06T04:37:33.750209
ABC (abc-cdn),AU,Goal 17. Strengthen the means of implementation and revitalize the Global Partnership for Sustainable Development,Does your organization have an active IFRS certification in sustainability?,1. I don't know. 2. No. 3. 1-3  year active certification. 4. 4-6 year active certification. 5. 7-9 year active certification. 6. 10+ year active certification.,S004,Q005,Information Media And Telecommunications,[Page 273] Sustainability Working Group 116,https://live-production.wcms.abc-cdn.net.au/b4ee2afa69a0f6e1a000c42aeb27ed01,273,PDF,nan,2025-05-06T04:37:33.750209
ABC (abc-cdn),AU,Goal 17. Strengthen the means of implementation and revitalize the Global Partnership for Sustainable Development,Is your organisation certified with UN Compact?,"1. I don't know. 2. No. 3. No, but it is in planning for this year. 4. No, but certification is in progress. 5. Yes, certified, active this year. 6. Yes, certified , active this year, and have renewed certification once or more times",S004,Q004,Information Media And Telecommunications,,,,,,
ABC (abc-cdn),AU,Goal 5. Achieve gender equality and empower all women and girls,"In your organization, what is the percentage of women in managerial positions?",1. I don't know. 2. < 10%. 3. 10% - 19%. 4. 20% - 29%. 5. 30% - 39%. 6. > 39%.,S001,Q001,Information Media And Telecommunications,"[Page 91] Current workforce  data shows 55.1% of ABC executives are women. | [Page 128] Josephine Buontempo –  Deputy Chair North Fremantle, WA January 2019 – December 2024 Jo Buontempo has held executive and non- executive director roles across the corporate,  government and social sectors. | [Page 147] 17	 Percentage based on 70% of executives voluntarily providing Equal Employment Opportunity information as of 30 June 2024 using the CALD Data. | [Page 147] Currently, the  representation data for our Executive team is based on responses from 56% of the Executive workforce that have  completed the updated form. | [Page 147] 18	  based on 93% of executives voluntarily providing Equal Employment Opportunity information as of 30 June 2023 using the NESB Data.",https://live-production.wcms.abc-cdn.net.au/b4ee2afa69a0f6e1a000c42aeb27ed01,91 | 128 | 27 | 147,PDF,nan,2025-05-06T04:37:33.750209
ABC (abc-cdn),AU,"Goal 7. Ensure access to affordable, reliable, sustainable and modern energy for all","In your organization, what percentage of annual energy usage is derived from renewable energy (clean fuels and technology)?",1. I don't know. 2. < 10%. 3. 10% - 19%. 4. 20% - 29%. 5. 30% - 39%. 6. > 39%.,S002,Q002,Information Media And Telecommunications,"[Page 116] This includes the renewable  power percentage. | [Page 116] 1	 Mandatory renewables are the portion of electricity consumed from the grid that is generated by renewable sources. | [Page 113] The ABC’s scope 2 location-based emissions  have reduced by 9% year on year due to energy  efficiency measures, solar generation and  improving grid emissions factors. | [Page 113] Purchases of GreenPower are the primary  reason for the 37% year on year reduction in  the ABC’s scope 2 market-based emissions. | [Page 114] Offsets The ABC’s strategy to meet Scope 1 & 2 net zero  by 2030 is focused on minimising fossil fuel  usage across its operations, thereby reducing  GHG emissions. | [Page 116] FY24 electricity greenhouse gas emissions Emission Source Scope 2 t CO2-e Scope 3 t CO2-e Total t CO2-e Percentage of  electricity use Electricity (Location Based Approach) 18,217 1,958 20,175 100% Market-based electricity emissions 12,744 1,573 14,317 53% Total renewable electricity – – – 47% 	 Mandatory renewables1 – – – 19% 	 Voluntary renewables2 – – – 28% Note: the table above presents emissions related to electricity usage using both the location-based and the market-based accounting methods.",https://live-production.wcms.abc-cdn.net.au/b4ee2afa69a0f6e1a000c42aeb27ed01,116 | 114 | 113,PDF,nan,2025-05-06T04:37:33.750209
AGL Energy (agl),AU,Goal 12. Ensure sustainable consumption and production patterns,"In your organization, what is the recycling rate (measured by sum of recyclables + organics divided by total garbage, as the percentage of of all waste that is recycled? ",1. I don't know. 2. < 10%. 3. 10% - 19%. 4. 20% - 29%. 5. 30% - 39%. 6. > 39%.,S003,Q003,Electricity Gas Water And Waste Services,,,,,,
AGL Energy (agl),AU,Goal 17. Strengthen the means of implementation and revitalize the Global Partnership for Sustainable Development,Does your organization have an active IFRS certification in sustainability?,1. I don't know. 2. No. 3. 1-3  year active certification. 4. 4-6 year active certification. 5. 7-9 year active certification. 6. 10+ year active certification.,S004,Q005,Electricity Gas Water And Waste Services,"[Page 4] Directors' Report for the half-year ended 31 December 2024 Non-IFRS Financial Information The Financial Review attached to and forming part of this Directors’ Report includes a number of non-International Financial Reporting  Standards (IFRS) financial measures. | [Page 4] AGL management uses these non-IFRS financial measures to assess the performance of the business  and make decisions on the allocation of resources. | [Page 4] Underlying Profit is presented with reference to the Australian Securities & Investment Commission (ASIC) Regulatory Guide 230 “Disclosing  non-IFRS financial information”, issued in December 2011.",https://www.agl.com.au/content/dam/digital/agl/documents/about-agl/news-centre/2025/250212-fy25-half-year-report_2.pdf,4,PDF,2025.0,2025-06-05T01:26:24.493051
AGL Energy (agl),AU,Goal 17. Strengthen the means of implementation and revitalize the Global Partnership for Sustainable Development,Is your organisation certified with UN Compact?,"1. I don't know. 2. No. 3. No, but it is in planning for this year. 4. No, but certification is in progress. 5. Yes, certified, active this year. 6. Yes, certified , active this year, and have renewed certification once or more times",S004,Q004,Electricity Gas Water And Waste Services,AGL Energy Limited Australia joined un compact on 19-Oct-16,https://unglobalcompact.org/what-is-gc/participants/96751-AGL-Energy-Limited,,,,
AGL Energy (agl),AU,Goal 5. Achieve gender equality and empower all women and girls,"In your organization, what is the percentage of women in managerial positions?",1. I don't know. 2. < 10%. 3. 10% - 19%. 4. 20% - 29%. 5. 30% - 39%. 6. > 39%.,S001,Q001,Electricity Gas Water And Waste Services,,,,,,
AGL Energy (agl),AU,"Goal 7. Ensure access to affordable, reliable, sustainable and modern energy for all","In your organization, what percentage of annual energy usage is derived from renewable energy (clean fuels and technology)?",1. I don't know. 2. < 10%. 3. 10% - 19%. 4. 20% - 29%. 5. 30% - 39%. 6. > 39%.,S002,Q002,Electricity Gas Water And Waste Services,"[Page 7] Renewable generation 2,362 2,654 | [Page 24] • Renewables and Storage costs were $(119) million, down 12.5%, primarily driven by an increase in onerous contract releases compared  to the prior corresponding period. | [Page 24] • Green compliance costs were $(360) million, an increase of 5.0%, primarily driven by higher prices for Victoria Energy Efficiency Certificates (VEEC) and higher costs from the Small-Scale Renewable Energy Scheme (SRES) due to a higher compliance scheme percentage compared  to the prior corresponding period. | [Page 18] • Renewables and Storage Underlying EBITDA was $(19) million, down 35.7%, primarily driven by higher labour costs to transition and  implement an internal maintenance model of AGL operated wind farms, and operating costs for the Torrens Island and Broken Hill  batteries which commenced operations on 30 | [Page 42] Tilt Renewables Development and owner of renewable  energy generation projects 20 20 (5) 46",https://www.agl.com.au/content/dam/digital/agl/documents/about-agl/news-centre/2025/250212-fy25-half-year-report_2.pdf,42 | 18 | 7 | 24,PDF,2025.0,2025-06-05T01:26:24.493051
Aboriginal Medical Service Cooperative Limited (AMSRedfern),AU,Goal 12. Ensure sustainable consumption and production patterns,"In your organization, what is the recycling rate (measured by sum of recyclables + organics divided by total garbage, as the percentage of of all waste that is recycled? ",1. I don't know. 2. < 10%. 3. 10% - 19%. 4. 20% - 29%. 5. 30% - 39%. 6. > 39%.,S003,Q003,Health Care And Social Assistance,,,,,,
Aboriginal Medical Service Cooperative Limited (AMSRedfern),AU,Goal 17. Strengthen the means of implementation and revitalize the Global Partnership for Sustainable Development,Does your organization have an active IFRS certification in sustainability?,1. I don't know. 2. No. 3. 1-3  year active certification. 4. 4-6 year active certification. 5. 7-9 year active certification. 6. 10+ year active certification.,S004,Q005,Health Care And Social Assistance,,,,,,
Aboriginal Medical Service Cooperative Limited (AMSRedfern),AU,Goal 17. Strengthen the means of implementation and revitalize the Global Partnership for Sustainable Development,Is your organisation certified with UN Compact?,"1. I don't know. 2. No. 3. No, but it is in planning for this year. 4. No, but certification is in progress. 5. Yes, certified, active this year. 6. Yes, certified , active this year, and have renewed certification once or more times",S004,Q004,Health Care And Social Assistance,,,,,,
Aboriginal Medical Service Cooperative Limited (AMSRedfern),AU,Goal 5. Achieve gender equality and empower all women and girls,"In your organization, what is the percentage of women in managerial positions?",1. I don't know. 2. < 10%. 3. 10% - 19%. 4. 20% - 29%. 5. 30% - 39%. 6. > 39%.,S001,Q001,Health Care And Social Assistance,,,,,,
Aboriginal Medical Service Cooperative Limited (AMSRedfern),AU,"Goal 7. Ensure access to affordable, reliable, sustainable and modern energy for all","In your organization, what percentage of annual energy usage is derived from renewable energy (clean fuels and technology)?",1. I don't know. 2. < 10%. 3. 10% - 19%. 4. 20% - 29%. 5. 30% - 39%. 6. > 39%.,S002,Q002,Health Care And Social Assistance,,,,,,
ActewAGL (iconwater),AU,Goal 12. Ensure sustainable consumption and production patterns,"In your organization, what is the recycling rate (measured by sum of recyclables + organics divided by total garbage, as the percentage of of all waste that is recycled? ",1. I don't know. 2. < 10%. 3. 10% - 19%. 4. 20% - 29%. 5. 30% - 39%. 6. > 39%.,S003,Q003,Electricity Gas Water And Waste Services,"[Page 47] Percentage 38% 30%   Waste to landfill16 | [Page 47] Tonnes 4.85 2.16 125% Paper and cardboard recycled (incl. | [Page 46] We continued our focus on resource  recovery of our waste streams and  recycled more than 80 per cent  of our operational waste during  2023–24, including:  	 Concrete manholes, culverts  and pipes gathered during  excavation works by our field  services team were sorted and  crushed to make around 850  tonnes of reusable aggregate  which we are using internally  as laydown area material,  stabilisation fill and drainage  material. | [Page 7] We continued  our focus on resource recovery and  recycled more than 80 per cent of  our operational waste. | [Page 47] Tonnes 2214 2601 -15% Co-mingled material recycled17",https://www.iconwater.com.au/sites/default/files/2024-12/Icon%20Water%20Annual%20Report%202023-24_0.pdf,47 | 21 | 7 | 46,PDF,2024.0,2025-06-05T01:25:22.457823
ActewAGL (iconwater),AU,Goal 17. Strengthen the means of implementation and revitalize the Global Partnership for Sustainable Development,Does your organization have an active IFRS certification in sustainability?,1. I don't know. 2. No. 3. 1-3  year active certification. 4. 4-6 year active certification. 5. 7-9 year active certification. 6. 10+ year active certification.,S004,Q005,Electricity Gas Water And Waste Services,"[Page 72] This is articulated through our  Sustainability and Environment  Policy, underpinned by our certified  Environmental Management System.",https://www.iconwater.com.au/sites/default/files/2024-12/Icon%20Water%20Annual%20Report%202023-24_0.pdf,72,PDF,2024.0,2025-06-05T01:25:22.457823
ActewAGL (iconwater),AU,Goal 17. Strengthen the means of implementation and revitalize the Global Partnership for Sustainable Development,Is your organisation certified with UN Compact?,"1. I don't know. 2. No. 3. No, but it is in planning for this year. 4. No, but certification is in progress. 5. Yes, certified, active this year. 6. Yes, certified , active this year, and have renewed certification once or more times",S004,Q004,Electricity Gas Water And Waste Services,"[Page 197] Signed for and on behalf of, and in accordance with a resolution of, the Board of directors. | [Page 32] We have progressed our objectives  and actions identified by the People,  Health and Safety Strategy 2022–23  to 2023–24 (PHS Strategy) and the  continuous improvement to our AS/ NZS ISO45001 certified Health and  Safety Management System.",https://www.iconwater.com.au/sites/default/files/2024-12/Icon%20Water%20Annual%20Report%202023-24_0.pdf,32 | 197,PDF,2024.0,2025-06-05T01:25:22.457823
ActewAGL (iconwater),AU,Goal 5. Achieve gender equality and empower all women and girls,"In your organization, what is the percentage of women in managerial positions?",1. I don't know. 2. < 10%. 3. 10% - 19%. 4. 20% - 29%. 5. 30% - 39%. 6. > 39%.,S001,Q001,Electricity Gas Water And Waste Services,"[Page 29] Table 6: Workforce gender composition by occupation Female Male Total Manager (Branch Manager and above) 3% 4% 7% Non-Manager (Team Leader and below) 25% 68% 93% Table 7: Gender profile of employment-related activities Female Male Recruitment: candidates	 27% 67%8 | [Page 31] Table 10: Staff by classification and gender Number Percentage Female Male Total Female Male Executives 3 4 7 43% 57% Manager Service Agreement – Fixed Annual Remuneration 4 5 9 44% 56% Non-Manager Legacy Agreement 0 1 1 0% 100% Level 1 | [Page 28] STAFF MEMBERS (FTE) 29% FEMALE 71% MALE 18-29 | [Page 19] Gender diversity Improved proportion of females in  non‑traditional roles3 	 50% females in the leadership roles 49% 	 >10% females in competency-based roles4 4% 	 >25% females in STEM roles3 27%  Target met   Target not met but within tolerance   Target not met 17 17 | [Page 26] Performance indicator targets  are in place for gender equality,  including the percentage of women  in leadership roles, as well as roles  that have traditionally had low rates  of female participation such as those  in the fields of science, technology,  engineering and mathematics  (STEM) as well as trade and  competency-based roles.",https://www.iconwater.com.au/sites/default/files/2024-12/Icon%20Water%20Annual%20Report%202023-24_0.pdf,28 | 26 | 31 | 29 | 19,PDF,2024.0,2025-06-05T01:25:22.457823
ActewAGL (iconwater),AU,"Goal 7. Ensure access to affordable, reliable, sustainable and modern energy for all","In your organization, what percentage of annual energy usage is derived from renewable energy (clean fuels and technology)?",1. I don't know. 2. < 10%. 3. 10% - 19%. 4. 20% - 29%. 5. 30% - 39%. 6. > 39%.,S002,Q002,Electricity Gas Water And Waste Services,"[Page 47] Tonnes CO2-e 18,407 17,997 2%  Additional table notes: 	- Electricity use includes onsite renewable energy. | [Page 207] This strategy places a strong emphasis on the energy sector to effectively reduce  emissions that come directly from electricity and gas assets and develop renewable energy opportunities in  the short to medium term. | [Page 175] This strategy places a strong emphasis on the energy sector to effectively reduce  emissions that come directly from electricity and gas assets and develop renewable energy opportunities in the  short to medium term. | [Page 110] This strategy places a strong emphasis  on the energy sector to effectively reduce emissions that come directly from electricity and gas assets and  develop renewable energy opportunities. | [Page 45] Our renewable energy systems  (solar photovoltaic arrays and mini- hydros) provided three per cent of  all electricity used on our sites. | [Page 159] Her experience in energy  includes membership of the Council of Australian  Governments (COAG) Energy Senior Officials and  oversight of significant policy initiatives and  investment in renewables which led to the ACT  sourcing 100% of its electricity from renewables.",https://www.iconwater.com.au/sites/default/files/2024-12/Icon%20Water%20Annual%20Report%202023-24_0.pdf,47 | 175 | 45 | 207 | 110 | 159,PDF,2024.0,2025-06-05T01:25:22.457823
Anglo American Australia (angloamerican),AU,Goal 12. Ensure sustainable consumption and production patterns,"In your organization, what is the recycling rate (measured by sum of recyclables + organics divided by total garbage, as the percentage of of all waste that is recycled? ",1. I don't know. 2. < 10%. 3. 10% - 19%. 4. 20% - 29%. 5. 30% - 39%. 6. > 39%.,S003,Q003,Mining,"[Page 90] Our Group-wide dashboard for non-mineral waste enhances  our ability to track and understand diversion rates, reducing  landfill contributions and highlighting opportunities for  further improvement. | [Page 90] The effective implementation of the  waste hierarchy is minimising waste generation and where  possible, diverting waste that is produced away from landfill into  more productive uses.",https://www.angloamerican.com/~/media/Files/A/Anglo-American-Group-v9/PLC/investors/annual-reporting/2025/sustainability-report-plc-2024.pdf,137 | 90,PDF,2025.0,2025-04-23T04:58:43.018723
Anglo American Australia (angloamerican),AU,Goal 17. Strengthen the means of implementation and revitalize the Global Partnership for Sustainable Development,Does your organization have an active IFRS certification in sustainability?,1. I don't know. 2. No. 3. 1-3  year active certification. 4. 4-6 year active certification. 5. 7-9 year active certification. 6. 10+ year active certification.,S004,Q005,Mining,"[Page 65] (3)   IFRS COP28 Declaration of Support, 2023: www.ifrs.org/ifrs-sustainability-disclosure-standards-around-the-world/cop28-declaration-of-support/ | [Page 65] In 2023, the ISSB published the first of its two sustainability  standards, IFRS S1 General Requirements for Disclosure  of Sustainability-related Financial Information and IFRS S2  Climate-related Disclosures. | [Page 140] We note the monitoring of company climate-related financial reporting transferred from the Financial  Stability Board to the International Financial Reporting Standards (IFRS) Foundation and International Sustainability Standards  Board (ISSB) in 2024. | [Page 56] – Reviews Anglo American’s annual  sustainability disclosures. | [Page 143] Indicator 10 – Climate-Related Disclosures Sub-indicator 10.1 – The Company has publicly committed to implement  the recommendations of the Task Force on Climate-related Financial  Disclosures (TCFD) or International Sustainability Standards Board (ISSB)  Standards. | [Page 143] Metric 10.1.b – The Company explicitly sign-posts TCFD-aligned or ISSB- aligned disclosures in its annual reporting or publishes them in a TCFD or  ISSB report.",https://www.angloamerican.com/~/media/Files/A/Anglo-American-Group-v9/PLC/investors/annual-reporting/2025/sustainability-report-plc-2024.pdf,140 | 56 | 65 | 143,PDF,2025.0,2025-04-23T04:58:43.018723
Anglo American Australia (angloamerican),AU,Goal 17. Strengthen the means of implementation and revitalize the Global Partnership for Sustainable Development,Is your organisation certified with UN Compact?,"1. I don't know. 2. No. 3. No, but it is in planning for this year. 4. No, but certification is in progress. 5. Yes, certified, active this year. 6. Yes, certified , active this year, and have renewed certification once or more times",S004,Q004,Mining,Anglo American Metallurgical Coal Pty Ltd (Anglo American Australia) Australia joined un compact on 27-May-21,https://unglobalcompact.org/what-is-gc/participants/146021-Anglo-American-Metallurgical-Coal-Pty-Ltd,49 | 50 | 134 | 3,PDF,2025.0,2025-04-23T04:58:43.018723
Anglo American Australia (angloamerican),AU,Goal 5. Achieve gender equality and empower all women and girls,"In your organization, what is the percentage of women in managerial positions?",1. I don't know. 2. < 10%. 3. 10% - 19%. 4. 20% - 29%. 5. 30% - 39%. 6. > 39%.,S001,Q001,Mining,"[Page 21] Women in management Target: 33% by 2023 | [Page 21] Women in management (B5 and above) (%) 35 34 32 31 27 2024 2023 2022 2021 2020 | [Page 46] Women in senior management (CE EoR)  34%   29%  g ( 5 and above)  35%   34%  Women as % of total workforce  26%   26%  Employees below 30 years of age   10%   11%  Employees between 30–50 years of age   73%   70%  Employees more than 50 years of age  17%   19%  Historically disadvantaged  South Africans in management  (% of South African management)  86%   85%  Voluntary turnover  4.3%   3.5%  Involuntary turnover  3.3%   7.6%  u For more on our Board Diversity See page 166 of our Integrated Annual Report 2024 u See more on our sustainability data here:  angloamerican.com/sustainabilitydata Targets and progress By the end of 2024, we exceeded our consolidated target  of 33% female representation across the business for our  management population*, reaching 35%. | [Page 21] Women in workforce Women as a percentage of total workforce 26 26 24 23 23 2024 2023 2022 2021 2020 | [Page 47] We are proud of  achieving our target of 33% by reaching 35% women in  leadership by 2024 and we are now committed to achieving  40% female representation in leadership by end of 2030. | [Page 46] In addition, in regard  to female representation on the Executive Leadership Team  (ELT) we achieved 25%.",https://www.angloamerican.com/~/media/Files/A/Anglo-American-Group-v9/PLC/investors/annual-reporting/2025/sustainability-report-plc-2024.pdf,47 | 21 | 46,PDF,2025.0,2025-04-23T04:58:43.018723
Anglo American Australia (angloamerican),AU,"Goal 7. Ensure access to affordable, reliable, sustainable and modern energy for all","In your organization, what percentage of annual energy usage is derived from renewable energy (clean fuels and technology)?",1. I don't know. 2. < 10%. 3. 10% - 19%. 4. 20% - 29%. 5. 30% - 39%. 6. > 39%.,S002,Q002,Mining,"[Page 73] On this basis, approximately 60% of the electricity supply of the  current Anglo American portfolio will be sourced from  renewables from 2025. | [Page 71] However, the additional energy consumption at  Quellaveco has resulted in no increase to our Scope 2  emissions in 2024, as the operation was supplied by 100%  renewable-energy sources by 2023. | [Page 73] Total Scope 1 and 2 emissions (Mt CO2e) 0.6 1.0 4.2 0.4 4.1 1.2 ò Copper ò PGMs ò Iron Ore ò Diamonds ò Polyhalite ò Steelmaking Coal ò Nickel Scope 2 – powered by renewables In 2024, we sourced 57% of our electricity from renewable  sources. | [Page 61] 2030: Reduce net greenhouse gas emissions by 30% and improve energy  efficiency by 30%, against the 2016 baseline. | [Page 71] Compared with 2019, when our emissions peaked, we have  delivered a 31% reduction in our total Scope 1 and 2 emissions  (2019: 16.8",https://www.angloamerican.com/~/media/Files/A/Anglo-American-Group-v9/PLC/investors/annual-reporting/2025/sustainability-report-plc-2024.pdf,71 | 25 | 73 | 61,PDF,2025.0,2025-04-23T04:58:43.018723
Australian Health Practitioner Regulation Agency (AHPRA),AU,Goal 12. Ensure sustainable consumption and production patterns,"In your organization, what is the recycling rate (measured by sum of recyclables + organics divided by total garbage, as the percentage of of all waste that is recycled? ",1. I don't know. 2. < 10%. 3. 10% - 19%. 4. 20% - 29%. 5. 30% - 39%. 6. > 39%.,S003,Q003,Health Care And Social Assistance,,,,,,
Australian Health Practitioner Regulation Agency (AHPRA),AU,Goal 17. Strengthen the means of implementation and revitalize the Global Partnership for Sustainable Development,Does your organization have an active IFRS certification in sustainability?,1. I don't know. 2. No. 3. 1-3  year active certification. 4. 4-6 year active certification. 5. 7-9 year active certification. 6. 10+ year active certification.,S004,Q005,Health Care And Social Assistance,,,,,,
Australian Health Practitioner Regulation Agency (AHPRA),AU,Goal 17. Strengthen the means of implementation and revitalize the Global Partnership for Sustainable Development,Is your organisation certified with UN Compact?,"1. I don't know. 2. No. 3. No, but it is in planning for this year. 4. No, but certification is in progress. 5. Yes, certified, active this year. 6. Yes, certified , active this year, and have renewed certification once or more times",S004,Q004,Health Care And Social Assistance,,,,,,
Australian Health Practitioner Regulation Agency (AHPRA),AU,Goal 5. Achieve gender equality and empower all women and girls,"In your organization, what is the percentage of women in managerial positions?",1. I don't know. 2. < 10%. 3. 10% - 19%. 4. 20% - 29%. 5. 30% - 39%. 6. > 39%.,S001,Q001,Health Care And Social Assistance,"[Page 33] Gender  59.4% Female  40.6% Male Figure 51. | [Page 37] Gender  50.6% Female  49.3% Male Figure 61. | [Page 29] Gender  98.8% Female  1.2% Male Figure 41. | [Page 41] Gender  63.5% Female  36.5% Male Figure 71. | [Page 96] Work that Ahpra will do to address the pay disparities  includes: •	 identifying opportunities to increase participation  rates of females in traditionally male-occupied  roles such as IT •	 improving workplace policies, such as  flexible working policies, to promote greater  opportunities to balance work and non-work  commitments •	 promoting opportunities for enhanced base- pay rates as part of the offer process for female  candidates for senior roles. | [Page 28] Gender   98.5% Female  1.5% Male Snapshot nurses 504,049 nurses (including those also registered  as midwives) •	 Up 5.0% from 2022/23 •	 54.8% of all registered health practitioners 38,816 first-time registrants •	 22,194 domestic (including new graduates) •	 16,622 international 1.5% identified as Aboriginal and/or Torres Strait  Islander (including those also registered as midwives) Figure 35.",https://www.ahpra.gov.au/documents/default.aspx?record=WD24/34233&dbid=AP&chksum=xoPTWRKlV3mpl0kF4EtGBw%3d%3d,28 | 33 | 37 | 41 | 29 | 96,PDF,nan,2025-04-16T22:26:24.290583
Australian Health Practitioner Regulation Agency (AHPRA),AU,"Goal 7. Ensure access to affordable, reliable, sustainable and modern energy for all","In your organization, what percentage of annual energy usage is derived from renewable energy (clean fuels and technology)?",1. I don't know. 2. < 10%. 3. 10% - 19%. 4. 20% - 29%. 5. 30% - 39%. 6. > 39%.,S002,Q002,Health Care And Social Assistance,,,,,,
Australian Healthcare and Hospitals Association (AHHA),AU,Goal 12. Ensure sustainable consumption and production patterns,"In your organization, what is the recycling rate (measured by sum of recyclables + organics divided by total garbage, as the percentage of of all waste that is recycled? ",1. I don't know. 2. < 10%. 3. 10% - 19%. 4. 20% - 29%. 5. 30% - 39%. 6. > 39%.,S003,Q003,Health Care And Social Assistance,,,,,,
Australian Healthcare and Hospitals Association (AHHA),AU,Goal 17. Strengthen the means of implementation and revitalize the Global Partnership for Sustainable Development,Does your organization have an active IFRS certification in sustainability?,1. I don't know. 2. No. 3. 1-3  year active certification. 4. 4-6 year active certification. 5. 7-9 year active certification. 6. 10+ year active certification.,S004,Q005,Health Care And Social Assistance,,,,,,
Australian Healthcare and Hospitals Association (AHHA),AU,Goal 17. Strengthen the means of implementation and revitalize the Global Partnership for Sustainable Development,Is your organisation certified with UN Compact?,"1. I don't know. 2. No. 3. No, but it is in planning for this year. 4. No, but certification is in progress. 5. Yes, certified, active this year. 6. Yes, certified , active this year, and have renewed certification once or more times",S004,Q004,Health Care And Social Assistance,,,,,,
Australian Healthcare and Hospitals Association (AHHA),AU,Goal 5. Achieve gender equality and empower all women and girls,"In your organization, what is the percentage of women in managerial positions?",1. I don't know. 2. < 10%. 3. 10% - 19%. 4. 20% - 29%. 5. 30% - 39%. 6. > 39%.,S001,Q001,Health Care And Social Assistance,,,,,,
Australian Healthcare and Hospitals Association (AHHA),AU,"Goal 7. Ensure access to affordable, reliable, sustainable and modern energy for all","In your organization, what percentage of annual energy usage is derived from renewable energy (clean fuels and technology)?",1. I don't know. 2. < 10%. 3. 10% - 19%. 4. 20% - 29%. 5. 30% - 39%. 6. > 39%.,S002,Q002,Health Care And Social Assistance,[Page 22] Projects include:  SVHNS Environmental Sustainability P lan (ESP) 2024-2026:  The collaborativ e development of a comprehensive strate gy to become an environmentally sust ainable organisation and achieve  net zero carbon emissions by 2050.,https://ahha.asn.au/wp-content/uploads/2024/09/AHHA-Annual-Report-2023-24.pdf,22,PDF,2024.0,2025-04-16T22:26:08.441084
BHP,AU,Goal 12. Ensure sustainable consumption and production patterns,"In your organization, what is the recycling rate (measured by sum of recyclables + organics divided by total garbage, as the percentage of of all waste that is recycled? ",1. I don't know. 2. < 10%. 3. 10% - 19%. 4. 20% - 29%. 5. 30% - 39%. 6. > 39%.,S003,Q003,Mining,"[Page 61] agricultural waste feedstocks) 	 – Higher land-use and agriculture productivity required to  accommodate nature-based carbon removals, distributed  power sector and growing low to zero GHG emission  fuel sectors 	 – Bioenergy feedstock evolution 	 – Precision agriculture technological development 	 – Developments that would allow for lower land footprint  for the energy transition, such as negative GHG emission  technologies Circularity 	 – Food waste, vegetarianism and veganism assumptions  consistent with historical levels 	 – Behavioural trends as they relate to food waste and  vegetarianism and veganism Table 8.6: Macroeconomic assumptions and carbon budget in our 1.5°C scenario Value Population 0.7% compound annual growth rate from CY2021 to CY2050",https://www.bhp.com/-/media/documents/investors/annual-reports/2024/240827_bhpclimatetransitionactionplan2024.pdf,23 | 35 | 68 | 61,PDF,2024.0,2025-04-23T05:45:46.808122
BHP,AU,Goal 17. Strengthen the means of implementation and revitalize the Global Partnership for Sustainable Development,Does your organization have an active IFRS certification in sustainability?,1. I don't know. 2. No. 3. 1-3  year active certification. 4. 4-6 year active certification. 5. 7-9 year active certification. 6. 10+ year active certification.,S004,Q005,Mining,"[Page 41] Our activities 	 – We have made submissions to the ISSB, the Australian Accounting Standards Board,  the Australian Government and the US SEC 	 – We reviewed and commented, where relevant, on the submissions developed by the  Minerals Council of Australia and the Business Council of Australia Issue status 	 – In March 2024, the US SEC adopted a rule setting out climate-related disclosure  requirements for SEC-reporting companies, including foreign private issuers, such  as BHP. | [Page 4] The latest BHP Annual Report is available at   bhp.com/investors/annual-reporting BHP ESG Standards and Databook The BHP ESG Standards and Databook provides detailed  disclosures on our energy consumption and reported Scopes 1, 2  and 3 emissions inventory, including GHG emissions data for recent  prior years (presented on both an adjusted and unadjusted basis). | [Page 47] For our approach to and reporting on our social value  framework and the goals, metrics and milestones, refer to  the Sustainability section of the latest BHP Annual Report  available at bhp.com/investors/annual-reporting Our Global Standards describe our mandatory minimum  performance requirements and provide the foundation  to develop and implement management systems at our  operated assets. | [Page 25] Standardisation and transparency: We  advocate for consolidated, robust sustainability  and reporting standards that are fit-for-purpose  and support transparency and traceability  improvements in the value chain. | [Page 69] Sustainability (including sustainable  and sustainably) We describe our approach to sustainability and  its governance in the BHP Annual Report. | [Page 50] Board reporting The Board met 16 times during FY2024 with  climate‑related issues regularly on the agenda for  Board meetings, including reviewing and approving  public sustainability disclosures, reviewing progress  against our climate change targets and goals,  assessing corporate strategy and portfolio options,  approving certain investment requests, risk and policy  setting.",https://www.bhp.com/-/media/documents/investors/annual-reports/2024/240827_bhpclimatetransitionactionplan2024.pdf,47 | 25 | 50 | 4 | 41 | 69,PDF,2024.0,2025-04-23T05:45:46.808122
BHP,AU,Goal 17. Strengthen the means of implementation and revitalize the Global Partnership for Sustainable Development,Is your organisation certified with UN Compact?,"1. I don't know. 2. No. 3. No, but it is in planning for this year. 4. No, but certification is in progress. 5. Yes, certified, active this year. 6. Yes, certified , active this year, and have renewed certification once or more times",S004,Q004,Mining,BHP Group Limited Australia joined un compact on 21-Jul-03,https://unglobalcompact.org/what-is-gc/participants/1306-BHP-Group-Limited,47 | 54,PDF,2024.0,2025-04-23T05:45:46.808122
BHP,AU,Goal 5. Achieve gender equality and empower all women and girls,"In your organization, what is the percentage of women in managerial positions?",1. I don't know. 2. < 10%. 3. 10% - 19%. 4. 20% - 29%. 5. 30% - 39%. 6. > 39%.,S001,Q001,Mining,[Page 67] Executive Leadership Team The team that directly reports to the Chief Executive  Officer and is responsible for the day-to-day  management of BHP and leading the delivery of our  strategic objectives.,https://www.bhp.com/-/media/documents/investors/annual-reports/2024/240827_bhpclimatetransitionactionplan2024.pdf,67,PDF,2024.0,2025-04-23T05:45:46.808122
BHP,AU,"Goal 7. Ensure access to affordable, reliable, sustainable and modern energy for all","In your organization, what percentage of annual energy usage is derived from renewable energy (clean fuels and technology)?",1. I don't know. 2. < 10%. 3. 10% - 19%. 4. 20% - 29%. 5. 30% - 39%. 6. > 39%.,S002,Q002,Mining,"[Page 13] For more information on our approach to sourcing  carbon credits, refer to Enabling delivery – How  we manage carbon credits on page 54 Risks to our long-term net zero goal Our ability to pursue a pathway beyond our  medium‑term target in FY2030 to our long-term  net zero goal in CY2050 is affected by a range of  considerations and potential complications, including: 	 – availability of commercially viable renewable and  other low to zero GHG emissions electricity 	 – procurement strategies for electric mining  equipment/vehicles, battery and charging  infrastructure in a constrained supply environment 	 – scaling and incorporating electric mining  equipment/vehicles may not be as efficient or  effective as projected 	 – cost competitiveness of, and social concern  regarding, the use of biofuels for hard-to-electrify  applications 	 – the technical feasibility of fugitive methane  emissions abatement and its commercial  integration into mine designs and mine plans 	 – design of mine and processing facilities and  our ability to integrate new technologies into  existing operations 	 – impact of our acquisitions and divestments, as  well as our new country and commodity entries 	 – availability of specialist skills for future operations For more information on how our risk framework  supports our operational GHG emission reduction  strategy, refer to Enabling delivery – How we manage  climate-related risk (threats and opportunities) on  page 52 Spend and commitments Investment in the reduction of operational GHG  emissions is embedded in our corporate planning  processes, which are used to prioritise and allocate  capital across our business. | [Page 15] Our areas of focus to reduce operational GHG emissions Electricity Most of our operated assets are in locations that are  grid-connected and have access to renewable and  other low to zero GHG emissions electricity through  a network. | [Page 11] Our target and net zero goal for operational GHG emissions (Scopes 1 and 2 emissions) Our medium-term target is  to reduce operational GHG  emissions (Scopes 1 and 2  emissions from our operated  assets) by at least 30 per cent by  FY2030 from an FY2020 baseline. | [Page 21] Samarco, which is jointly owned (50:50) by BHP  Billiton Brasil LTDA and Vale S.A., has a target to  reduce Scopes 1 and 2 emissions by 30 per cent by  CY2032 compared to a CY2015 baseline, which is an  important step towards its ambition to reach net zero  for operational GHG emissions longer-term.7 | [Page 11] Our long-term goal is to  achieve net zero operational  GHG emissions (Scopes 1 and  2 emissions from our operated  assets) by CY2050.",https://www.bhp.com/-/media/documents/investors/annual-reports/2024/240827_bhpclimatetransitionactionplan2024.pdf,13 | 57 | 11 | 15 | 21,PDF,2024.0,2025-04-23T05:45:46.808122
Baxter Professional Australia (baxter),AU,Goal 12. Ensure sustainable consumption and production patterns,"In your organization, what is the recycling rate (measured by sum of recyclables + organics divided by total garbage, as the percentage of of all waste that is recycled? ",1. I don't know. 2. < 10%. 3. 10% - 19%. 4. 20% - 29%. 5. 30% - 39%. 6. > 39%.,S003,Q003,Manufacturing,"[Page 22] Nonhazardous Waste Diverted from Landfill23 (%) 74.0% 80.7% 77.5% From the Chair,  President and CEO Company Profile Corporate Responsibility  Commitment 2030 | [Page 13] In 2023, 71.8% of our total waste was diverted from  landfill, including 62.2% recycled and 9.6% incinerated  with energy recovery. | [Page 23] Regulated Waste Diverted from Landfill23 (%) 43.9% 54.4% 25.4% Waste Management at Baxter (% of total) Recycled 65.3% 71.1% 62.2% Incinerated with Energy Recovery 13.4% 7.1% 9.6% Incinerated 4.7% 2.9% 5.4% Sent to Landfill 14.3% 13.3% 13.6% Other Disposal 2.3% 5.6% 9.2% Electronic Equipment Recovered by Vendors in the EU on Baxter’s  Behalf 25 (metric tons)  110 83 127",https://www.baxter.com/sites/g/files/ebysai3896/files/2024-07/2023_Baxter_Corporate_Responsibility_Report.pdf,33 | 13 | 23 | 20 | 22,PDF,2024.0,2025-04-23T05:02:35.496292
Baxter Professional Australia (baxter),AU,Goal 17. Strengthen the means of implementation and revitalize the Global Partnership for Sustainable Development,Does your organization have an active IFRS certification in sustainability?,1. I don't know. 2. No. 3. 1-3  year active certification. 4. 4-6 year active certification. 5. 7-9 year active certification. 6. 10+ year active certification.,S004,Q005,Manufacturing,"[Page 19] 19 2023 CORPORATE RESPONSIBILITY REPORT Appendix: About This Report EXTERNAL REPORTING STANDARDS To develop our corporate responsibility reporting approach,  we have considered the disclosure frameworks and  guidance of leading sustainability standards and reporting  organizations, including the Global Reporting Initiative  (GRI), the Sustainability Accounting Standards Board  (SASB), the Task Force on Climate-related Financial  Disclosures (TCFD), the United Nations Sustainable  Development Goals and third-party raters and rankers  focused on environmental, social and governance matters. | [Page 32] Entities included in the organization’s  sustainability reporting 19 2-3 | [Page 19] We referenced the GRI Sustainability  Reporting Standards in the development of this report. | [Page 36] This index complements the other content and data in this Corporate Responsibility Report, as well as the company’s Sustainability Accounting Standards Board (SASB) Index, Political Contributions Report, submissions to CDP Climate and  CDP Water, and other environmental, social and governance (ESG)-related disclosures. | [Page 23] Environmental, Health, Safety and Sustainability Governance and Additional Disclosures2 | [Page 43] MATERIALITY ASSESSMENT FINDINGS 1	 Our approach to the disclosures included in this report differs from our approach to the disclosures we include in other reports, including our filings  with the SEC.",https://www.baxter.com/sites/g/files/ebysai3896/files/2024-07/2023_Baxter_Corporate_Responsibility_Report.pdf,19 | 23 | 43 | 32 | 36,PDF,2024.0,2025-04-23T05:02:35.496292
Baxter Professional Australia (baxter),AU,Goal 17. Strengthen the means of implementation and revitalize the Global Partnership for Sustainable Development,Is your organisation certified with UN Compact?,"1. I don't know. 2. No. 3. No, but it is in planning for this year. 4. No, but certification is in progress. 5. Yes, certified, active this year. 6. Yes, certified , active this year, and have renewed certification once or more times",S004,Q004,Manufacturing,"[Page 12] Our Global Energy Program, certified to  ISO 50001, applies this standard to the company’s facility-level  energy management systems (some of which are also certified  individually). | [Page 15] We have metrics and reporting in place to assess  and share progress in this area.",https://www.baxter.com/sites/g/files/ebysai3896/files/2024-07/2023_Baxter_Corporate_Responsibility_Report.pdf,12 | 15,PDF,2024.0,2025-04-23T05:02:35.496292
Baxter Professional Australia (baxter),AU,Goal 5. Achieve gender equality and empower all women and girls,"In your organization, what is the percentage of women in managerial positions?",1. I don't know. 2. < 10%. 3. 10% - 19%. 4. 20% - 29%. 5. 30% - 39%. 6. > 39%.,S001,Q001,Manufacturing,"[Page 10] Increase Representation   of Women and Ethnic   Minorities in   Leadership Roles Through hiring, promotion and retention, aspire to increase representation  of women in leadership roles globally to 40%.* *Assuming labor market conditions continue to support the goal. | [Page 15] Through hiring, promotion and retention, aspire to increase  representation of women in leadership roles globally to 40%.*   *Assuming labor market conditions continue to support the goal. | [Page 15] While all forms of diversity at every career level  are important to Baxter, our 2030 Corporate  Responsibility Goals focus on women (globally)  and ethnic minorities (United States) in leadership  roles22, 23 because they provide the greatest  opportunities for us to measure meaningful  change. | [Page 23] Increase Representation of Women and Ethnic Minorities in Leadership Roles3 (continued) Vice President and Above (as a % of total, U.S. | [Page 15] 31, 2023, 37% of people in leadership roles at Baxter globally were women,  up from 35% in 2022.",https://www.baxter.com/sites/g/files/ebysai3896/files/2024-07/2023_Baxter_Corporate_Responsibility_Report.pdf,23 | 15 | 10 | 2,PDF,2024.0,2025-04-23T05:02:35.496292
Baxter Professional Australia (baxter),AU,"Goal 7. Ensure access to affordable, reliable, sustainable and modern energy for all","In your organization, what percentage of annual energy usage is derived from renewable energy (clean fuels and technology)?",1. I don't know. 2. < 10%. 3. 10% - 19%. 4. 20% - 29%. 5. 30% - 39%. 6. > 39%.,S002,Q002,Manufacturing,"[Page 22] Facility Usage of Renewable Energy11 (as a % of total energy use) 29% 32% 33% SECTION AND INDICATOR 2021 2022 2023 | [Page 12] By the end of 2023, 33% of our energy use for operations  was derived from renewable sources, amounting to  979,000 | [Page 43] In 2023, biomass fuel for boilers at two of our locations (one in the United  States and one in Italy) accounted for 10.5%, and the renewable energy component of our purchased electricity and renewable energy certificates together  represented 22.2%. | [Page 28] 28 2023 CORPORATE RESPONSIBILITY REPORT Appendix: Additional Disclosures Achieve Carbon Neutrality for Direct Operations by 2040 (continued) RENEWABLE AND ALTERNATIVE ENERGY, DETAILED BREAKDOWN BY SITE*     * As of Dec. | [Page 22] Achieve Carbon Neutrality for Direct Operations by 2040 7, 8 (continued) Electricity Purchased from 100% Renewable Power   (thousands of MWh) 383 513 528 | [Page 27] 27 2023 CORPORATE RESPONSIBILITY REPORT Appendix: Additional Disclosures Achieve Carbon Neutrality for Direct Operations by 2040 BAXTER GLOBAL GREENHOUSE GAS (GHG) EMISSIONS FOOTPRINT, 2023* RENEWABLE AND ALTERNATIVE ENERGY* See following page for detail.",https://www.baxter.com/sites/g/files/ebysai3896/files/2024-07/2023_Baxter_Corporate_Responsibility_Report.pdf,28 | 22 | 12 | 43 | 27,PDF,2024.0,2025-04-23T05:02:35.496292
BossCap,AU,Goal 12. Ensure sustainable consumption and production patterns,"In your organization, what is the recycling rate (measured by sum of recyclables + organics divided by total garbage, as the percentage of of all waste that is recycled? ",1. I don't know. 2. < 10%. 3. 10% - 19%. 4. 20% - 29%. 5. 30% - 39%. 6. > 39%.,S003,Q003,Manufacturing,,,,,,
BossCap,AU,Goal 17. Strengthen the means of implementation and revitalize the Global Partnership for Sustainable Development,Does your organization have an active IFRS certification in sustainability?,1. I don't know. 2. No. 3. 1-3  year active certification. 4. 4-6 year active certification. 5. 7-9 year active certification. 6. 10+ year active certification.,S004,Q005,Manufacturing,,,,,,
BossCap,AU,Goal 17. Strengthen the means of implementation and revitalize the Global Partnership for Sustainable Development,Is your organisation certified with UN Compact?,"1. I don't know. 2. No. 3. No, but it is in planning for this year. 4. No, but certification is in progress. 5. Yes, certified, active this year. 6. Yes, certified , active this year, and have renewed certification once or more times",S004,Q004,Manufacturing,,,,,,
BossCap,AU,Goal 5. Achieve gender equality and empower all women and girls,"In your organization, what is the percentage of women in managerial positions?",1. I don't know. 2. < 10%. 3. 10% - 19%. 4. 20% - 29%. 5. 30% - 39%. 6. > 39%.,S001,Q001,Manufacturing,,,,,,
BossCap,AU,"Goal 7. Ensure access to affordable, reliable, sustainable and modern energy for all","In your organization, what percentage of annual energy usage is derived from renewable energy (clean fuels and technology)?",1. I don't know. 2. < 10%. 3. 10% - 19%. 4. 20% - 29%. 5. 30% - 39%. 6. > 39%.,S002,Q002,Manufacturing,,https://bosscap.com.au/wp-content/uploads/2024/10/capability_statement_bosscap.pdf,8,PDF,2024.0,2025-04-23T05:03:50.907790
Bravus Mining & Resources (adanienterprises),AU,Goal 12. Ensure sustainable consumption and production patterns,"In your organization, what is the recycling rate (measured by sum of recyclables + organics divided by total garbage, as the percentage of of all waste that is recycled? ",1. I don't know. 2. < 10%. 3. 10% - 19%. 4. 20% - 29%. 5. 30% - 39%. 6. > 39%.,S003,Q003,Mining,"[Page 226]  99% of waste generated managed through reuse and recycling. | [Page 85] Achieving Sustainability  Through Efficient Waste  Management In the financial year under review,  99% of waste was managed through  reuse, recycling and recovery due  to multiple initiatives undertaken  by businesses to ensure adequate  handling, storage and disposal of  waste generated from the premises. | [Page 249] For each category of waste generated, total waste disposed by nature of disposal method (in metric tonnes) Category of waste (i)	 Incineration 0 15 (ii)	 Landfilling 49 5,354 (iii)	 Other disposal operations 26,506 19,730 | [Page 232] The company's  strategic goal is to reduce waste production and prevent waste from reaching landfills by encouraging reuse and  recycling where possible. | [Page 87] This demonstrates our strong  commitment to sustainability by  ensuring that a vast majority of the  waste generated is diverted from  landfills and instead, is reintegrated  into the economy or safely  disposed of.",https://www.adanienterprises.com/-/media/Project/Enterprises/Investors/Investor-Downloads/Annual-Report/AEL-FY24.pdf,232 | 249 | 226 | 87 | 254 | 85,PDF,nan,2025-04-23T04:59:19.444358
Bravus Mining & Resources (adanienterprises),AU,Goal 17. Strengthen the means of implementation and revitalize the Global Partnership for Sustainable Development,Does your organization have an active IFRS certification in sustainability?,1. I don't know. 2. No. 3. 1-3  year active certification. 4. 4-6 year active certification. 5. 7-9 year active certification. 6. 10+ year active certification.,S004,Q005,Mining,"[Page 225]  Aligning with the recommendations of Task Force on Climate-related  Financial Disclosures (TCFD)/IFRS (S2 – Climate Related Disclosures) 	 Reducing the Energy and Emission Intensity per Rupee of Turnover. | [Page 4] We started our integrated reporting,  following the guiding principles and content elements as  stated in the Integrated Reporting <IR> Framework of the  International Integrated Reporting Council (IIRC), now part  of the IFRS Foundation. | [Page 589] Entities included in the organization’s sustainability reporting 1 2-3 | [Page 120] It ensures  transparency and accountability in  our pursuit of sustainable practices. | [Page 121] The corporate sustainability team  reports to the CRC on a quarterly  basis, to keep the committee  informed about the progress made  on the ESG commitments and  targets, by individual businesses. | [Page 194] Partnerships for goals To review sustainability and / or ESG and / or Climate reports or other disclosures such as ethical  governance, environmental stewardship, safety performance, water and energy use etc.",https://www.adanienterprises.com/-/media/Project/Enterprises/Investors/Investor-Downloads/Annual-Report/AEL-FY24.pdf,121 | 225 | 4 | 194 | 589 | 120,PDF,nan,2025-04-23T04:59:19.444358
Bravus Mining & Resources (adanienterprises),AU,Goal 17. Strengthen the means of implementation and revitalize the Global Partnership for Sustainable Development,Is your organisation certified with UN Compact?,"1. I don't know. 2. No. 3. No, but it is in planning for this year. 4. No, but certification is in progress. 5. Yes, certified, active this year. 6. Yes, certified , active this year, and have renewed certification once or more times",S004,Q004,Mining,"[Page 226] Human Rights: 	 Become a signatory to UN Global Compact (UNGC). | [Page 117] Our supplier code of  conduct is a comprehensive set of guiding principles  that reflects our commitment to internationally  recognised standards, including the United Nations  Global Compact (UNGC) and core conventions of the  International Labour Organisation (ILO). | [Page 29] They align their efforts with global environmental  initiatives like the Paris Agreement, Business Ambition for  1.5C, and UN Global Compact, ensuring that their business  practices and supply chain management reflect these  commitments. | [Page 259] Reporting Criteria  The Report is prepared by AEL based on International Integrated Reporting Council (IIRC) Framework, SEBI's  (Securities and Exchange Board of India) BRSR guidelines, Global Reporting Initiative (GRI) Standards in-accordance  with core criteria and in alignment with United Nations-Sustainable Development Goals (UN-SDGs) and United  Nations Global Compact (UNGC) principles. | [Page 96] Internal facilitators got certified 15 | [Page 210] A declaration signed by the Managing Director affirming  the compliance with the ADANI Code of Conduct by the  Board Members and Senior Management Personnel of  the Company is appended as an annexure to this report.",https://www.adanienterprises.com/-/media/Project/Enterprises/Investors/Investor-Downloads/Annual-Report/AEL-FY24.pdf,117 | 210 | 226 | 259 | 29 | 96,PDF,nan,2025-04-23T04:59:19.444358
Bravus Mining & Resources (adanienterprises),AU,Goal 5. Achieve gender equality and empower all women and girls,"In your organization, what is the percentage of women in managerial positions?",1. I don't know. 2. < 10%. 3. 10% - 19%. 4. 20% - 29%. 5. 30% - 39%. 6. > 39%.,S001,Q001,Mining,"[Page 93] first level of management  (as % of total junior management  positions) 9.8% Share of women in top management  positions (as % of total top management  positions) 4% DEI Metric Percentage Share of women in management  positions in revenue-generating  functions (e.g. | [Page 93] DEI Metric Percentage Share of women in total workforce   (as % of total workforce) 9.02% Share of women in all management  positions (as % of total management  positions) 7.6% Share of women in junior management  positions, i.e. | [Page 217] (B) Percentage of  Females % (B/A) Board of Directors 8 1 12.50% Key Management Personnel 6 0 0% 22. | [Page 12] Number of Employees 9% Women  employees  3,83,918 | [Page 93] excluding support  functions) 2.1%  Share of women in STEM-related  positions (as % of total STEM positions) 6.8%",https://www.adanienterprises.com/-/media/Project/Enterprises/Investors/Investor-Downloads/Annual-Report/AEL-FY24.pdf,12 | 93 | 260 | 217,PDF,nan,2025-04-23T04:59:19.444358
Bravus Mining & Resources (adanienterprises),AU,"Goal 7. Ensure access to affordable, reliable, sustainable and modern energy for all","In your organization, what percentage of annual energy usage is derived from renewable energy (clean fuels and technology)?",1. I don't know. 2. < 10%. 3. 10% - 19%. 4. 20% - 29%. 5. 30% - 39%. 6. > 39%.,S002,Q002,Mining,"[Page 79] More than 56% energy procured from Renewable Sources. | [Page 78] This commitment led to  renewable energy constituting  12% of our overall energy mix in  FY 2023-24, marking a significant  step towards greening our  energy sources. | [Page 26] GWh of Renewable Energy consumption �	 Over 99% of waste recycled/reused �	 More than 6 | [Page 31] This commitment may  also enable us to explore new  business prospects in the clean  technologies sector Mitigation Strategy: 	 Utilising high energy-efficient  equipment and technologies,  incorporating onsite  renewable energy installations  whenever feasible 	 Energy audits are undertaken  to map energy consumption  throughout operations  and identify potential  for energy savings 	 Increasing the percentage  of renewable energy in  total energy mix, by actively  sourcing renewable energy  wherever feasible 	 Invest in deep decarbonisation  technologies and aspire to switch  from traditional energy sources  to green hydrogen as a clean and  sustainable energy source 	 AEL will become one of the  few companies globally to  commission a green hydrogen  fuel cell mining trucks  manufactured by Ashok  Leyland using Ballard   fuel cells  We are embarking on developing  one of the world’s most ambitious  green hydrogen ecosystems  supported by a fully integrated  value chain in one single  location, including: 	 10 GW polysilicon to module  manufacturing capacity with  supporting ancillaries 	 5 GW wind turbine  manufacturing capacity 	 5 GW electrolyser  manufacturing capacity 	 In-house end-to-end  EPC capabilities 	 Production of Green H2, Green  ammonia and other derivatives The establishment of AEL’s New  Energy Ecosystem business  (ANIL) is a testament of our  dedication to energy transition  that would help us to spearhead  our efforts in developing innovative  energy solutions, decarbonising  industries and mobility. | [Page 80] The initiatives that  lead to this reduction include the use of lower GWP  refrigerants, shift to EVs and increased percentage of  renewable energy in total energy mix. | [Page 80] 7% of energy procured from Renewable Sources.",https://www.adanienterprises.com/-/media/Project/Enterprises/Investors/Investor-Downloads/Annual-Report/AEL-FY24.pdf,26 | 80 | 31 | 79 | 78,PDF,nan,2025-04-23T04:59:19.444358
Bupa Health Foundation (bupa),AU,Goal 12. Ensure sustainable consumption and production patterns,"In your organization, what is the recycling rate (measured by sum of recyclables + organics divided by total garbage, as the percentage of of all waste that is recycled? ",1. I don't know. 2. < 10%. 3. 10% - 19%. 4. 20% - 29%. 5. 30% - 39%. 6. > 39%.,S003,Q003,Health Care And Social Assistance,,https://www.bupa.com/~/media/files/b/bupa-v5/documents/annual-report-2024/bupa-group-2024-annual-report-sustainability-report.pdf,4,PDF,2024.0,2025-06-05T01:26:33.135005
Bupa Health Foundation (bupa),AU,Goal 17. Strengthen the means of implementation and revitalize the Global Partnership for Sustainable Development,Does your organization have an active IFRS certification in sustainability?,1. I don't know. 2. No. 3. 1-3  year active certification. 4. 4-6 year active certification. 5. 7-9 year active certification. 6. 10+ year active certification.,S004,Q005,Health Care And Social Assistance,"[Page 8] In our APAC Market Unit  we are preparing to meet local reporting  standards aligned to International  Sustainability Standards Board (ISSB)  requirements. | [Page 8] We are also monitoring  emerging ISSB-related reporting  requirements in other parts of our  business, including Türkiye, Chile and the  UK. | [Page 15] Compliance with Non-Financial and Sustainability Information Statement The following table sets out where the Company’s disclosures in relation to the  recommendations of the Taskforce on Climate-related Disclosures (TCFD), which are now  incorporated into regulation in the FCA’s Listing Rules and the Companies Act 2006, can be  found in this Annual Report and Accounts.",https://www.bupa.com/~/media/files/b/bupa-v5/documents/annual-report-2024/bupa-group-2024-annual-report-sustainability-report.pdf,15 | 8,PDF,2024.0,2025-06-05T01:26:33.135005
Bupa Health Foundation (bupa),AU,Goal 17. Strengthen the means of implementation and revitalize the Global Partnership for Sustainable Development,Is your organisation certified with UN Compact?,"1. I don't know. 2. No. 3. No, but it is in planning for this year. 4. No, but certification is in progress. 5. Yes, certified, active this year. 6. Yes, certified , active this year, and have renewed certification once or more times",S004,Q004,Health Care And Social Assistance,,,,,,
Bupa Health Foundation (bupa),AU,Goal 5. Achieve gender equality and empower all women and girls,"In your organization, what is the percentage of women in managerial positions?",1. I don't know. 2. < 10%. 3. 10% - 19%. 4. 20% - 29%. 5. 30% - 39%. 6. > 39%.,S001,Q001,Health Care And Social Assistance,,,,,,
Bupa Health Foundation (bupa),AU,"Goal 7. Ensure access to affordable, reliable, sustainable and modern energy for all","In your organization, what percentage of annual energy usage is derived from renewable energy (clean fuels and technology)?",1. I don't know. 2. < 10%. 3. 10% - 19%. 4. 20% - 29%. 5. 30% - 39%. 6. > 39%.,S002,Q002,Health Care And Social Assistance,"[Page 6] % of renewable electricity covers purchased and self-generated electricity consumption (scope 2). | [Page 5] Scope 2 (market-based) emissions were  lower year on year by 7,019 tCO2e or  37% due to switching additional sites  onto renewable electricity in Poland and  Chile. | [Page 5] This has resulted in the increased  proportion of renewable electricity  consumption compared with last year by  3 percentage points to 94% (2023: 91%). | [Page 5] As a result, the proportion  of renewable electricity consumption in  the UK decreased by 2 percentage  points to 96% (2023: 98%). | [Page 3] Reduce scope 1 and 2 (market-based) GHG emissions  across our global operations by at least 46.2% by end  2030 from 2019 baseline (our approved science based  target)  3. | [Page 6] Unit Group UK Group UK Group UK Group UK Group UK Total energy usage¹ kWh 468,333,299  136,144,885   480,574,076  145,122,725   508,743,037  163,830,698   (3) %  (6) %  (8) %  (17) % GHG emissions² Scope 1 tCO₂e  38,783   14,621   45,492 ³   16,428 ³   49,444 ⁴   20,408   (15) %  (11) %  (22) %  (28) % Scope 2",https://www.bupa.com/~/media/files/b/bupa-v5/documents/annual-report-2024/bupa-group-2024-annual-report-sustainability-report.pdf,6 | 5 | 3,PDF,2024.0,2025-06-05T01:26:33.135005
Calix Limited (calix),AU,Goal 12. Ensure sustainable consumption and production patterns,"In your organization, what is the recycling rate (measured by sum of recyclables + organics divided by total garbage, as the percentage of of all waste that is recycled? ",1. I don't know. 2. < 10%. 3. 10% - 19%. 4. 20% - 29%. 5. 30% - 39%. 6. > 39%.,S003,Q003,Manufacturing | Mining,"[Page 26] Currently, 80% of wastewater flows back into the ecosystem  without being treated or reused, while existing water treatment  products, such as caustic soda, can have significant detrimental  environmental impacts 1. | [Page 34] This means we try to reduce printing where possible or we print  on 100% recycled paper if printing is necessary. | [Page 22] CONTINUALLY  INNOVATING  In 2022, we set a goal for ourselves to have 100% sustainable  material inputs that are reusable, renewable and/or recyclable  by 2030. | [Page 16] Water  FY24  m3  Total freshwater consumption  16,182 1  Water use from alternative water sources  14% 2  Waste  Calix aims to use an increasingly circular operating model, where waste is  reduced and ideally eliminated.",https://calix.global/wp-content/uploads/2024/08/calix-limited-fy24-sustainability-report.pdf,26 | 13 | 34 | 22 | 16,PDF,2024.0,2025-04-23T04:58:45.958370
Calix Limited (calix),AU,Goal 17. Strengthen the means of implementation and revitalize the Global Partnership for Sustainable Development,Does your organization have an active IFRS certification in sustainability?,1. I don't know. 2. No. 3. 1-3  year active certification. 4. 4-6 year active certification. 5. 7-9 year active certification. 6. 10+ year active certification.,S004,Q005,Manufacturing | Mining,"[Page 6] Sparked by the release of the International Financial Reporting  Standards (IFRS) S1 and S2, Calix is working to enhance our  sustainability strategy, governance, and risk management in line  with the Australian Accounting Standards Board’s (AASB) proposed  Australian Sustainability Reporting Standards (ASRS). | [Page 32] SDG  Calix Business Line  Magnesia  Magnesia  Magnesia  Sustainable  Processing  Sustainable  Processing,  Leilac  Magnesia  Sustainable  Processing,  Leilac,  Magnesia  Magnesia  Magnesia  Sustainable  Processing,  Leilac  Reporting topics  In preparation for Australia’s Climate-related Financial Disclosures, Calix is aligning  its sustainability disclosures with the proposed framework outlined by the AASB. | [Page 6] In the same spirit, the Company is stepping up its own efforts to  further embed sustainability into its strategic decision-making  in compliance with reporting standards. | [Page 6] In the past year, we have seen the global movement towards  alignment of sustainability reporting standards strengthen. | [Page 32] INTRODUCTION  COMMUNITY SUSTAINABILITY AMBITIONS  SUSTAINABILITY REPORT 2024 | [Page 12] OUR SUSTAINABILITY  AMBITIONS  AMBITION  10  INTRODUCTION  COMMUNITY  APPENDIX SUSTAINABILITY REPORT 2024  RESPONSIBLE BUSINESS SUSTAINABILITY AMBITIONS",https://calix.global/wp-content/uploads/2024/08/calix-limited-fy24-sustainability-report.pdf,12 | 6 | 32,PDF,2024.0,2025-04-23T04:58:45.958370
Calix Limited (calix),AU,Goal 17. Strengthen the means of implementation and revitalize the Global Partnership for Sustainable Development,Is your organisation certified with UN Compact?,"1. I don't know. 2. No. 3. No, but it is in planning for this year. 4. No, but certification is in progress. 5. Yes, certified, active this year. 6. Yes, certified , active this year, and have renewed certification once or more times",S004,Q004,Manufacturing | Mining,Calix Limited Australia joined un compact on 10-Nov-20,https://unglobalcompact.org/what-is-gc/participants/142168-Calix-Limited,6 | 9,PDF,2024.0,2025-04-23T04:58:45.958370
Calix Limited (calix),AU,Goal 5. Achieve gender equality and empower all women and girls,"In your organization, what is the percentage of women in managerial positions?",1. I don't know. 2. < 10%. 3. 10% - 19%. 4. 20% - 29%. 5. 30% - 39%. 6. > 39%.,S001,Q001,Manufacturing | Mining,[Page 18] 25.6%  Female at  Management Level 1  43%  Female at Board of  Directors Level  16 | [Page 18] 65%  26.4%  8%  0.6%  Male  Female  Not disclosed  Non-binary/conforming  Global gender  breakdown  1.,https://calix.global/wp-content/uploads/2024/08/calix-limited-fy24-sustainability-report.pdf,12 | 18 | 19,PDF,2024.0,2025-04-23T04:58:45.958370
Calix Limited (calix),AU,"Goal 7. Ensure access to affordable, reliable, sustainable and modern energy for all","In your organization, what percentage of annual energy usage is derived from renewable energy (clean fuels and technology)?",1. I don't know. 2. < 10%. 3. 10% - 19%. 4. 20% - 29%. 5. 30% - 39%. 6. > 39%.,S002,Q002,Manufacturing | Mining,"[Page 15] 70.1%  29.9%  Energy use  by type  Conventional energy  Renewable energy  Carbon intensity  Carbon intensity is a key metric by which Calix intends to evaluate  how the Company is decoupling our resource use from business  growth. | [Page 25] In turn, this  could support a reduction in grid infrastructure costs and  the inclusion of increased levels of renewable generation into  energy grids. | [Page 28] Switching industrial heat sources from coal and the  combustion of other fossil fuels to renewably generated electricity can deliver improved  air quality to the surrounding communities. | [Page 14] Opportunities to improve the  Company’s supplier selection process and  increase supplier engagement are some of  the strategies currently being developed  to reduce Scope 3 emissions in addition to  resolving key data gaps. | [Page 22] CONTINUALLY  INNOVATING  In 2022, we set a goal for ourselves to have 100% sustainable  material inputs that are reusable, renewable and/or recyclable  by 2030.",https://calix.global/wp-content/uploads/2024/08/calix-limited-fy24-sustainability-report.pdf,25 | 28 | 24 | 22 | 15 | 14,PDF,2024.0,2025-04-23T04:58:45.958370
Cleanaway,AU,Goal 12. Ensure sustainable consumption and production patterns,"In your organization, what is the recycling rate (measured by sum of recyclables + organics divided by total garbage, as the percentage of of all waste that is recycled? ",1. I don't know. 2. < 10%. 3. 10% - 19%. 4. 20% - 29%. 5. 30% - 39%. 6. > 39%.,S003,Q003,Electricity Gas Water And Waste Services,"[Page 7] By avoiding landfill, it also lowers greenhouse gas emissions  that would otherwise have been generated. | [Page 16] How will we continue  to reduce our emissions  Methane emissions from landfills are nearly 72% of our  entire greenhouse gas emissions and they are material  to our overall footprint. | [Page 12] In addition, packaging waste generated in this process was diverted from landfill and recycled, helping to close the loop  on plastic waste. | [Page 16] REDUCING EMISSIONS FY24 Landfill gas capture 4.8PJ Landfill gas captured 48% of captured gas was used by   third parties as renewable energy 18% of captured gas was flared   to reduce impact 34% of captured gas   was converted to electricity Measuring methane at Melbourne Regional Landfill.",https://cleanaway2stor.blob.core.windows.net/cleanaway2-blob-container/2024/09/9762_Cleanaway_SR24_interactive_PDF_v5_SPREADS.pdf,26 | 7 | 16 | 12 | 18,PDF,2024.0,2025-04-23T05:07:14.412647
Cleanaway,AU,Goal 17. Strengthen the means of implementation and revitalize the Global Partnership for Sustainable Development,Does your organization have an active IFRS certification in sustainability?,1. I don't know. 2. No. 3. 1-3  year active certification. 4. 4-6 year active certification. 5. 7-9 year active certification. 6. 10+ year active certification.,S004,Q005,Electricity Gas Water And Waste Services,"[Page 5] We are also preparing for the new Australian Sustainability  Reporting Standards, which we see as an opportunity to  give our investors and stakeholders greater insight into  our work to create a sustainable future for our business,  our customers, our communities and the environment. | [Page 2] Our sustainability practices 2 are reported aligned with the Sustainability Accounting Standards Board (SASB) Waste  Management Standard, and with reference to the GRI Sustainability Reporting Standards 2021 (GRI Standards), the  United Nations Sustainable Development Goals (SDGs) and the recommendations of the Financial Stability Board’s  Taskforce on Climate-related Financial Disclosures (TCFD). | [Page 6] It reviews key disclosures, including Cleanaway’s  Sustainability Report, climate change disclosures, health,  safety and environmental compliance, and our Modern  Slavery Statement. | [Page 1] Sustainability Report 2024",https://cleanaway2stor.blob.core.windows.net/cleanaway2-blob-container/2024/09/9762_Cleanaway_SR24_interactive_PDF_v5_SPREADS.pdf,2 | 6 | 5 | 1,PDF,2024.0,2025-04-23T05:07:14.412647
Cleanaway,AU,Goal 17. Strengthen the means of implementation and revitalize the Global Partnership for Sustainable Development,Is your organisation certified with UN Compact?,"1. I don't know. 2. No. 3. No, but it is in planning for this year. 4. No, but certification is in progress. 5. Yes, certified, active this year. 6. Yes, certified , active this year, and have renewed certification once or more times",S004,Q004,Electricity Gas Water And Waste Services,,,,,,
Cleanaway,AU,Goal 5. Achieve gender equality and empower all women and girls,"In your organization, what is the percentage of women in managerial positions?",1. I don't know. 2. < 10%. 3. 10% - 19%. 4. 20% - 29%. 5. 30% - 39%. 6. > 39%.,S001,Q001,Electricity Gas Water And Waste Services,"[Page 23] 39.3% 40.0% Proportion of females (CEO-2)  participating in leadership roles Proportion of females (CEO-1) participating in the executive team  From 36.2% in FY23 | [Page 23] In FY22, we challenged ourselves to achieve at least 40% women in the executive team (defined as CEO‑1) by 2027. | [Page 23] We have met our FY27 commitment to achieve 40% female Executive team participation (CEO‑1) three  years before projected, and are close to our 2030 commitment for females in leadership roles (CEO‑2) of 39.3%. | [Page 4] 5   Female participation figures represent the percentage of active employees as at 30 June 2024. | [Page 23] This target has been raised to challenge ourselves further to include at least 40% of women in leadership roles (defined  as CEO‑2) by 2030. | [Page 23] That means  significantly increased representation of women in operational and management roles and gender parity across the  organisation; for example, more women in traditionally male‑dominated areas, such as driving, and more men in traditionally  female‑dominated areas, such as customer service.",https://cleanaway2stor.blob.core.windows.net/cleanaway2-blob-container/2024/09/9762_Cleanaway_SR24_interactive_PDF_v5_SPREADS.pdf,23 | 4,PDF,2024.0,2025-04-23T05:07:14.412647
Cleanaway,AU,"Goal 7. Ensure access to affordable, reliable, sustainable and modern energy for all","In your organization, what percentage of annual energy usage is derived from renewable energy (clean fuels and technology)?",1. I don't know. 2. < 10%. 3. 10% - 19%. 4. 20% - 29%. 5. 30% - 39%. 6. > 39%.,S002,Q002,Electricity Gas Water And Waste Services,"[Page 5] • Emissions reduction: We reduced our greenhouse  gas emissions (GHG) by 5.4%, and through our  renewable diesel demonstration, proved that we  could run our fleet on the renewable diesel HVO100,  which according to our lifecycle assessment would  generate 91% lower GHG’s than fossil diesel. | [Page 7] By avoiding landfill, it also lowers greenhouse gas emissions  that would otherwise have been generated. | [Page 16] REDUCING EMISSIONS FY24 Landfill gas capture 4.8PJ Landfill gas captured 48% of captured gas was used by   third parties as renewable energy 18% of captured gas was flared   to reduce impact 34% of captured gas   was converted to electricity Measuring methane at Melbourne Regional Landfill.",https://cleanaway2stor.blob.core.windows.net/cleanaway2-blob-container/2024/09/9762_Cleanaway_SR24_interactive_PDF_v5_SPREADS.pdf,18 | 16 | 7 | 5,PDF,2024.0,2025-04-23T05:07:14.412647
Everhard Industries,AU,Goal 12. Ensure sustainable consumption and production patterns,"In your organization, what is the recycling rate (measured by sum of recyclables + organics divided by total garbage, as the percentage of of all waste that is recycled? ",1. I don't know. 2. < 10%. 3. 10% - 19%. 4. 20% - 29%. 5. 30% - 39%. 6. > 39%.,S003,Q003,Manufacturing,,,,,,
Everhard Industries,AU,Goal 17. Strengthen the means of implementation and revitalize the Global Partnership for Sustainable Development,Does your organization have an active IFRS certification in sustainability?,1. I don't know. 2. No. 3. 1-3  year active certification. 4. 4-6 year active certification. 5. 7-9 year active certification. 6. 10+ year active certification.,S004,Q005,Manufacturing,,,,,,
Everhard Industries,AU,Goal 17. Strengthen the means of implementation and revitalize the Global Partnership for Sustainable Development,Is your organisation certified with UN Compact?,"1. I don't know. 2. No. 3. No, but it is in planning for this year. 4. No, but certification is in progress. 5. Yes, certified, active this year. 6. Yes, certified , active this year, and have renewed certification once or more times",S004,Q004,Manufacturing,,,,,,
Everhard Industries,AU,Goal 5. Achieve gender equality and empower all women and girls,"In your organization, what is the percentage of women in managerial positions?",1. I don't know. 2. < 10%. 3. 10% - 19%. 4. 20% - 29%. 5. 30% - 39%. 6. > 39%.,S001,Q001,Manufacturing,,,,,,
Everhard Industries,AU,"Goal 7. Ensure access to affordable, reliable, sustainable and modern energy for all","In your organization, what percentage of annual energy usage is derived from renewable energy (clean fuels and technology)?",1. I don't know. 2. < 10%. 3. 10% - 19%. 4. 20% - 29%. 5. 30% - 39%. 6. > 39%.,S002,Q002,Manufacturing,,,,,,
Fortescue,AU,Goal 12. Ensure sustainable consumption and production patterns,"In your organization, what is the recycling rate (measured by sum of recyclables + organics divided by total garbage, as the percentage of of all waste that is recycled? ",1. I don't know. 2. < 10%. 3. 10% - 19%. 4. 20% - 29%. 5. 30% - 39%. 6. > 39%.,S003,Q003,Mining,"[Page 34] Recycle more than 80 per cent of our waste  (excluding mineral waste, tyres and concrete) Waste recycled FY24   81%   FY23   81% FY22   83%   Innovation Investment and development in early stage  technologies will enable the achievement of our  decarbonisation ambitions and increase the  efficiency of our existing activities. | [Page 172] Corporate directory FORTESCUE  FY24 SUSTAINABILITY REPORT | 168 Material recycled The volume of waste recycled from  Fortescue’s Pilbara operations,  including port and rail, as a  percentage of the total volume of  waste generated, excluding tyres  and concrete waste. | [Page 140] Contributing to SDGs Year on year,  recycle more than  80 per cent of our  non-mineralised  waste volumes  at our mine sites,  excluding tyres and  concrete waste Target continues  into FY25  81% recycled Targets In FY24: Looking forward | [Page 143] In FY24, we recycled 81 per cent of non-mineralised  waste volumes across our Pilbara operations, excluding  tyres and concrete waste.",https://cdn.fortescue.com/docs/default-source/announcements-and-reports/fy24-sustainability-report.pdf?sfvrsn=f4bd363d_3,162 | 34 | 140 | 143 | 172 | 163,PDF,nan,2025-06-05T01:22:58.844234
Fortescue,AU,Goal 17. Strengthen the means of implementation and revitalize the Global Partnership for Sustainable Development,Does your organization have an active IFRS certification in sustainability?,1. I don't know. 2. No. 3. 1-3  year active certification. 4. 4-6 year active certification. 5. 7-9 year active certification. 6. 10+ year active certification.,S004,Q005,Mining,"[Page 151] Sustainability  Report GRI Sector  Standard ICMM  Principles UNGC  Principles FOUNDATIONAL SUSTAINABILITY DISCLOSURES GRI 2 | [Page 26] Key outcomes achieved through the ARMSC in FY24  include: •	 approval of the FY23 sustainability disclosure suite,  including the FY23 Sustainability Report, FY23  Climate Change Report and FY23 Modern Slavery  Statement •	 endorsement of the FY24 Materiality Assessment,  including approval of material topics •	 approval of a new Water Policy •	 endorsement of Science Based Targets initiative  (SBTi) submission strategy for target validation. | [Page 151] Entities included in  the organisation’s  sustainability  reporting About this report: page 3 - 2 2-3 | [Page 44] Stakeholder feedback during FY24 This report outlines our sustainability commitments  and performance and is supported by communication  throughout the year via media statements, company  publications, our Annual General Meeting, our website  and engagement with specific stakeholders. | [Page 89] SUSTAINABILITY REPORT    |    85 | [Page 151] General Disclosures 2021 2-1",https://cdn.fortescue.com/docs/default-source/announcements-and-reports/fy24-sustainability-report.pdf?sfvrsn=f4bd363d_3,26 | 151 | 89 | 44,PDF,nan,2025-06-05T01:22:58.844234
Fortescue,AU,Goal 17. Strengthen the means of implementation and revitalize the Global Partnership for Sustainable Development,Is your organisation certified with UN Compact?,"1. I don't know. 2. No. 3. No, but it is in planning for this year. 4. No, but certification is in progress. 5. Yes, certified, active this year. 6. Yes, certified , active this year, and have renewed certification once or more times",S004,Q004,Mining,Fortescue Ltd Australia joined un compact on 19-Apr-13,https://unglobalcompact.org/what-is-gc/participants/19138-Fortescue-Ltd,151 | 162 | 7 | 37 | 39 | 174,PDF,nan,2025-06-05T01:22:58.844234
Fortescue,AU,Goal 5. Achieve gender equality and empower all women and girls,"In your organization, what is the percentage of women in managerial positions?",1. I don't know. 2. < 10%. 3. 10% - 19%. 4. 20% - 29%. 5. 30% - 39%. 6. > 39%.,S001,Q001,Mining,"[Page 8] Women represent  about 24 per cent of our workforce, 29 per cent of  leadership roles and 37 per cent of senior leadership  roles. | [Page 57] Our female employment rate increased steadily this  year, with female employees holding 24 per cent of total  positions, 29 per cent of leadership positions (Manager  roles and above) and 37 per cent of senior leadership roles  (General or Group Manager roles and above). | [Page 169] Female employment rate in  senior leadership roles The number of female, permanent  and fixed term (full time and part  time) employees, in roles defined  as group/general manager and  above who work across Fortescue,  as a percentage of the total number  of permanent and fixed term  employees. | [Page 30] Year-on-year  increase in our  female employment Year-on-year increase in  our female employment  in leadership roles Year-on-year increase in our  female employment in senior  leadership roles Female employment Females in leadership  (manager and above) Females in senior leadership  (group manager and above) FY24   24%   FY24   29%   FY24   37%   FY23   23% FY23  26% FY23  30% FY22    23%   FY22    24%   FY22    27%   Diversity, inclusion and equity continued To increase the number of First Nations Australian employees to be reflective of general society, and to provide  opportunities for First Nations Australian people to move into leadership positions. | [Page 169] Female employment rate in  manager and above roles The number of female, permanent  and fixed term (full time and part  time) employees, in roles defined  as supervisor and above who work  across Fortescue, as a percentage  of the total number of permanent  and fixed term employees. | [Page 53] Targets In FY24: Looking forward Year on year  increase in female  employment in  senior leadership  (group manager and  above) roles Target continues   into FY25 from 30%   in FY23 to  37% in FY24",https://cdn.fortescue.com/docs/default-source/announcements-and-reports/fy24-sustainability-report.pdf?sfvrsn=f4bd363d_3,8 | 57 | 169 | 30 | 53,PDF,nan,2025-06-05T01:22:58.844234
Fortescue,AU,"Goal 7. Ensure access to affordable, reliable, sustainable and modern energy for all","In your organization, what percentage of annual energy usage is derived from renewable energy (clean fuels and technology)?",1. I don't know. 2. < 10%. 3. 10% - 19%. 4. 20% - 29%. 5. 30% - 39%. 6. > 39%.,S002,Q002,Mining,"[Page 93] We are reducing emissions  by working to decarbonise our operations and  deliver renewable energy and green technology  to the world. | [Page 16] The planet We are reducing emissions by working  to decarbonise our operations and deliver  renewable energy and green technology to the  world. | [Page 136] By 2030, approximately 97% of our electricity demand  is to be met by renewable resources. | [Page 34] By 2030,  approximately 97 per cent of our electricity  demand to be met by renewable resources. | [Page 137] The  remaining 30 per cent of non-renewable fuel energy  consumption is from the use of natural gas in our power  stations, as well as non-diesel marine fuels and oil-based  energy, such as lubricating oils, grease, acetylene, and  LPG throughout our operations.",https://cdn.fortescue.com/docs/default-source/announcements-and-reports/fy24-sustainability-report.pdf?sfvrsn=f4bd363d_3,93 | 136 | 138 | 34 | 16 | 137,PDF,nan,2025-06-05T01:22:58.844234
Foxtel (newscorp),AU,Goal 12. Ensure sustainable consumption and production patterns,"In your organization, what is the recycling rate (measured by sum of recyclables + organics divided by total garbage, as the percentage of of all waste that is recycled? ",1. I don't know. 2. < 10%. 3. 10% - 19%. 4. 20% - 29%. 5. 30% - 39%. 6. > 39%.,S003,Q003,Information Media And Telecommunications,"[Page 7] 5	 Zero waste means meeting or exceeding Zero Waste International Alliance business recognition program requirements of 90% or more diversion of all discarded resources  from landfills, incinerators and the environment. | [Page 7] 91% diversion rate across 22 sites in fiscal 2023. | [Page 41] Waste Generated in Operations 1,195 719 1,819 0.2% 153.0% 6.",https://newscorp.com/app/uploads/2024/10/News-Corp-ESG-2024_FINAL.pdf,48 | 41 | 11 | 7,PDF,2024.0,2025-06-05T00:06:01.185810
Foxtel (newscorp),AU,Goal 17. Strengthen the means of implementation and revitalize the Global Partnership for Sustainable Development,Does your organization have an active IFRS certification in sustainability?,1. I don't know. 2. No. 3. 1-3  year active certification. 4. 4-6 year active certification. 5. 7-9 year active certification. 6. 10+ year active certification.,S004,Q005,Information Media And Telecommunications,"[Page 5] •	 Reviews environmental sustainability  programs, goals and progress,   typically annually. | [Page 38] •	 Meeting expectations regarding sustainability. | [Page 12] •	 Through the Sustainability pillar of our  corporate giving program, we are proud to support  organizations that focus on improving environmental  outcomes for generations to come. | [Page 5] •	 Publication of our annual ESG report, including GRI  (Global Reporting Initiative) and SASB (Sustainable  Accounting Standards Board) indices, since 2021, helping  to provide ongoing transparency and accountability. | [Page 33] Our Global Compliance team conducts an annual  survey to measure employees’ levels of awareness of  available compliance resources and their perception of  our leadership’s commitment to ethics and integrity. | [Page 7] Continue to publicly report sustainability  practices annually to CDP (formerly Carbon  Disclosure Project).",https://newscorp.com/app/uploads/2024/10/News-Corp-ESG-2024_FINAL.pdf,33 | 7 | 38 | 5 | 12,PDF,2024.0,2025-06-05T00:06:01.185810
Foxtel (newscorp),AU,Goal 17. Strengthen the means of implementation and revitalize the Global Partnership for Sustainable Development,Is your organisation certified with UN Compact?,"1. I don't know. 2. No. 3. No, but it is in planning for this year. 4. No, but certification is in progress. 5. Yes, certified, active this year. 6. Yes, certified , active this year, and have renewed certification once or more times",S004,Q004,Information Media And Telecommunications,"[Page 33] We have assigned  targets to many of these metrics and review at least   annually whether those targets are being met. | [Page 7] 6	 Mills whose forest management practices are certified by an independent, internationally recognized sustainable forestry certification body such as Forest Stewardship  Council (FSC), Programme for the Endorsement of Forest Certification (PEFC), Sustainable Forest Initiative (SFI), Canadian Standards Association (CSA) or equivalent. | [Page 42] Products Externally Certified by Agencies with the Most Stringent Standards (US, UK, Australia) (%) 78% 77% 100% n/a 29.9% 1 | [Page 38] forest management practices are certified by independent,  internationally recognized sustainable forestry certification  bodies such as the Forest Stewardship Council, Programme  for the Endorsement of Forest Certification, Sustainable  Forest Initiative and Canadian Standards Association.",https://newscorp.com/app/uploads/2024/10/News-Corp-ESG-2024_FINAL.pdf,33 | 38 | 7 | 42,PDF,2024.0,2025-06-05T00:06:01.185810
Foxtel (newscorp),AU,Goal 5. Achieve gender equality and empower all women and girls,"In your organization, what is the percentage of women in managerial positions?",1. I don't know. 2. < 10%. 3. 10% - 19%. 4. 20% - 29%. 5. 30% - 39%. 6. > 39%.,S001,Q001,Information Media And Telecommunications,"[Page 43] Workforce 53% 54% 53% Women in Management in U.S. | [Page 43] Women in Global Workforce 47% 48% 49% Women in Senior Leadership2 38% 37% 39% Women in U.S. | [Page 25] Our Directors are 43% female, include  six citizens of countries other than the United States and  four people who self-identify as Asian, Hispanic/Latinx or  two or more races/ethnicities, range in age from 44 to 71  (median age: 56), and bring to the boardroom a diversity of  backgrounds, viewpoints and expertise. | [Page 25] 60% of our independent  directors are female 54% FISCAL 2023  70% WHITE <1% NATIVE HAWAIIAN OR  OTHER PACIFIC ISLANDER  4% TWO OR MORE RACES 6% BLACK OR AFRICAN AMERICAN  7% HISPANIC OR LATINO 12% ASIAN <1% AMERICAN INDIAN OR  ALASKA NATIVE 30% FISCAL 2024  70% WHITE <1% NATIVE HAWAIIAN OR  OTHER PACIFIC ISLANDER  3.6% TWO OR MORE RACES 6% BLACK OR AFRICAN AMERICAN  7.8% HISPANIC OR LATINO 12.5% ASIAN <1% AMERICAN INDIAN OR  ALASKA NATIVE 30% INTRODUCTION ABOUT NEWS CORP OUR ESG APPROACH CLIMATE & ENVIRONMENT GOVERNANCE INDICES 25",https://newscorp.com/app/uploads/2024/10/News-Corp-ESG-2024_FINAL.pdf,25 | 43 | 23,PDF,2024.0,2025-06-05T00:06:01.185810
Foxtel (newscorp),AU,"Goal 7. Ensure access to affordable, reliable, sustainable and modern energy for all","In your organization, what percentage of annual energy usage is derived from renewable energy (clean fuels and technology)?",1. I don't know. 2. < 10%. 3. 10% - 19%. 4. 20% - 29%. 5. 30% - 39%. 6. > 39%.,S002,Q002,Information Media And Telecommunications,"[Page 10] •	 Use renewable energy when feasible and ultimately  target 100% renewable energy use. | [Page 10] GHG emissions, 78%  reported emission reduction activities and 70% reported  using renewable energy. | [Page 9] Renewable Energy In fiscal 2023, our total usage of renewable energy was 25.9%,  largely due to News UK’s purchase of electricity backed by  REGO certificates. | [Page 42] Energy Total Energy Consumption (MWh)5 391,224 288,579 260,563 185,609 -52.6% -28.8% Total MWh from Renewable Energy 6,466 19,961 65,338 48,053 643.1% -26.5% Forests Certified Paper (US, UK, Australia) (%)6 78% 77% 100% n/a 29.9% Year-Over-Year Percent Reduction of Paper Consumed (%) 14% 13% n/a n/a Products7 | [Page 7] 62% reduction of operational carbon emissions in  fiscal 20234 from our fiscal 2016 base year, primarily  through continuing digital transformation and energy  efficiency projects.",https://newscorp.com/app/uploads/2024/10/News-Corp-ESG-2024_FINAL.pdf,42 | 7 | 9 | 10,PDF,2024.0,2025-06-05T00:06:01.185810
Fujitsu Australia (fujitsu),AU,Goal 12. Ensure sustainable consumption and production patterns,"In your organization, what is the recycling rate (measured by sum of recyclables + organics divided by total garbage, as the percentage of of all waste that is recycled? ",1. I don't know. 2. < 10%. 3. 10% - 19%. 4. 20% - 29%. 5. 30% - 39%. 6. > 39%.,S003,Q003,Manufacturing,"[Page 310] In accordance with these concepts, Fujitsu Recycling Centers around Japan are entrusted to properly dispose of industrial waste, and one of Fujitsu’s voluntary management indicators is ''to reuse at least 90% of the resources in its ICT products for businesses.'' Changes in Resource Reuse Rates of End-of-life Business ICT Products Item FY2021 | [Page 336] The emission  intensity includes the transportation stage of waste.)  *5 The percentage by type of waste and disposal method is calculated based on the waste disposal results of our company Recycling Center in the previous fiscal year for products sold, and based on the waste disposal results of the PC3R Promotion Association for the previous fiscal year for other products collected. | [Page 335] Indicator  Unit  Calculation Method  Upstream  (Scope 3)  Waste generated in  operations  Tons  -CO2 Annual amounts of waste (discharged mainly by business  sites owned by Fujitsu) processed or recycled, by type and  processing method x Emissions per unit of annual amount  of waste processed or recycled  (Source: Database for calculating an organization's greenhouse  gas emissions through its supply chain ver. | [Page 310] Resource reuse rate (%) 92.9 93.6 94.1 | [Page 305] Although changes in our business structure have led to a reduction in overall waste generated, we remain dedicated to further reducing waste and strengthening our recycling and resource utilization efforts to further contribute to a more recycling oriented society.",https://www.fujitsu.com/global/documents/about/resources/reports/sustainabilityreport/2024-report/fujitsudatabook2024e.pdf,336 | 480 | 310 | 305 | 335,PDF,2024.0,2025-04-23T05:03:14.736401
Fujitsu Australia (fujitsu),AU,Goal 17. Strengthen the means of implementation and revitalize the Global Partnership for Sustainable Development,Does your organization have an active IFRS certification in sustainability?,1. I don't know. 2. No. 3. 1-3  year active certification. 4. 4-6 year active certification. 5. 7-9 year active certification. 6. 10+ year active certification.,S004,Q005,Manufacturing,"[Page 468] if the organization’s sustainability reporting has been externally assured: i. | [Page 206] Certification is granted to environmentally conscious organizations that develop systems for ongoing reductions in their environmental footprint. | [Page 374] Where there is a particular need to check whether sustainability activities are being fully implemented by a supplier, a CSR audit is conducted. | [Page 484] SASB Standards Comparison Table Sustainability Disclosure Topics and Accounting Metrics Topic Code Accounting Metric Reference Environmental Footprint of Hardware Infrastructure TC-SI-130 a.1 (1) Total energy consumed, (2) Percentage grid electricity, (3) Percentage renewable TC-SI-130 a.2 (1) Total water withdrawn, (2) Total water consumed, percentage of each in regions with High or Extremely High Baseline Water Stress TC-SI-130 a.3 | [Page 467] ◆Sustainability Data Book Framework 2-3 Reporting period, frequency and contact point  a. | [Page 293] Environmental value (renewable attribute) can be pursued and verified Fujitsu Group Sustainability Data Book 2024",https://www.fujitsu.com/global/documents/about/resources/reports/sustainabilityreport/2024-report/fujitsudatabook2024e.pdf,206 | 467 | 374 | 293 | 468 | 484,PDF,2024.0,2025-04-23T05:03:14.736401
Fujitsu Australia (fujitsu),AU,Goal 17. Strengthen the means of implementation and revitalize the Global Partnership for Sustainable Development,Is your organisation certified with UN Compact?,"1. I don't know. 2. No. 3. No, but it is in planning for this year. 4. No, but certification is in progress. 5. Yes, certified, active this year. 6. Yes, certified , active this year, and have renewed certification once or more times",S004,Q004,Manufacturing,"[Page 236] The SBTi was established in 2015 join tly by a number of organizations, including the World Resources Institute (WRI) and UN Global Compact. | [Page 2] GRI STANDARDS / UNITED NATIONS GLOBAL  COMPACT (UNGC) PRINCIPLES COMPARISON TABLE 12-1-1 | [Page 87] Please refer to the ''GRI Standard/UN Global Compact (GC) Index'' for the relationship between our sustainability activities and the United Nations Global Compact, as described in the ''Sustainability'' sites and ''Fujitsu Group Sustainability Data Book''. | [Page 467] GRI Standards / United Nations Global  Compact (UNGC) principles Comparison  Table  Return to Table of Contents | [Page 86] ＜The 10 principles of the UN Global Compact＞ The UN Global Compact consists of 10 pr inciples in the four areas of human rights, labor, the environment, and anti-corruption with which companies should rigorously comply. | [Page 474] ◆United Nations Global Compact 5.",https://www.fujitsu.com/global/documents/about/resources/reports/sustainabilityreport/2024-report/fujitsudatabook2024e.pdf,2 | 474 | 87 | 467 | 86 | 236,PDF,2024.0,2025-04-23T05:03:14.736401
Fujitsu Australia (fujitsu),AU,Goal 5. Achieve gender equality and empower all women and girls,"In your organization, what is the percentage of women in managerial positions?",1. I don't know. 2. < 10%. 3. 10% - 19%. 4. 20% - 29%. 5. 30% - 39%. 6. > 39%.,S001,Q001,Manufacturing,"[Page 452] Ratio of newly appointed female managers (%) (qualified personnel) 18.2 25.8 28.6 | [Page 450] Ratio of female executives and managers (%) Fujitsu group - 15.01 15.8 | [Page 450] Ratio of female in management positions in revenue-generating functions (%) Fujitsu group - 15.5 17.5 | [Page 450] Ratio of female in top management positions (%) Fujitsu group - 13.8 15.6 | [Page 450] Ratio of female in junior management positions (%) Fujitsu group - 17.79 18.2 | [Page 123] We are also a member of G20 EMPOWER, a private sector alliance to increase and empower women  in key roles in the economy and business, as well as the 30% Club Japan, which aims to achieve a  healthy gender balance in corporate decision-making bodies.",https://www.fujitsu.com/global/documents/about/resources/reports/sustainabilityreport/2024-report/fujitsudatabook2024e.pdf,123 | 450 | 452,PDF,2024.0,2025-04-23T05:03:14.736401
Fujitsu Australia (fujitsu),AU,"Goal 7. Ensure access to affordable, reliable, sustainable and modern energy for all","In your organization, what percentage of annual energy usage is derived from renewable energy (clean fuels and technology)?",1. I don't know. 2. < 10%. 3. 10% - 19%. 4. 20% - 29%. 5. 30% - 39%. 6. > 39%.,S002,Q002,Manufacturing,"[Page 333] Ratio of renewable  energy use  ％  Ratio of the total amount of electricity generated by  the company and purchased from outside using  renewable energy (Solar, wind, hydro, biomass,  geothermal, etc.) used in the fiscal year to the  amount of electricity used in the fiscal year  <Scope3>  Reduce CO2 emissions  from power  consumption during  product use by 12.5% or  more. | [Page 269] Increase use ratio of renewable energy to 50% or more by 2025 | [Page 68] 10.0% annual reduction against the FY2020 baseline.) Renewable energy usage ratio: Actual 42.7% compared to a target of at least 37% FUJITSU-PUBLIC 4-2-6 @Fujitsu 2024 | [Page 333] Rate of reduction of  GHG due to  voluntary efforts  ％  (Total amount of GHG reductions due to voluntary  efforts / total amount of GHG emissions in the  previous fiscal year) × 100  <Scope1.2>  Increase use ratio of  renewable energy to  50% or more by 2025 | [Page 286] To achieve carbon neutrality, we are aiming for at least 50% of the energy used by our businesses to be from renewable sources by FY2025, with a target of 100% by FY2030. | [Page 293] In FY2023, through the purchase of green power and power generation through solar panels, our rate of renewable energy use grew to 42.7%.",https://www.fujitsu.com/global/documents/about/resources/reports/sustainabilityreport/2024-report/fujitsudatabook2024e.pdf,286 | 269 | 333 | 293 | 68,PDF,2024.0,2025-04-23T05:03:14.736401
GHD Group (ghd),AU,Goal 12. Ensure sustainable consumption and production patterns,"In your organization, what is the recycling rate (measured by sum of recyclables + organics divided by total garbage, as the percentage of of all waste that is recycled? ",1. I don't know. 2. < 10%. 3. 10% - 19%. 4. 20% - 29%. 5. 30% - 39%. 6. > 39%.,S003,Q003,Electricity Gas Water And Waste Services,"[Page 7] 36.4% Sustainability at a glance: FY2024 | [Page 52] Although Niue has one of the highest  rates of access to sanitation in the  Pacific, the disposal of residential septic  waste on open ground poses public  health and environmental risks.",https://info.ghd.com/sustainability-report-FY2024?utm_source=direct&utm_content=en-hero-download-button&utm_campaign=sustainability-sustainreport-FY24-FY25,7 | 20 | 52,PDF,2024.0,2025-04-23T06:12:58.102809
GHD Group (ghd),AU,Goal 17. Strengthen the means of implementation and revitalize the Global Partnership for Sustainable Development,Does your organization have an active IFRS certification in sustainability?,1. I don't know. 2. No. 3. 1-3  year active certification. 4. 4-6 year active certification. 5. 7-9 year active certification. 6. 10+ year active certification.,S004,Q005,Electricity Gas Water And Waste Services,"[Page 76] Our sustainability disclosures and data  are subject to internal quality checks and  reflect the best available information at  the time of reporting. | [Page 24] Verifies integrity of  ESG reporting. | [Page 6] We are also committed to transparent  sustainability reporting, guided by  industry-specific reporting frameworks,  to protect the long-term value of our  business. | [Page 61] Sustainability Report  |  61 | [Page 60] Sustainability Report  |  60 | [Page 6] Environmental and social  sustainability are recognised as critical  elements in achieving our objectives as  a company.",https://info.ghd.com/sustainability-report-FY2024?utm_source=direct&utm_content=en-hero-download-button&utm_campaign=sustainability-sustainreport-FY24-FY25,61 | 76 | 6 | 24 | 60,PDF,2024.0,2025-04-23T06:12:58.102809
GHD Group (ghd),AU,Goal 17. Strengthen the means of implementation and revitalize the Global Partnership for Sustainable Development,Is your organisation certified with UN Compact?,"1. I don't know. 2. No. 3. No, but it is in planning for this year. 4. No, but certification is in progress. 5. Yes, certified, active this year. 6. Yes, certified , active this year, and have renewed certification once or more times",S004,Q004,Electricity Gas Water And Waste Services,GHD Pty Ltd Australia joined un compact on 5-Mar-10,https://unglobalcompact.org/what-is-gc/participants/11287-GHD-Pty-Ltd,76,PDF,2024.0,2025-04-23T06:12:58.102809
GHD Group (ghd),AU,Goal 5. Achieve gender equality and empower all women and girls,"In your organization, what is the percentage of women in managerial positions?",1. I don't know. 2. < 10%. 3. 10% - 19%. 4. 20% - 29%. 5. 30% - 39%. 6. > 39%.,S001,Q001,Electricity Gas Water And Waste Services,"[Page 65] 37.4% 32.8% 24.5% 30.0% 42.2% 45.7% of employees are women of executive leadership  positions held by women  of leadership positions  held by women of senior professional positions  held by women of women at the  professional level of women at entry levels GHD 2024 | [Page 78] People Total # employees8 >11,500 >11,000 % women 37.4 36.2 % women on the board 36.4 36.4 % women in executive leadership 32.8 31.4 % women in leadership 24.5 24.8 % women in senior professional positions 30 28.3 % women at professional level 42.2 41.3 % women at entry levels 45.7 43.4 | [Page 62] Inclusion and diversity  Driving positive change Our new Inclusion and Diversity (I&D)  Statement, approved by the Board and  Enterprise Leadership Team, underscores  our commitment to improving four key  areas: 	 →Gender diversity: Achieving at least  40 percent women across all levels and  leadership positions by 2030. | [Page 65] Gender diversity We aim to achieve at least 40 percent women and 40 percent men  across all levels of our global workforce by the end of FY2030.",https://info.ghd.com/sustainability-report-FY2024?utm_source=direct&utm_content=en-hero-download-button&utm_campaign=sustainability-sustainreport-FY24-FY25,62 | 65 | 78 | 12,PDF,2024.0,2025-04-23T06:12:58.102809
GHD Group (ghd),AU,"Goal 7. Ensure access to affordable, reliable, sustainable and modern energy for all","In your organization, what percentage of annual energy usage is derived from renewable energy (clean fuels and technology)?",1. I don't know. 2. < 10%. 3. 10% - 19%. 4. 20% - 29%. 5. 30% - 39%. 6. > 39%.,S002,Q002,Electricity Gas Water And Waste Services,"[Page 36] We also exceeded our target of sourcing  20 percent of our purchased power  from renewable energy for offices that  have purchasing control and access to  renewable energy, with the next goals  being 80 percent by the end of FY2025  and 100 percent by 2030. | [Page 20] From hydrogen to offshore wind and to renewable natural gas,  our Future of Energy Strategic Growth Initiative aims to advance  the share of renewable energy in the global energy mix. | [Page 7] 36.4% Sustainability at a glance: FY2024 | [Page 42] The plant could help NCPA lower  greenhouse gas emissions and contribute  to California’s goal of reducing emissions  by 40 percent below 1990 by 2030. | [Page 11] Decarbonisation Accelerate the transition  to a low-carbon future,  including a reduced  reliance on fossil fuels, in  line with pathways to a 1.5⁰  C climate goal.",https://info.ghd.com/sustainability-report-FY2024?utm_source=direct&utm_content=en-hero-download-button&utm_campaign=sustainability-sustainreport-FY24-FY25,7 | 20 | 11 | 42 | 36,PDF,2024.0,2025-04-23T06:12:58.102809
Go Kindly,AU,Goal 12. Ensure sustainable consumption and production patterns,"In your organization, what is the recycling rate (measured by sum of recyclables + organics divided by total garbage, as the percentage of of all waste that is recycled? ",1. I don't know. 2. < 10%. 3. 10% - 19%. 4. 20% - 29%. 5. 30% - 39%. 6. > 39%.,S003,Q003,Manufacturing,,,,,,
Go Kindly,AU,Goal 17. Strengthen the means of implementation and revitalize the Global Partnership for Sustainable Development,Does your organization have an active IFRS certification in sustainability?,1. I don't know. 2. No. 3. 1-3  year active certification. 4. 4-6 year active certification. 5. 7-9 year active certification. 6. 10+ year active certification.,S004,Q005,Manufacturing,,,,,,
Go Kindly,AU,Goal 17. Strengthen the means of implementation and revitalize the Global Partnership for Sustainable Development,Is your organisation certified with UN Compact?,"1. I don't know. 2. No. 3. No, but it is in planning for this year. 4. No, but certification is in progress. 5. Yes, certified, active this year. 6. Yes, certified , active this year, and have renewed certification once or more times",S004,Q004,Manufacturing,,,,,,
Go Kindly,AU,Goal 5. Achieve gender equality and empower all women and girls,"In your organization, what is the percentage of women in managerial positions?",1. I don't know. 2. < 10%. 3. 10% - 19%. 4. 20% - 29%. 5. 30% - 39%. 6. > 39%.,S001,Q001,Manufacturing,,,,,,
Go Kindly,AU,"Goal 7. Ensure access to affordable, reliable, sustainable and modern energy for all","In your organization, what percentage of annual energy usage is derived from renewable energy (clean fuels and technology)?",1. I don't know. 2. < 10%. 3. 10% - 19%. 4. 20% - 29%. 5. 30% - 39%. 6. > 39%.,S002,Q002,Manufacturing,,,,,,
Healthscope,AU,Goal 12. Ensure sustainable consumption and production patterns,"In your organization, what is the recycling rate (measured by sum of recyclables + organics divided by total garbage, as the percentage of of all waste that is recycled? ",1. I don't know. 2. < 10%. 3. 10% - 19%. 4. 20% - 29%. 5. 30% - 39%. 6. > 39%.,S003,Q003,Health Care And Social Assistance,,,,,,
Healthscope,AU,Goal 17. Strengthen the means of implementation and revitalize the Global Partnership for Sustainable Development,Does your organization have an active IFRS certification in sustainability?,1. I don't know. 2. No. 3. 1-3  year active certification. 4. 4-6 year active certification. 5. 7-9 year active certification. 6. 10+ year active certification.,S004,Q005,Health Care And Social Assistance,,,,,,
Healthscope,AU,Goal 17. Strengthen the means of implementation and revitalize the Global Partnership for Sustainable Development,Is your organisation certified with UN Compact?,"1. I don't know. 2. No. 3. No, but it is in planning for this year. 4. No, but certification is in progress. 5. Yes, certified, active this year. 6. Yes, certified , active this year, and have renewed certification once or more times",S004,Q004,Health Care And Social Assistance,,,,,,
Healthscope,AU,Goal 5. Achieve gender equality and empower all women and girls,"In your organization, what is the percentage of women in managerial positions?",1. I don't know. 2. < 10%. 3. 10% - 19%. 4. 20% - 29%. 5. 30% - 39%. 6. > 39%.,S001,Q001,Health Care And Social Assistance,"[Page 7] Board Executive Leadership Team RAP Steerco Clinical Quality and Safety National Cultural Diversity & Inclusion/ Team Diagram 2: Governance Structure for the National Reconciliation Team/Committee Key changes on our reconciliation  journey include: •	 Increased staff awareness of the cultural values  and beliefs, with almost 70% of staff having  undertaken cultural competency training for  best practice.",https://healthscope.com.au/application/files/4917/0961/4481/HSC_Reconciliation_Action_Plan_2024_050224-compressed.pdf#page=7.07,7,PDF,2024.0,2025-04-16T22:26:16.632690
Healthscope,AU,"Goal 7. Ensure access to affordable, reliable, sustainable and modern energy for all","In your organization, what percentage of annual energy usage is derived from renewable energy (clean fuels and technology)?",1. I don't know. 2. < 10%. 3. 10% - 19%. 4. 20% - 29%. 5. 30% - 39%. 6. > 39%.,S002,Q002,Health Care And Social Assistance,,,,,,
Macquarie Media (macquarie),AU,Goal 12. Ensure sustainable consumption and production patterns,"In your organization, what is the recycling rate (measured by sum of recyclables + organics divided by total garbage, as the percentage of of all waste that is recycled? ",1. I don't know. 2. < 10%. 3. 10% - 19%. 4. 20% - 29%. 5. 30% - 39%. 6. > 39%.,S003,Q003,Information Media And Telecommunications,"[Page 75] Macquarie has diverted 77% of fit-out and demolition waste  from landfill in FY2025, exceeding the 75% target for this year.33 Macquarie made an FY2025 commitment to eliminate  single-use plastic in its premises operations and has made  progress toward this by focusing on removing single-use cups,  cutlery, and unnecessary plastic packaging for food presented in  our cafés. | [Page 75] Resource efficiency and minimising waste to  landfill in Macquarie’s own operations Within its own business operations Macquarie is focused on  improving the diversion from landfill of operational and fit-out  projects’ waste, as well as targeting more sustainable products  and services across areas such as operational electronic waste  (e-waste), plastics used in premises operations, office paper,  and stationery.32 Macquarie has a target to divert 50% of operational waste from  landfill across its global headquarters and regional offices, and in  FY2025 59% of waste was diverted, exceeding the target. | [Page 75] There is a  commitment to use certified sustainable or recycled paper stock  for 100% of office paper needs, and in FY2025 100% of our office  paper was certified as such. | [Page 68] Category 5: Waste generated in operations 112 223",https://www.macquarie.com/assets/macq/investor/reports/2025/macquarie-group-fy25-annual-report.pdf,75 | 68,PDF,2025.0,2025-06-05T00:06:58.470233
Macquarie Media (macquarie),AU,Goal 17. Strengthen the means of implementation and revitalize the Global Partnership for Sustainable Development,Does your organization have an active IFRS certification in sustainability?,1. I don't know. 2. No. 3. 1-3  year active certification. 4. 4-6 year active certification. 5. 7-9 year active certification. 6. 10+ year active certification.,S004,Q005,Information Media And Telecommunications,"[Page 163] (i) Compliance with IFRS as issued by the IASB Compliance with Australian Accounting Standards ensures  that this Financial Report complies with International Financial  Reporting Standards (IFRS) as issued by the International  Accounting Standards Board (IASB). | [Page 163] Consequently, this  Financial Report is compliant with IFRS. | [Page 320] The financial information for the full years ended 31 March 2016–2025 are based on the reported results using the Australian Accounting  Standards that were effective and adopted by the Consolidated Entity at the reporting dates, which also comply with IFRS as issued by the  IASB. | [Page 152] Compliance with Australian Accounting Standards  ensures compliance with International Financial Reporting Standards (IFRS) as issued by the International Accounting Standards Board (IASB). | [Page 62] Basis of Preparation for Sustainability  Reporting on our website. | [Page 71] See FY2025 Basis of Preparation  for Sustainability Reporting for detail.",https://www.macquarie.com/assets/macq/investor/reports/2025/macquarie-group-fy25-annual-report.pdf,62 | 320 | 71 | 152 | 163,PDF,2025.0,2025-06-05T00:06:58.470233
Macquarie Media (macquarie),AU,Goal 17. Strengthen the means of implementation and revitalize the Global Partnership for Sustainable Development,Is your organisation certified with UN Compact?,"1. I don't know. 2. No. 3. No, but it is in planning for this year. 4. No, but certification is in progress. 5. Yes, certified, active this year. 6. Yes, certified , active this year, and have renewed certification once or more times",S004,Q004,Information Media And Telecommunications,,,,,,
Macquarie Media (macquarie),AU,Goal 5. Achieve gender equality and empower all women and girls,"In your organization, what is the percentage of women in managerial positions?",1. I don't know. 2. < 10%. 3. 10% - 19%. 4. 20% - 29%. 5. 30% - 39%. 6. > 39%.,S001,Q001,Information Media And Telecommunications,"[Page 39] Annual Report 39 62.5% of Directors are women Years of NED tenure 0-3 3-6 6-9     4.8  years Average tenure of NEDs is About Directors’ Report Financial Report Further Information Governance | [Page 128] People leadership and professional conduct • Continued to invest in leadership capabilities in strategic  growth areas and focus on building robust talent pipelines • Made progress on building a diverse and inclusive work  environment, including an increase in female representation • Proactively managed MAM's workforce, focusing on future  needs of the business to create capacity for talent in strategic  growth areas.",https://www.macquarie.com/assets/macq/investor/reports/2025/macquarie-group-fy25-annual-report.pdf,47 | 76 | 99 | 128 | 39 | 110,PDF,2025.0,2025-06-05T00:06:58.470233
Macquarie Media (macquarie),AU,"Goal 7. Ensure access to affordable, reliable, sustainable and modern energy for all","In your organization, what percentage of annual energy usage is derived from renewable energy (clean fuels and technology)?",1. I don't know. 2. < 10%. 3. 10% - 19%. 4. 20% - 29%. 5. 30% - 39%. 6. > 39%.,S002,Q002,Information Media And Telecommunications,"[Page 68] This commitment was delivered by improving energy  efficiency within Macquarie’s premises, reducing electricity use by  34% compared to the FY2014 baseline, and purchasing 100%  renewable electricity in line with Macquarie’s RE100 commitment,  to deliver a 98% reduction in Scopes 1 and 2 emissions since  FY2020. | [Page 69] Renewable electricity % Sourcing the equivalent of 100% renewable  energy for Macquarie’s global electricity  needs in line with our RE100 commitment Sourced the equivalent of 100% renewable energy for global electricity needs, through a combination of  renewable energy from building owners or utilities (53.8%) and energy attribute certificates (46.2%).14 | [Page 69] Macquarie purchases the equivalent of 100% renewable electricity for office premises, reducing Scope 2  emissions to zero since FY2022, and is retiring carbon removal units with longer term storage to offset 482  tonnes of residual Scope 1 | [Page 334] For example,  emissions from natural gas and diesel usage in  corporate offices Scope 2 indirect emissions released to the atmosphere  associated with the generation of purchased or  acquired electricity, heating and cooling  consumed by the organisation Scope 3 indirect emissions, other than Scope 2  emissions, that are a consequence of the  activities of the company but occur from  sources not owned or controlled by the  company.",https://www.macquarie.com/assets/macq/investor/reports/2025/macquarie-group-fy25-annual-report.pdf,334 | 69 | 68,PDF,2025.0,2025-06-05T00:06:58.470233
Minerals Council of Australia (minerals),AU,Goal 12. Ensure sustainable consumption and production patterns,"In your organization, what is the recycling rate (measured by sum of recyclables + organics divided by total garbage, as the percentage of of all waste that is recycled? ",1. I don't know. 2. < 10%. 3. 10% - 19%. 4. 20% - 29%. 5. 30% - 39%. 6. > 39%.,S003,Q003,Mining,,,,,,
Minerals Council of Australia (minerals),AU,Goal 17. Strengthen the means of implementation and revitalize the Global Partnership for Sustainable Development,Does your organization have an active IFRS certification in sustainability?,1. I don't know. 2. No. 3. 1-3  year active certification. 4. 4-6 year active certification. 5. 7-9 year active certification. 6. 10+ year active certification.,S004,Q005,Mining,[Page 29] •	 ESG standards: Positively influenced  standards initiatives including those of the  International Standards Organisation and  disclosure standards such as the Global  Reporting Initiative.,https://minerals.org.au/wp-content/uploads/2024/06/MCA-Annual-Report_2023.pdf,29,PDF,2024.0,2025-04-23T04:58:52.220648
Minerals Council of Australia (minerals),AU,Goal 17. Strengthen the means of implementation and revitalize the Global Partnership for Sustainable Development,Is your organisation certified with UN Compact?,"1. I don't know. 2. No. 3. No, but it is in planning for this year. 4. No, but certification is in progress. 5. Yes, certified, active this year. 6. Yes, certified , active this year, and have renewed certification once or more times",S004,Q004,Mining,,,,,,
Minerals Council of Australia (minerals),AU,Goal 5. Achieve gender equality and empower all women and girls,"In your organization, what is the percentage of women in managerial positions?",1. I don't know. 2. < 10%. 3. 10% - 19%. 4. 20% - 29%. 5. 30% - 39%. 6. > 39%.,S001,Q001,Mining,"[Page 25] Newmont Excellence in Diversity  Programs and Performance Award Rio Tinto Aluminium Women in Leadership  Program for increasing women in frontline  leadership positions from 5 per cent to 18 per  cent between Q3 2022 and Q2 2023, while  challenging long-standing mindsets and  recruitment practices. | [Page 24] Finalists and winners demonstrated the high  calibre of women working across the industry  in professions ranging from operational vice  presidents, research scientists, metallurgists,  environmental chemists, data science leads,  trade electricians, community relations officers  and maintenance specialists. | [Page 14] Source: ABS Census 2021 19% Women in mining  Percentage of female  workers in 2022-23 – up  from 12% in 2000-01. | [Page 24] Finalists and  winners alike have demonstrated not only the  diversity of careers on offer, but that women  can forge successful, highly rewarding careers  and make incredible contributions to the  resources sector.",https://minerals.org.au/wp-content/uploads/2024/06/MCA-Annual-Report_2023.pdf,25 | 22 | 24 | 14,PDF,2024.0,2025-04-23T04:58:52.220648
Minerals Council of Australia (minerals),AU,"Goal 7. Ensure access to affordable, reliable, sustainable and modern energy for all","In your organization, what percentage of annual energy usage is derived from renewable energy (clean fuels and technology)?",1. I don't know. 2. < 10%. 3. 10% - 19%. 4. 20% - 29%. 5. 30% - 39%. 6. > 39%.,S002,Q002,Mining,"[Page 2] It is expected to reduce Tropicana’s diesel and  gas consumption for power generation by 96 per  cent and 50 per cent respectively, slashing carbon  emissions by more than 65,000 tonnes a year on  average over the life of the agreement. | [Page 8] Importantly, the report highlights  that our companies within the Safeguard  Mechanism have achieved a 9.3 per cent reduction  in emissions. | [Page 29] 29 •	 Energy system changes: Developed  modelling on projections for the Australian  electricity system, given the increasing  proportion of solar and wind generation, and  provided insights into the challenges and  opportunities through 2030 and beyond. | [Page 2] When completed, the 116MW power station  will incorporate four 6MW wind turbines, a 24MW  solar farm and a 14MW battery storage system.",https://minerals.org.au/wp-content/uploads/2024/06/MCA-Annual-Report_2023.pdf,8 | 2 | 29 | 19,PDF,2024.0,2025-04-23T04:58:52.220648
National Disability Insurance Agency (NDIA),AU,Goal 12. Ensure sustainable consumption and production patterns,"In your organization, what is the recycling rate (measured by sum of recyclables + organics divided by total garbage, as the percentage of of all waste that is recycled? ",1. I don't know. 2. < 10%. 3. 10% - 19%. 4. 20% - 29%. 5. 30% - 39%. 6. > 39%.,S003,Q003,Health Care And Social Assistance,,,,,,
National Disability Insurance Agency (NDIA),AU,Goal 17. Strengthen the means of implementation and revitalize the Global Partnership for Sustainable Development,Does your organization have an active IFRS certification in sustainability?,1. I don't know. 2. No. 3. 1-3  year active certification. 4. 4-6 year active certification. 5. 7-9 year active certification. 6. 10+ year active certification.,S004,Q005,Health Care And Social Assistance,,,,,,
National Disability Insurance Agency (NDIA),AU,Goal 17. Strengthen the means of implementation and revitalize the Global Partnership for Sustainable Development,Is your organisation certified with UN Compact?,"1. I don't know. 2. No. 3. No, but it is in planning for this year. 4. No, but certification is in progress. 5. Yes, certified, active this year. 6. Yes, certified , active this year, and have renewed certification once or more times",S004,Q004,Health Care And Social Assistance,[Page 6] The UN Convention is an agreement  between countries. | [Page 6] We call it the UN Convention.,https://www.ndis.gov.au/media/7390/download?attachment,6,PDF,nan,2025-04-23T06:19:45.196938
National Disability Insurance Agency (NDIA),AU,Goal 5. Achieve gender equality and empower all women and girls,"In your organization, what is the percentage of women in managerial positions?",1. I don't know. 2. < 10%. 3. 10% - 19%. 4. 20% - 29%. 5. 30% - 39%. 6. > 39%.,S001,Q001,Health Care And Social Assistance,,,,,,
National Disability Insurance Agency (NDIA),AU,"Goal 7. Ensure access to affordable, reliable, sustainable and modern energy for all","In your organization, what percentage of annual energy usage is derived from renewable energy (clean fuels and technology)?",1. I don't know. 2. < 10%. 3. 10% - 19%. 4. 20% - 29%. 5. 30% - 39%. 6. > 39%.,S002,Q002,Health Care And Social Assistance,,,,,,
News Corp Australia (newscorp),AU,Goal 12. Ensure sustainable consumption and production patterns,"In your organization, what is the recycling rate (measured by sum of recyclables + organics divided by total garbage, as the percentage of of all waste that is recycled? ",1. I don't know. 2. < 10%. 3. 10% - 19%. 4. 20% - 29%. 5. 30% - 39%. 6. > 39%.,S003,Q003,Information Media And Telecommunications,"[Page 7] 5	 Zero waste means meeting or exceeding Zero Waste International Alliance business recognition program requirements of 90% or more diversion of all discarded resources  from landfills, incinerators and the environment. | [Page 7] 91% diversion rate across 22 sites in fiscal 2023. | [Page 41] Waste Generated in Operations 1,195 719 1,819 0.2% 153.0% 6.",https://newscorp.com/app/uploads/2024/10/News-Corp-ESG-2024_FINAL.pdf,48 | 41 | 11 | 7,PDF,2024.0,2025-04-29T01:22:41.219470
News Corp Australia (newscorp),AU,Goal 17. Strengthen the means of implementation and revitalize the Global Partnership for Sustainable Development,Does your organization have an active IFRS certification in sustainability?,1. I don't know. 2. No. 3. 1-3  year active certification. 4. 4-6 year active certification. 5. 7-9 year active certification. 6. 10+ year active certification.,S004,Q005,Information Media And Telecommunications,"[Page 5] •	 Reviews environmental sustainability  programs, goals and progress,   typically annually. | [Page 38] •	 Meeting expectations regarding sustainability. | [Page 12] •	 Through the Sustainability pillar of our  corporate giving program, we are proud to support  organizations that focus on improving environmental  outcomes for generations to come. | [Page 5] •	 Publication of our annual ESG report, including GRI  (Global Reporting Initiative) and SASB (Sustainable  Accounting Standards Board) indices, since 2021, helping  to provide ongoing transparency and accountability. | [Page 33] Our Global Compliance team conducts an annual  survey to measure employees’ levels of awareness of  available compliance resources and their perception of  our leadership’s commitment to ethics and integrity. | [Page 7] Continue to publicly report sustainability  practices annually to CDP (formerly Carbon  Disclosure Project).",https://newscorp.com/app/uploads/2024/10/News-Corp-ESG-2024_FINAL.pdf,33 | 7 | 38 | 5 | 12,PDF,2024.0,2025-04-29T01:22:41.219470
News Corp Australia (newscorp),AU,Goal 17. Strengthen the means of implementation and revitalize the Global Partnership for Sustainable Development,Is your organisation certified with UN Compact?,"1. I don't know. 2. No. 3. No, but it is in planning for this year. 4. No, but certification is in progress. 5. Yes, certified, active this year. 6. Yes, certified , active this year, and have renewed certification once or more times",S004,Q004,Information Media And Telecommunications,"[Page 33] We have assigned  targets to many of these metrics and review at least   annually whether those targets are being met. | [Page 7] 6	 Mills whose forest management practices are certified by an independent, internationally recognized sustainable forestry certification body such as Forest Stewardship  Council (FSC), Programme for the Endorsement of Forest Certification (PEFC), Sustainable Forest Initiative (SFI), Canadian Standards Association (CSA) or equivalent. | [Page 42] Products Externally Certified by Agencies with the Most Stringent Standards (US, UK, Australia) (%) 78% 77% 100% n/a 29.9% 1 | [Page 38] forest management practices are certified by independent,  internationally recognized sustainable forestry certification  bodies such as the Forest Stewardship Council, Programme  for the Endorsement of Forest Certification, Sustainable  Forest Initiative and Canadian Standards Association.",https://newscorp.com/app/uploads/2024/10/News-Corp-ESG-2024_FINAL.pdf,33 | 38 | 7 | 42,PDF,2024.0,2025-04-29T01:22:41.219470
News Corp Australia (newscorp),AU,Goal 5. Achieve gender equality and empower all women and girls,"In your organization, what is the percentage of women in managerial positions?",1. I don't know. 2. < 10%. 3. 10% - 19%. 4. 20% - 29%. 5. 30% - 39%. 6. > 39%.,S001,Q001,Information Media And Telecommunications,"[Page 43] Workforce 53% 54% 53% Women in Management in U.S. | [Page 43] Women in Global Workforce 47% 48% 49% Women in Senior Leadership2 38% 37% 39% Women in U.S. | [Page 25] Our Directors are 43% female, include  six citizens of countries other than the United States and  four people who self-identify as Asian, Hispanic/Latinx or  two or more races/ethnicities, range in age from 44 to 71  (median age: 56), and bring to the boardroom a diversity of  backgrounds, viewpoints and expertise. | [Page 25] 60% of our independent  directors are female 54% FISCAL 2023  70% WHITE <1% NATIVE HAWAIIAN OR  OTHER PACIFIC ISLANDER  4% TWO OR MORE RACES 6% BLACK OR AFRICAN AMERICAN  7% HISPANIC OR LATINO 12% ASIAN <1% AMERICAN INDIAN OR  ALASKA NATIVE 30% FISCAL 2024  70% WHITE <1% NATIVE HAWAIIAN OR  OTHER PACIFIC ISLANDER  3.6% TWO OR MORE RACES 6% BLACK OR AFRICAN AMERICAN  7.8% HISPANIC OR LATINO 12.5% ASIAN <1% AMERICAN INDIAN OR  ALASKA NATIVE 30% INTRODUCTION ABOUT NEWS CORP OUR ESG APPROACH CLIMATE & ENVIRONMENT GOVERNANCE INDICES 25",https://newscorp.com/app/uploads/2024/10/News-Corp-ESG-2024_FINAL.pdf,25 | 43 | 23,PDF,2024.0,2025-04-29T01:22:41.219470
News Corp Australia (newscorp),AU,"Goal 7. Ensure access to affordable, reliable, sustainable and modern energy for all","In your organization, what percentage of annual energy usage is derived from renewable energy (clean fuels and technology)?",1. I don't know. 2. < 10%. 3. 10% - 19%. 4. 20% - 29%. 5. 30% - 39%. 6. > 39%.,S002,Q002,Information Media And Telecommunications,"[Page 10] •	 Use renewable energy when feasible and ultimately  target 100% renewable energy use. | [Page 10] GHG emissions, 78%  reported emission reduction activities and 70% reported  using renewable energy. | [Page 9] In fiscal 2023, our total usage of renewable energy was 25.9%,  largely due to News UK’s purchase of electricity backed by  REGO certificates. | [Page 42] Energy Total Energy Consumption (MWh)5 391,224 288,579 260,563 185,609 -52.6% -28.8% Total MWh from Renewable Energy 6,466 19,961 65,338 48,053 643.1% -26.5% Forests Certified Paper (US, UK, Australia) (%)6 78% 77% 100% n/a 29.9% Year-Over-Year Percent Reduction of Paper Consumed (%) 14% 13% n/a n/a Products7",https://newscorp.com/app/uploads/2024/10/News-Corp-ESG-2024_FINAL.pdf,42 | 7 | 9 | 10,PDF,2024.0,2025-04-29T01:22:41.219470
Nine Entertainment Co. (nineforbrands),AU,Goal 12. Ensure sustainable consumption and production patterns,"In your organization, what is the recycling rate (measured by sum of recyclables + organics divided by total garbage, as the percentage of of all waste that is recycled? ",1. I don't know. 2. < 10%. 3. 10% - 19%. 4. 20% - 29%. 5. 30% - 39%. 6. > 39%.,S003,Q003,Information Media And Telecommunications,,,,,,
Nine Entertainment Co. (nineforbrands),AU,Goal 17. Strengthen the means of implementation and revitalize the Global Partnership for Sustainable Development,Does your organization have an active IFRS certification in sustainability?,1. I don't know. 2. No. 3. 1-3  year active certification. 4. 4-6 year active certification. 5. 7-9 year active certification. 6. 10+ year active certification.,S004,Q005,Information Media And Telecommunications,[Page 49] The financial report also complies with International Financial  Reporting Standards (IFRS) as issued by the International Accounting Standards Board. | [Page 83] •  Considered the adequacy of the disclosures  included in Note 2.2 to the financial  statements.,https://www.nineforbrands.com.au/wp-content/uploads/2024/09/Annual-Report-for-Lodgement-2024.pdf,49 | 83,PDF,2024.0,2025-06-05T00:04:42.478512
Nine Entertainment Co. (nineforbrands),AU,Goal 17. Strengthen the means of implementation and revitalize the Global Partnership for Sustainable Development,Is your organisation certified with UN Compact?,"1. I don't know. 2. No. 3. No, but it is in planning for this year. 4. No, but certification is in progress. 5. Yes, certified, active this year. 6. Yes, certified , active this year, and have renewed certification once or more times",S004,Q004,Information Media And Telecommunications,[Page 30] Signed on behalf of the Directors in accordance with a resolution of the Directors.,https://www.nineforbrands.com.au/wp-content/uploads/2024/09/Annual-Report-for-Lodgement-2024.pdf,30,PDF,2024.0,2025-06-05T00:04:42.478512
Nine Entertainment Co. (nineforbrands),AU,Goal 5. Achieve gender equality and empower all women and girls,"In your organization, what is the percentage of women in managerial positions?",1. I don't know. 2. < 10%. 3. 10% - 19%. 4. 20% - 29%. 5. 30% - 39%. 6. > 39%.,S001,Q001,Information Media And Telecommunications,"[Page 25] At least 40% of senior executive positions   to be held by women (for this purpose,   senior executives are the Chief Executive  Officer, direct reports to the Chief Executive  Officer, and other senior leaders in group  leadership roles) This was satisfied. | [Page 25] June 2024, the proportion of men and women employed by Nine was as follows:  Women Men Board of Directors 67% 33% Senior Executives 52% 48% Total Nine workforce 47% 53% For this purpose, “Senior Executives” are the Chief Executive Officer, direct reports to the Chief Executive Officer,   and other senior leaders in group leadership roles. | [Page 25] At least 40% of management positions   to be held by women This was satisfied. | [Page 25] The Board has adopted the following measurable objectives for FY25 for achieving gender diversity:  	‐ At least 30% of board positions to be held by women and at least 30% of such positions to be held by men; 	‐ At least 40% of senior executive positions to be held by women (for this purpose, senior executives are the Chief  Executive Officer, direct reports to the Chief Executive Officer, and other senior leaders in group leadership roles); 	‐ At least 40% of management positions to be held by women; 	‐ Continue to achieve gender balance in leadership and talent development; and 	‐ Review, iterate and continue to drive initiatives that champion equity and inclusion, including, but not limited to  gender equity, across the business such as pay equity review, investment in employee resource groups (Nine  Communities), review of parental leave offering, Respect At Work initiatives and flexible working options. | [Page 25] Representation of women in management was 44% demonstrating  the impact of Nine’s work in providing development and opportunities for women at Nine.",https://www.nineforbrands.com.au/wp-content/uploads/2024/09/Annual-Report-for-Lodgement-2024.pdf,25,PDF,2024.0,2025-06-05T00:04:42.478512
Nine Entertainment Co. (nineforbrands),AU,"Goal 7. Ensure access to affordable, reliable, sustainable and modern energy for all","In your organization, what percentage of annual energy usage is derived from renewable energy (clean fuels and technology)?",1. I don't know. 2. < 10%. 3. 10% - 19%. 4. 20% - 29%. 5. 30% - 39%. 6. > 39%.,S002,Q002,Information Media And Telecommunications,"[Page 18] On completion of the benchmark GHG accounting for   calendar year 2022 across the Group, we were  encouraged by the results that reported our Scope 1+2 fell  significantly below that mark, to only 2.4% of our total  emissions. | [Page 24] On completion of the benchmark GHG accounting for CY 2022 across the Nine group, Nine was pleased that its Scope  1+2 emissions fell significantly below that number, at 2.4% of its total emissions. | [Page 18] Relative to similar media corporations locally  and globally, we anticipated our Scope 1+2 emissions not  to exceed five percent of our GHG emissions. | [Page 44] Corporate Net corporate expense decreased by $1.2 million or 3% year-on-year, which is principally the result of cost savings achieved during   the year partly offset by a reduction in sublease income.",https://www.nineforbrands.com.au/wp-content/uploads/2024/09/Annual-Report-for-Lodgement-2024.pdf,18 | 24 | 44,PDF,2024.0,2025-06-05T00:04:42.478512
Optus,AU,Goal 12. Ensure sustainable consumption and production patterns,"In your organization, what is the recycling rate (measured by sum of recyclables + organics divided by total garbage, as the percentage of of all waste that is recycled? ",1. I don't know. 2. < 10%. 3. 10% - 19%. 4. 20% - 29%. 5. 30% - 39%. 6. > 39%.,S003,Q003,Information Media And Telecommunications,"[Page 10] Reusing, recycling and repurposing, keeping   everything in use as part of the circular economy Reuse and recycle over 90% of our e-waste. | [Page 37] 90% of our e-waste   reused and recycled 100% recyclable, reusable  or compostable packaging 90% waste diversion   from landfill 37 | [Page 35] Circular economy  Highlights this year Recycled or reused  97.8% of e-waste  from our operations including   network* sites, corporate offices   and retail stores. | [Page 36] IT: 100% diversion   from landfill IT: 100% diversion   from landfill 81% 39% 85% 61% Networks: 98% diversion   from landfill Networks: 97%* diversion   from landfill Target 90% of e-waste to be  reused or recycled Target 90% waste diversion   from landfill Target 100% recyclable, reusable   or compostable packaging   on Optus-branded products FY23 | [Page 11] Optus-branded products  Recycled or reused  97.8% of e-waste  from our operations including network sites,  corporate offices and retail stores Received over   37,830 devices   for recycling,  resulting in approximately  19.5 tonnes  of mineral resources saved Celebrated 10 years  of our Digital Thumbprint program Our Digital Thumbprint   program has educated over 60,500 students on digital safety Won the Contribution  to Society award  for the Optus Digital Thumbprint   program at the 2023 | [Page 39] Reducing waste generated   by our operations We have six waste streams across our corporate  offices: comingled recycling, organics, paper and  cardboard, e-waste, specialty waste and general  waste.",https://www.optus.com.au/content/dam/optus/documents/about-us/sustainability/reporting/2024/Optus-Sustainability-Report-FY2024-Final2.pdf,10 | 35 | 37 | 39 | 11 | 36,PDF,2024.0,2025-04-23T05:16:12.130846
Optus,AU,Goal 17. Strengthen the means of implementation and revitalize the Global Partnership for Sustainable Development,Does your organization have an active IFRS certification in sustainability?,1. I don't know. 2. No. 3. 1-3  year active certification. 4. 4-6 year active certification. 5. 7-9 year active certification. 6. 10+ year active certification.,S004,Q005,Information Media And Telecommunications,[Page 7] We have  emissions reduction targets validated by the Science  Based Targets initiative (SBTi) and we use the  Business for Societal Impact methodology to measure  and report on our contribution to the community. | [Page 7] We are aware  of the proposed Australian Sustainability Reporting  Standards (ASRS) and their key reporting domains  and are assessing their relevance and applicability   to Optus.,https://www.optus.com.au/content/dam/optus/documents/about-us/sustainability/reporting/2024/Optus-Sustainability-Report-FY2024-Final2.pdf,7,PDF,2024.0,2025-04-23T05:16:12.130846
Optus,AU,Goal 17. Strengthen the means of implementation and revitalize the Global Partnership for Sustainable Development,Is your organisation certified with UN Compact?,"1. I don't know. 2. No. 3. No, but it is in planning for this year. 4. No, but certification is in progress. 5. Yes, certified, active this year. 6. Yes, certified , active this year, and have renewed certification once or more times",S004,Q004,Information Media And Telecommunications,Singtel Optus Pty Limited Australia joined un compact on 12-Dec-19,https://unglobalcompact.org/what-is-gc/participants/138226-Singtel-Optus-Pty-Limited,,,,
Optus,AU,Goal 5. Achieve gender equality and empower all women and girls,"In your organization, what is the percentage of women in managerial positions?",1. I don't know. 2. < 10%. 3. 10% - 19%. 4. 20% - 29%. 5. 30% - 39%. 6. > 39%.,S001,Q001,Information Media And Telecommunications,"[Page 10] Supporting career aspirations through  mentoring, skills transfer, confidence building  and employment opportunities Increase women in leadership to 25%. | [Page 15] •	 20% of our Top Executive’s long-term incentive  plan remuneration is tied to specific, time bound  KPIs, such as reaching 32% of female employees in  management by FY2025. | [Page 69] In FY24,  we continued to strive towards a gender balanced  leadership team, closely maintaining our 25% target,  achieving 24.4% this year. | [Page 10] Working to ensure gender balanced leadership  and inspire our next generation of leaders Zero major human rights incidents in our  operations and with major suppliers. | [Page 67] Progress against 2025 targets *from an FY21 baseline Target Increase women in   leadership to 25% Target Zero major human rights  incidents in our operations and  with major suppliers FY23",https://www.optus.com.au/content/dam/optus/documents/about-us/sustainability/reporting/2024/Optus-Sustainability-Report-FY2024-Final2.pdf,67 | 15 | 69 | 10,PDF,2024.0,2025-04-23T05:16:12.130846
Optus,AU,"Goal 7. Ensure access to affordable, reliable, sustainable and modern energy for all","In your organization, what percentage of annual energy usage is derived from renewable energy (clean fuels and technology)?",1. I don't know. 2. < 10%. 3. 10% - 19%. 4. 20% - 29%. 5. 30% - 39%. 6. > 39%.,S002,Q002,Information Media And Telecommunications,"[Page 27] When coupled  with the default renewable electricity available  from Australia’s national grid, we expect that  approximately 42% of our electricity consumption  will be backed by renewable sources. | [Page 11] Gigawatt hours  per annum Increased the use of renewable  electricity across our operations  from 25.37%   to 27.50%  of our total consumption when mandatory   large-scale generation certificates (LGCs)   are included (6.7% to 8.5% when mandatory   LGCs are excluded) 85%  of packaging is recyclable,  reusable or compostable from approximately 300 | [Page 23] Progress In 2021, we set a goal to transition 100% of our electricity requirements  to be backed by renewable resources by the end of 2025.",https://www.optus.com.au/content/dam/optus/documents/about-us/sustainability/reporting/2024/Optus-Sustainability-Report-FY2024-Final2.pdf,4 | 23 | 11 | 27,PDF,2024.0,2025-04-23T05:16:12.130846
Orica,AU,Goal 12. Ensure sustainable consumption and production patterns,"In your organization, what is the recycling rate (measured by sum of recyclables + organics divided by total garbage, as the percentage of of all waste that is recycled? ",1. I don't know. 2. < 10%. 3. 10% - 19%. 4. 20% - 29%. 5. 30% - 39%. 6. > 39%.,S003,Q003,Mining,"[Page 21] This year, our  Kooragang Island site in New South Wales  celebrated 10 years of recycled water  use, returning an estimated 20GL of  clean drinking water to the Hunter Valley  community – an amount equivalent to   8,000 Olympic sized swimming pools. | [Page 40] 10.0% 0.128 0.0% Loss of  containment  (LOC3)  This metric continues to drive awareness  of the need to minimise our environmental  impact and a focus on reducing both the  number and severity level of LOC events. | [Page 10] At our Yarwun site our completed tertiary  abatement installations will reduce site  emissions by approximately 50 per cent.",https://www.orica.com/ArticleDocuments/301/FY2024%20Annual%20Report.pdf,40 | 80 | 21 | 10,PDF,2024.0,2025-04-23T05:50:24.945692
Orica,AU,Goal 17. Strengthen the means of implementation and revitalize the Global Partnership for Sustainable Development,Does your organization have an active IFRS certification in sustainability?,1. I don't know. 2. No. 3. 1-3  year active certification. 4. 4-6 year active certification. 5. 7-9 year active certification. 6. 10+ year active certification.,S004,Q005,Mining,[Page 66] Basis of preparation This is a general purpose financial report which has been prepared by a for-profit entity in accordance with Australian Accounting Standards  adopted by the Australian Accounting Standards Board (AASB) and the Corporations Act 2001 and complies with the International Financial  Reporting Standards (IFRS) adopted by the International Accounting Standards Board. | [Page 128] •  Assessing the adequacy of disclosures in the  Financial Report using our understanding  obtained from our testing and against the  requirements of accounting standards. | [Page 124] • Assessing the disclosures in the Financial Report using our understanding of the matters obtained from our testing and against the requirements of accounting standards.,https://www.orica.com/ArticleDocuments/301/FY2024%20Annual%20Report.pdf,128 | 66 | 124,PDF,2024.0,2025-04-23T05:50:24.945692
Orica,AU,Goal 17. Strengthen the means of implementation and revitalize the Global Partnership for Sustainable Development,Is your organisation certified with UN Compact?,"1. I don't know. 2. No. 3. No, but it is in planning for this year. 4. No, but certification is in progress. 5. Yes, certified, active this year. 6. Yes, certified , active this year, and have renewed certification once or more times",S004,Q004,Mining,Orica Australia joined un compact on 21-May-18,https://unglobalcompact.org/what-is-gc/participants/132559-Orica,,,,
Orica,AU,Goal 5. Achieve gender equality and empower all women and girls,"In your organization, what is the percentage of women in managerial positions?",1. I don't know. 2. < 10%. 3. 10% - 19%. 4. 20% - 29%. 5. 30% - 39%. 6. > 39%.,S001,Q001,Mining,"[Page 5] The percentage of senior leader positions held by women. | [Page 135] Women in senior leadership The percentage of senior leader positions held by women. | [Page 5] FY2023: 17 33.7% Women in senior   leadership12 | [Page 22] Furthermore, 37.5 per cent of our Board  positions are held by women, above our   goal of at least 30 per cent. | [Page 22] 21.6% target 20%  Female workforce participation2 90+ cultural backgrounds People from Women in senior leadership was short of  our goal of 35 per cent with a 33.7 per cent  gender composition. | [Page 22] Notably, rates of  female workforce participation increased  year-on-year to 21.6 per cent this year.",https://www.orica.com/ArticleDocuments/301/FY2024%20Annual%20Report.pdf,22 | 5 | 135,PDF,2024.0,2025-04-23T05:50:24.945692
Orica,AU,"Goal 7. Ensure access to affordable, reliable, sustainable and modern energy for all","In your organization, what percentage of annual energy usage is derived from renewable energy (clean fuels and technology)?",1. I don't know. 2. < 10%. 3. 10% - 19%. 4. 20% - 29%. 5. 30% - 39%. 6. > 39%.,S002,Q002,Mining,"[Page 5] Our target is to reduce net Scope 1 and Scope 2 emissions by at least 45 per cent by FY2030, from FY2019 levels. | [Page 21] At 1,262 ktCO2-e, we achieved a 26 per  cent2 annual reduction in net Scope 1 and  Scope 2 emissions from FY2023 and a   43 per cent decrease on FY2019 levels1. | [Page 40] 5.0% 18 6.3% Scope 1 & 2  emissions4  +  Net zero  program  initiatives Net emissions continue to reduce against  FY2019 baseline levels, and we remain well  ahead of our stated emissions reduction  targets. | [Page 7] The installation of two emissions  abatement reactors at our Yarwun site is  forecast to reduce its total Scope 1 and  Scope 2 emissions by 50 per cent. | [Page 10] At our Yarwun site our completed tertiary  abatement installations will reduce site  emissions by approximately 50 per cent. | [Page 21] In real emissions terms, these reduction  levels demonstrate significant progress  towards our short-term target of 30 per  cent reduction by FY2026, and at least  45 per cent reduction by FY2030, from   our FY2019 baseline.",https://www.orica.com/ArticleDocuments/301/FY2024%20Annual%20Report.pdf,10 | 40 | 7 | 5 | 21,PDF,2024.0,2025-04-23T05:50:24.945692
Pacific Green,AU,Goal 12. Ensure sustainable consumption and production patterns,"In your organization, what is the recycling rate (measured by sum of recyclables + organics divided by total garbage, as the percentage of of all waste that is recycled? ",1. I don't know. 2. < 10%. 3. 10% - 19%. 4. 20% - 29%. 5. 30% - 39%. 6. > 39%.,S003,Q003,Manufacturing,,,,,,
Pacific Green,AU,Goal 17. Strengthen the means of implementation and revitalize the Global Partnership for Sustainable Development,Does your organization have an active IFRS certification in sustainability?,1. I don't know. 2. No. 3. 1-3  year active certification. 4. 4-6 year active certification. 5. 7-9 year active certification. 6. 10+ year active certification.,S004,Q005,Manufacturing,,,,,,
Pacific Green,AU,Goal 17. Strengthen the means of implementation and revitalize the Global Partnership for Sustainable Development,Is your organisation certified with UN Compact?,"1. I don't know. 2. No. 3. No, but it is in planning for this year. 4. No, but certification is in progress. 5. Yes, certified, active this year. 6. Yes, certified , active this year, and have renewed certification once or more times",S004,Q004,Manufacturing,,,,,,
Pacific Green,AU,Goal 5. Achieve gender equality and empower all women and girls,"In your organization, what is the percentage of women in managerial positions?",1. I don't know. 2. < 10%. 3. 10% - 19%. 4. 20% - 29%. 5. 30% - 39%. 6. > 39%.,S001,Q001,Manufacturing,,,,,,
Pacific Green,AU,"Goal 7. Ensure access to affordable, reliable, sustainable and modern energy for all","In your organization, what percentage of annual energy usage is derived from renewable energy (clean fuels and technology)?",1. I don't know. 2. < 10%. 3. 10% - 19%. 4. 20% - 29%. 5. 30% - 39%. 6. > 39%.,S002,Q002,Manufacturing,"[Page 1] The country is currently ranked fifth worldwide in consultancy EY’s Renewable Energy Country Attractiveness Index, ahead of low-carbon generation behemoths such as the UK and Spain—and has led the world in per-capita solar and energy storage deployments, we noted .",https://www.pacificgreen.com/articles/12-months-great-progress-pacific-green-2024/,1,HTML,nan,2025-04-28T23:22:05.580328
Private Healthcare Australia (PHA),AU,Goal 12. Ensure sustainable consumption and production patterns,"In your organization, what is the recycling rate (measured by sum of recyclables + organics divided by total garbage, as the percentage of of all waste that is recycled? ",1. I don't know. 2. < 10%. 3. 10% - 19%. 4. 20% - 29%. 5. 30% - 39%. 6. > 39%.,S003,Q003,Health Care And Social Assistance,,,,,,
Private Healthcare Australia (PHA),AU,Goal 17. Strengthen the means of implementation and revitalize the Global Partnership for Sustainable Development,Does your organization have an active IFRS certification in sustainability?,1. I don't know. 2. No. 3. 1-3  year active certification. 4. 4-6 year active certification. 5. 7-9 year active certification. 6. 10+ year active certification.,S004,Q005,Health Care And Social Assistance,,,,,,
Private Healthcare Australia (PHA),AU,Goal 17. Strengthen the means of implementation and revitalize the Global Partnership for Sustainable Development,Is your organisation certified with UN Compact?,"1. I don't know. 2. No. 3. No, but it is in planning for this year. 4. No, but certification is in progress. 5. Yes, certified, active this year. 6. Yes, certified , active this year, and have renewed certification once or more times",S004,Q004,Health Care And Social Assistance,,,,,,
Private Healthcare Australia (PHA),AU,Goal 5. Achieve gender equality and empower all women and girls,"In your organization, what is the percentage of women in managerial positions?",1. I don't know. 2. < 10%. 3. 10% - 19%. 4. 20% - 29%. 5. 30% - 39%. 6. > 39%.,S001,Q001,Health Care And Social Assistance,[Page 4] • Nearly 70% of mental health treatment hospital high claimants aged 25 to 29 are females (a 2.3  percentage points increase from 2019).,https://privatehealthcareaustralia.org.au/wp-content/uploads/PHA-Annual-Hospital-High-Claims-Report-2024.pdf,4,PDF,2024.0,2025-04-16T22:26:17.876296
Private Healthcare Australia (PHA),AU,"Goal 7. Ensure access to affordable, reliable, sustainable and modern energy for all","In your organization, what percentage of annual energy usage is derived from renewable energy (clean fuels and technology)?",1. I don't know. 2. < 10%. 3. 10% - 19%. 4. 20% - 29%. 5. 30% - 39%. 6. > 39%.,S002,Q002,Health Care And Social Assistance,,,,,,
Purple House,AU,Goal 12. Ensure sustainable consumption and production patterns,"In your organization, what is the recycling rate (measured by sum of recyclables + organics divided by total garbage, as the percentage of of all waste that is recycled? ",1. I don't know. 2. < 10%. 3. 10% - 19%. 4. 20% - 29%. 5. 30% - 39%. 6. > 39%.,S003,Q003,Health Care And Social Assistance,,,,,,
Purple House,AU,Goal 17. Strengthen the means of implementation and revitalize the Global Partnership for Sustainable Development,Does your organization have an active IFRS certification in sustainability?,1. I don't know. 2. No. 3. 1-3  year active certification. 4. 4-6 year active certification. 5. 7-9 year active certification. 6. 10+ year active certification.,S004,Q005,Health Care And Social Assistance,,,,,,
Purple House,AU,Goal 17. Strengthen the means of implementation and revitalize the Global Partnership for Sustainable Development,Is your organisation certified with UN Compact?,"1. I don't know. 2. No. 3. No, but it is in planning for this year. 4. No, but certification is in progress. 5. Yes, certified, active this year. 6. Yes, certified , active this year, and have renewed certification once or more times",S004,Q004,Health Care And Social Assistance,,,,,,
Purple House,AU,Goal 5. Achieve gender equality and empower all women and girls,"In your organization, what is the percentage of women in managerial positions?",1. I don't know. 2. < 10%. 3. 10% - 19%. 4. 20% - 29%. 5. 30% - 39%. 6. > 39%.,S001,Q001,Health Care And Social Assistance,[Page 8] INDIGENOUS  STAFF 93% Executive/ Board 41% Malpa  team 56% Social  Enterprise  team 58% Panuku  team Our teams with the highest proportion of Indigenous staff.,https://www.purplehouse.org.au/wp-content/uploads/2024/10/Purple-House-Social-Impact-Report-2024.pdf,8,PDF,2024.0,2025-04-16T22:25:54.338540
Purple House,AU,"Goal 7. Ensure access to affordable, reliable, sustainable and modern energy for all","In your organization, what percentage of annual energy usage is derived from renewable energy (clean fuels and technology)?",1. I don't know. 2. < 10%. 3. 10% - 19%. 4. 20% - 29%. 5. 30% - 39%. 6. > 39%.,S002,Q002,Health Care And Social Assistance,,https://www.purplehouse.org.au/wp-content/uploads/2024/10/Purple-House-Social-Impact-Report-2024.pdf,12,PDF,2024.0,2025-04-16T22:25:54.338540
Rio Tinto (cdn-rio),AU,Goal 12. Ensure sustainable consumption and production patterns,"In your organization, what is the recycling rate (measured by sum of recyclables + organics divided by total garbage, as the percentage of of all waste that is recycled? ",1. I don't know. 2. < 10%. 3. 10% - 19%. 4. 20% - 29%. 5. 30% - 39%. 6. > 39%.,S003,Q003,Mining,"[Page 277] ALUMINIUM (recycled) ('000 tonnes) Matalco  50.0%   528   264   –   –   –   –  BAUXITE ('000 tonnes) Gove (Australia)  100.0%   12,721   12,721   11,566   11,566   11,510   11,510 | [Page 178] which owns one Canadian  aluminium recycling facility and a 50% equity interest in Matalco  USA LLC which owns 6 aluminium recycling facilities in the US for  combined consideration of US$738 million, inclusive of accrued  transaction costs and working capital adjustments. | [Page 40] For example, over the last  2 years, we have partnered with a local  business to recycle end-of-life tyres and  conveyor belts used to move ore from our  operations across northern Australia.",https://cdn-rio.dataweavers.io/-/media/content/documents/invest/reports/annual-reports/2024-annual-report.pdf,62 | 8 | 277 | 40 | 41 | 178,PDF,2024.0,2025-04-23T04:58:06.502646
Rio Tinto (cdn-rio),AU,Goal 17. Strengthen the means of implementation and revitalize the Global Partnership for Sustainable Development,Does your organization have an active IFRS certification in sustainability?,1. I don't know. 2. No. 3. 1-3  year active certification. 4. 4-6 year active certification. 5. 7-9 year active certification. 6. 10+ year active certification.,S004,Q005,Mining,"[Page 43] This aligns with our  commitment to continually improve our  reporting and align with emerging  standards, including the International  Sustainability Standards Board (ISSB)  International Financial Reporting Standard  (IFRS) for climate-related disclosures (S2). | [Page 77] We aim to continually improve our reporting and align with emerging standards,  including the International Sustainability Standards Board (ISSB) International Financial Reporting Standard (IFRS) for climate-related  disclosures (S2). | [Page 252] THE IMPACT  OF CLIMATE  CHANGE ON  OUR AUDITS  (continued) Group’s assessment of financial reporting consequences IFRS requires the Group financial reporting to be based, amongst other things, on the Group’s best estimate of  assumptions that are reasonable and supportable as at the date of reporting. | [Page 270] The disclosures in this note include certain alternative performance  measures (non-IFRS measures). | [Page 156] The above accounting standards and interpretations are collectively  referred to as “IFRS” in this report and contain the principles we use  to create our accounting policies. | [Page 243] – IAS 7 “Statement of Cash Flows” – paragraph 30 and 31 of IAS 8 “Accounting policies, changes in  accounting estimates and errors” (requirement for the disclosure  of information when an entity has not applied a new IFRS that has  been issued and is not yet effective) – paragraph 17 of IAS 24 “Related party disclosures” (key  management compensation) – the requirements of IAS 24, “Related party disclosures” to  disclose related party transactions entered into between 2 or  more members of a group.",https://cdn-rio.dataweavers.io/-/media/content/documents/invest/reports/annual-reports/2024-annual-report.pdf,156 | 77 | 243 | 270 | 252 | 43,PDF,2024.0,2025-04-23T04:58:06.502646
Rio Tinto (cdn-rio),AU,Goal 17. Strengthen the means of implementation and revitalize the Global Partnership for Sustainable Development,Is your organisation certified with UN Compact?,"1. I don't know. 2. No. 3. No, but it is in planning for this year. 4. No, but certification is in progress. 5. Yes, certified, active this year. 6. Yes, certified , active this year, and have renewed certification once or more times",S004,Q004,Mining,Rio Tinto Limited Australia joined un compact on 1-Jun-20,https://unglobalcompact.org/what-is-gc/participants/139552-Rio-Tinto-Limited,335 | 101 | 87 | 167,PDF,2024.0,2025-04-23T04:58:06.502646
Rio Tinto (cdn-rio),AU,Goal 5. Achieve gender equality and empower all women and girls,"In your organization, what is the percentage of women in managerial positions?",1. I don't know. 2. < 10%. 3. 10% - 19%. 4. 20% - 29%. 5. 30% - 39%. 6. > 39%.,S001,Q001,Mining,"[Page 36] – 32% of senior leadership were women, up 1.9% from 2023. | [Page 150] CEO/ CFO, SID & Chair) Number in  executive  management % of executive  management Men   8   57 % 4 8  67 % Women   6   43 %   –  4 33%¹ Not specified/prefer not to say   –   –    –   –   –  1. | [Page 36] – 42.8% of Board roles were held by women, up 12% from 2023. | [Page 36] – 33.3% of our executive leaders were women, up 8.3% from 2023. | [Page 16] Gender diversity representation of women within  our workforce 19.0% 20.1% 21.6% 22.9% 24.3% 25.2% 2020 2020¹ 2021 2022 2023 2024 lll Definition Includes our total workforce based on  managed operations (excludes the Group’s  share of non-managed operations and  joint ventures)2. | [Page 16] Link to executive remuneration In 2024, our target was to have 25.8% of  our workforce represented by women.",https://cdn-rio.dataweavers.io/-/media/content/documents/invest/reports/annual-reports/2024-annual-report.pdf,150 | 16 | 36,PDF,2024.0,2025-04-23T04:58:06.502646
Rio Tinto (cdn-rio),AU,"Goal 7. Ensure access to affordable, reliable, sustainable and modern energy for all","In your organization, what percentage of annual energy usage is derived from renewable energy (clean fuels and technology)?",1. I don't know. 2. < 10%. 3. 10% - 19%. 4. 20% - 29%. 5. 30% - 39%. 6. > 39%.,S002,Q002,Mining,"[Page 44] Reduce emissions from our own operations  50% by 2030, net zero by 2050 Increase renewable  power to >90% Develop low-carbon  technologies for minerals  and metals processing,  refining and  smelting Invest in sustainable  biofuel supply chains. | [Page 51] Our roadmap to 2030  Between now and 2030, the most significant  opportunities to reduce our Scope 1 and 2  emissions are to switch the electricity we  generate or purchase to renewables, and to  address process heat emissions from our  alumina refineries. | [Page 61] This  has potential to reduce carbon emissions  by up to 95% compared to the BF-BOF if  combined with renewable energy and  fast-growing biomass. | [Page 75] Renewable electricity generated and consumed 1   72 | [Page 55] Renewable electricity   11.5Mt CO2e emissions from power generation (2023: 14.2Mt CO2e) 28% percentage of Group emissions from  electricity at Boyne and Tomago smelters  and Gladstone Power Station 78% percentage of electricity from  renewable sources (2023: 71%) $79m decarbonisation spend on  renewable electricity projects  in 2024 | [Page 75] Non-renewable energy (generated electricity)   70",https://cdn-rio.dataweavers.io/-/media/content/documents/invest/reports/annual-reports/2024-annual-report.pdf,61 | 75 | 44 | 55 | 51,PDF,2024.0,2025-04-23T04:58:06.502646
SA Water,AU,Goal 12. Ensure sustainable consumption and production patterns,"In your organization, what is the recycling rate (measured by sum of recyclables + organics divided by total garbage, as the percentage of of all waste that is recycled? ",1. I don't know. 2. < 10%. 3. 10% - 19%. 4. 20% - 29%. 5. 30% - 39%. 6. > 39%.,S003,Q003,Electricity Gas Water And Waste Services,"[Page 20] In operating our wastewater  treatment plants, SUEZ produced  29,715 megalitres of recycled water,  supplied 83,565 tonnes of biosolids for  farmers in South Australia, and achieved  a 12 per cent reduction in their waste  footprint compared to 2022-23.",https://www.sawater.com.au/__data/assets/pdf_file/0017/1026071/SA-Water_2023-24-Annual-Report.pdf,26 | 20,PDF,2023.0,2025-04-23T05:07:27.293620
SA Water,AU,Goal 17. Strengthen the means of implementation and revitalize the Global Partnership for Sustainable Development,Does your organization have an active IFRS certification in sustainability?,1. I don't know. 2. No. 3. 1-3  year active certification. 4. 4-6 year active certification. 5. 7-9 year active certification. 6. 10+ year active certification.,S004,Q005,Electricity Gas Water And Waste Services,,,,,,
SA Water,AU,Goal 17. Strengthen the means of implementation and revitalize the Global Partnership for Sustainable Development,Is your organisation certified with UN Compact?,"1. I don't know. 2. No. 3. No, but it is in planning for this year. 4. No, but certification is in progress. 5. Yes, certified, active this year. 6. Yes, certified , active this year, and have renewed certification once or more times",S004,Q004,Electricity Gas Water And Waste Services,South Australia Water Corporation (SA Water) Australia joined un compact on 18-Apr-19,https://unglobalcompact.org/what-is-gc/participants/135804-South-Australia-Water-Corporation,,,,
SA Water,AU,Goal 5. Achieve gender equality and empower all women and girls,"In your organization, what is the percentage of women in managerial positions?",1. I don't know. 2. < 10%. 3. 10% - 19%. 4. 20% - 29%. 5. 30% - 39%. 6. > 39%.,S001,Q001,Electricity Gas Water And Waste Services,[Page 28] We achieved: 	• 46.84 per cent of leadership positions held by women (DEI target: 50 per cent) 	• 1.85 per cent Aboriginal employment (DEI target: 3 per cent).,https://www.sawater.com.au/__data/assets/pdf_file/0017/1026071/SA-Water_2023-24-Annual-Report.pdf,28 | 7,PDF,2023.0,2025-04-23T05:07:27.293620
SA Water,AU,"Goal 7. Ensure access to affordable, reliable, sustainable and modern energy for all","In your organization, what percentage of annual energy usage is derived from renewable energy (clean fuels and technology)?",1. I don't know. 2. < 10%. 3. 10% - 19%. 4. 20% - 29%. 5. 30% - 39%. 6. > 39%.,S002,Q002,Electricity Gas Water And Waste Services,"[Page 52] Purchase of renewable energy or carbon offsets for the Adelaide  Desalination Plant  SA Water must purchase applicable renewable energy certificates (RECs) for  the purposes of the operation and maintenance of the Adelaide Desalination  Plant and associated infrastructure, or otherwise fully offset the carbon impact  of that operation and maintenance, sufficient to maintain South Australia’s  commitment at clause 17 of the Implementation Plan for Augmentation of the  Adelaide Desalination Plant (100 gigalitres per annum), National Partnership  Agreement on Water for the Future.",https://www.sawater.com.au/__data/assets/pdf_file/0017/1026071/SA-Water_2023-24-Annual-Report.pdf,50 | 52 | 10,PDF,2023.0,2025-04-23T05:07:27.293620
SBS (Special Broadcasting Service),AU,Goal 12. Ensure sustainable consumption and production patterns,"In your organization, what is the recycling rate (measured by sum of recyclables + organics divided by total garbage, as the percentage of of all waste that is recycled? ",1. I don't know. 2. < 10%. 3. 10% - 19%. 4. 20% - 29%. 5. 30% - 39%. 6. > 39%.,S003,Q003,Information Media And Telecommunications,"[Page 7] At our NEL stations, we recycle  water from the air-conditioning system and cut  back on the use of water by some 15%.",https://www.sbstransit.com.sg/Uploads/Investor_Relations/Annual_Report/2025/SBS%20Transit%20-%20FY2024%20-%20Annual%20Report%202024%20(SGX-ST).pdf,97 | 7,PDF,2025.0,2025-06-05T00:01:51.120178
SBS (Special Broadcasting Service),AU,Goal 17. Strengthen the means of implementation and revitalize the Global Partnership for Sustainable Development,Does your organization have an active IFRS certification in sustainability?,1. I don't know. 2. No. 3. 1-3  year active certification. 4. 4-6 year active certification. 5. 7-9 year active certification. 6. 10+ year active certification.,S004,Q005,Information Media And Telecommunications,"[Page 89] We have also reviewed the adequacy of the related disclosures made in Notes 3 and 31 to the Financial Statements. | [Page 71] Our Sustainability Report highlights  the economic, environmental and social aspects of   our developments and operations in accordance with   the GRI Sustainability Reporting Standards 2021 and  complies with the relevant requirements under the   SGX-ST Listing Manual, including Rules 711A and 711B.",https://www.sbstransit.com.sg/Uploads/Investor_Relations/Annual_Report/2025/SBS%20Transit%20-%20FY2024%20-%20Annual%20Report%202024%20(SGX-ST).pdf,71 | 89,PDF,2025.0,2025-06-05T00:01:51.120178
SBS (Special Broadcasting Service),AU,Goal 17. Strengthen the means of implementation and revitalize the Global Partnership for Sustainable Development,Is your organisation certified with UN Compact?,"1. I don't know. 2. No. 3. No, but it is in planning for this year. 4. No, but certification is in progress. 5. Yes, certified, active this year. 6. Yes, certified , active this year, and have renewed certification once or more times",S004,Q004,Information Media And Telecommunications,"[Page 35] In all, we were certified in 10 areas with  six attained in the previous year – Quality  Management (ISO 9001), Environmental  Management (ISO 14001), Business Continuity  (ISO 22301 ), Occupational Health and Safety  (ISO 45001), Energy Management (ISO 50001),  and Asset Management (ISO 55001) – that  remained valid.",https://www.sbstransit.com.sg/Uploads/Investor_Relations/Annual_Report/2025/SBS%20Transit%20-%20FY2024%20-%20Annual%20Report%202024%20(SGX-ST).pdf,35,PDF,2025.0,2025-06-05T00:01:51.120178
SBS (Special Broadcasting Service),AU,Goal 5. Achieve gender equality and empower all women and girls,"In your organization, what is the percentage of women in managerial positions?",1. I don't know. 2. < 10%. 3. 10% - 19%. 4. 20% - 29%. 5. 30% - 39%. 6. > 39%.,S001,Q001,Information Media And Telecommunications,"[Page 55] DECEMBER 2024) 27.3% 72.7% Female Male  63.6% 36.4% Independent  Non-Executive Directors Non-Independent  Directors 100% 0% Served Less Than 9 | [Page 9] Directors We now have 11 Directors on the Board, with a  female director ratio of 27%. | [Page 54] December 2024, out of eleven (11) Directors,  three (3) Directors (or approximately 27.3%) were females. | [Page 54] In  relation to gender diversity, the Board ensures that  female candidates are included for consideration when  identifying suitable candidates for new appointments to  the Board, and in 2023, the Board adopted a guideline  that at least one female Director sits on each Board  Committee including the NRC. | [Page 54] The Company has also  exceeded the target of the Council for Board Diversity to  have at least 25% of Board seats held by females by 2025.",https://www.sbstransit.com.sg/Uploads/Investor_Relations/Annual_Report/2025/SBS%20Transit%20-%20FY2024%20-%20Annual%20Report%202024%20(SGX-ST).pdf,49 | 54 | 55 | 9,PDF,2025.0,2025-06-05T00:01:51.120178
SBS (Special Broadcasting Service),AU,"Goal 7. Ensure access to affordable, reliable, sustainable and modern energy for all","In your organization, what percentage of annual energy usage is derived from renewable energy (clean fuels and technology)?",1. I don't know. 2. < 10%. 3. 10% - 19%. 4. 20% - 29%. 5. 30% - 39%. 6. > 39%.,S002,Q002,Information Media And Telecommunications,"[Page 13] Committed   to achieving net-zero emissions  by 2050 Besides  reducing our  operational  carbon  footprint  through  enhanced  efficiencies,  optimised  processes  and resource  usage while  leveraging on  technology,  the shift to  a cleaner  energy fleet is  fundamental  to our climate  transition  plans. | [Page 13] •	 Increased cleaner energy bus fleet from   57 to 110 year-on-year • 	 Reduced energy intensity by 15.8% against  2019 baseline • 	 Reduced water intensity by 23.2% against  2019 baseline • 	 Reduced general waste intensity by 19.7%  year-on-year • 	 Expanded renewable energy output capacity  by 21% to 5.18 | [Page 13] Besides reducing our operational  carbon footprint through enhanced efficiencies,  optimised processes and resource usage while  leveraging on technology, the shift to a cleaner  energy fleet is fundamental to our climate  transition plans. | [Page 13] As part of the continued  focus on emissions reduction, we acknowledge  our role in Singapore’s land transport target to  cut peak land transport emissions by 80% from  2016 levels by 2050, and are committed to  achieving net zero emissions by 2050. | [Page 45] To promote sustainability, we collaborated  with Green Sproutz Singapore to organise an  upcycling windchime workshop at our Sengkang  and Tampines MRT Stations.",https://www.sbstransit.com.sg/Uploads/Investor_Relations/Annual_Report/2025/SBS%20Transit%20-%20FY2024%20-%20Annual%20Report%202024%20(SGX-ST).pdf,13 | 7 | 45,PDF,2025.0,2025-06-05T00:01:51.120178
Sacred Heart Mission,AU,Goal 12. Ensure sustainable consumption and production patterns,"In your organization, what is the recycling rate (measured by sum of recyclables + organics divided by total garbage, as the percentage of of all waste that is recycled? ",1. I don't know. 2. < 10%. 3. 10% - 19%. 4. 20% - 29%. 5. 30% - 39%. 6. > 39%.,S003,Q003,Health Care And Social Assistance,,,,,,
Sacred Heart Mission,AU,Goal 17. Strengthen the means of implementation and revitalize the Global Partnership for Sustainable Development,Does your organization have an active IFRS certification in sustainability?,1. I don't know. 2. No. 3. 1-3  year active certification. 4. 4-6 year active certification. 5. 7-9 year active certification. 6. 10+ year active certification.,S004,Q005,Health Care And Social Assistance,,,,,,
Sacred Heart Mission,AU,Goal 17. Strengthen the means of implementation and revitalize the Global Partnership for Sustainable Development,Is your organisation certified with UN Compact?,"1. I don't know. 2. No. 3. No, but it is in planning for this year. 4. No, but certification is in progress. 5. Yes, certified, active this year. 6. Yes, certified , active this year, and have renewed certification once or more times",S004,Q004,Health Care And Social Assistance,,,,,,
Sacred Heart Mission,AU,Goal 5. Achieve gender equality and empower all women and girls,"In your organization, what is the percentage of women in managerial positions?",1. I don't know. 2. < 10%. 3. 10% - 19%. 4. 20% - 29%. 5. 30% - 39%. 6. > 39%.,S001,Q001,Health Care And Social Assistance,"[Page 5] LEADERSHIP CHANGE In December 2022, we thanked,  celebrated and farewelled Cathy  Humphrey for her leadership,  dedication and 20-year service  to the organisation, 11 as CEO. | [Page 9] •	Expand Journey to Social Inclusion for children and young families  with 10% places allocated to women exiting prison who have  children.",https://www.sacredheartmission.org/wp-content/uploads/2024/07/shm-strategy2030-full-strategy-10-07-2024.pdf,9 | 5,PDF,2024.0,2025-04-16T22:25:55.959346
Sacred Heart Mission,AU,"Goal 7. Ensure access to affordable, reliable, sustainable and modern energy for all","In your organization, what percentage of annual energy usage is derived from renewable energy (clean fuels and technology)?",1. I don't know. 2. < 10%. 3. 10% - 19%. 4. 20% - 29%. 5. 30% - 39%. 6. > 39%.,S002,Q002,Health Care And Social Assistance,,,,,,
Seven West Media,AU,Goal 12. Ensure sustainable consumption and production patterns,"In your organization, what is the recycling rate (measured by sum of recyclables + organics divided by total garbage, as the percentage of of all waste that is recycled? ",1. I don't know. 2. < 10%. 3. 10% - 19%. 4. 20% - 29%. 5. 30% - 39%. 6. > 39%.,S003,Q003,Information Media And Telecommunications,"[Page 13] •	 West Australian Newspapers (WAN) continues its  efforts to reduce waste from printing – 100% of  wastewater and 100% of ink waste is processed and  reused, and newsprint waste is fully recycled. | [Page 18] Bringing  Awareness to  Environmental  Issues We are committed to using our platforms to drive environmental awareness to create a more sustainable future: •	 We have continued our partnership with Planet Ark to drive positive behavioural change around vital environmental issues as the  Official Media Partner of National Recycling Week and National Tree Day (Page 13) We are continuing our efforts to reduce the environmental footprint of our operations: •	 Achieved an 18 per cent decline in scope 1 and 2 emissions in the two years from FY22 to FY24 (Page 13) •	 Seven West Media is preparing to publish detailed climate-related financial disclosures from FY26 (Page 13) •	 West Australian Newspapers continues its efforts to reduce waste from printing and cut energy usage (Page 13) •	 We are working with our production partner ITV on increasingly sustainable production methods (Page 13) 18",https://www.sevenwestmedia.com.au/assets/Uploads/Seven-West-Media-Sustainability-Report-2024.pdf,13 | 18,PDF,2024.0,2025-04-23T05:17:02.195326
Seven West Media,AU,Goal 17. Strengthen the means of implementation and revitalize the Global Partnership for Sustainable Development,Does your organization have an active IFRS certification in sustainability?,1. I don't know. 2. No. 3. 1-3  year active certification. 4. 4-6 year active certification. 5. 7-9 year active certification. 6. 10+ year active certification.,S004,Q005,Information Media And Telecommunications,[Page 3] A Letter From Our CEO Our sustainability strategy is not just about adhering to  regulations and meeting expectations; it’s about genuinely  contributing to the well-being and progress of our society.,https://www.sevenwestmedia.com.au/assets/Uploads/Seven-West-Media-Sustainability-Report-2024.pdf,3,PDF,2024.0,2025-04-23T05:17:02.195326
Seven West Media,AU,Goal 17. Strengthen the means of implementation and revitalize the Global Partnership for Sustainable Development,Is your organisation certified with UN Compact?,"1. I don't know. 2. No. 3. No, but it is in planning for this year. 4. No, but certification is in progress. 5. Yes, certified, active this year. 6. Yes, certified , active this year, and have renewed certification once or more times",S004,Q004,Information Media And Telecommunications,[Page 18] United Nations Sustainable Development Goals PILLAR HOW WE CONTRIBUTED TO THIS GOAL IN FY2024,https://www.sevenwestmedia.com.au/assets/Uploads/Seven-West-Media-Sustainability-Report-2024.pdf,18,PDF,2024.0,2025-04-23T05:17:02.195326
Seven West Media,AU,Goal 5. Achieve gender equality and empower all women and girls,"In your organization, what is the percentage of women in managerial positions?",1. I don't know. 2. < 10%. 3. 10% - 19%. 4. 20% - 29%. 5. 30% - 39%. 6. > 39%.,S001,Q001,Information Media And Telecommunications,"[Page 12] •	 We celebrated our fourth year as the official broadcast  partner with UN Women Australia for International  Women’s Day, reflecting the joint commitment of UN  Women and Seven West Media to focus on gender  equality and celebrate the accomplishments of women.",https://www.sevenwestmedia.com.au/assets/Uploads/Seven-West-Media-Sustainability-Report-2024.pdf,12 | 17 | 5,PDF,2024.0,2025-04-23T05:17:02.195326
Seven West Media,AU,"Goal 7. Ensure access to affordable, reliable, sustainable and modern energy for all","In your organization, what percentage of annual energy usage is derived from renewable energy (clean fuels and technology)?",1. I don't know. 2. < 10%. 3. 10% - 19%. 4. 20% - 29%. 5. 30% - 39%. 6. > 39%.,S002,Q002,Information Media And Telecommunications,"[Page 13] Emissions by scope •	 Our ambition is to reduce our scope 1 and 2  greenhouse gas emissions by 50 per cent by FY30  from our FY22 baseline, through a combination of grid  decarbonisation and our own initiatives. | [Page 3] We are pleased to see an 18 per cent reduction in our scope  1 and 2 emissions since FY22 resulting from a combination  of grid decarbonisation and our own initiatives, specifically  consolidation of premises in Sydney and ongoing energy  efficiency measures, including introducing LED lighting  across a number of our offices. | [Page 13] •	 Our scope 1 and 2 emissions fell by approximately  18 per cent from over the two years from our last  measurement in FY22. | [Page 18] Bringing  Awareness to  Environmental  Issues We are committed to using our platforms to drive environmental awareness to create a more sustainable future: •	 We have continued our partnership with Planet Ark to drive positive behavioural change around vital environmental issues as the  Official Media Partner of National Recycling Week and National Tree Day (Page 13) We are continuing our efforts to reduce the environmental footprint of our operations: •	 Achieved an 18 per cent decline in scope 1 and 2 emissions in the two years from FY22 to FY24 (Page 13) •	 Seven West Media is preparing to publish detailed climate-related financial disclosures from FY26 (Page 13) •	 West Australian Newspapers continues its efforts to reduce waste from printing and cut energy usage (Page 13) •	 We are working with our production partner ITV on increasingly sustainable production methods (Page 13) 18",https://www.sevenwestmedia.com.au/assets/Uploads/Seven-West-Media-Sustainability-Report-2024.pdf,13 | 18 | 3,PDF,2024.0,2025-04-23T05:17:02.195326
Southern Cross Austereo (aspecthuntley),AU,Goal 12. Ensure sustainable consumption and production patterns,"In your organization, what is the recycling rate (measured by sum of recyclables + organics divided by total garbage, as the percentage of of all waste that is recycled? ",1. I don't know. 2. < 10%. 3. 10% - 19%. 4. 20% - 29%. 5. 30% - 39%. 6. > 39%.,S003,Q003,Information Media And Telecommunications,[Page 97] 2024 Annual Report ecoStar+ is an environmentally responsible  paper made FSC® Recycled certified and  manufactured with 100% post consumer  recycled fibre in a elemental chlorine  free environment under the ISO 14001  environmental management system.,https://www.aspecthuntley.com.au/asxdata/20241024/pdf/02870679.pdf,97 | 21,PDF,2024.0,2025-04-23T05:17:22.695261
Southern Cross Austereo (aspecthuntley),AU,Goal 17. Strengthen the means of implementation and revitalize the Global Partnership for Sustainable Development,Does your organization have an active IFRS certification in sustainability?,1. I don't know. 2. No. 3. 1-3  year active certification. 4. 4-6 year active certification. 5. 7-9 year active certification. 6. 10+ year active certification.,S004,Q005,Information Media And Telecommunications,"[Page 59] i) Compliance with IFRS Compliance with Australian Accounting Standards ensures that  the financial statements and notes of the Group comply with  International Financial Reporting Standards (‘IFRS’) as issued by the  International Accounting Standards Board (‘IASB’). | [Page 59] Consequently,  this financial report has also been prepared in accordance with and  complies with IFRS as issued by the IASB. | [Page 21] During the year ahead, we will monitor the issue of the Australian  Sustainability Reporting Standards to be well prepared to  commence climate-related financial reporting when required  and will consider voluntary disclosures in the meantime.",https://www.aspecthuntley.com.au/asxdata/20241024/pdf/02870679.pdf,59 | 21,PDF,2024.0,2025-04-23T05:17:22.695261
Southern Cross Austereo (aspecthuntley),AU,Goal 17. Strengthen the means of implementation and revitalize the Global Partnership for Sustainable Development,Is your organisation certified with UN Compact?,"1. I don't know. 2. No. 3. No, but it is in planning for this year. 4. No, but certification is in progress. 5. Yes, certified, active this year. 6. Yes, certified , active this year, and have renewed certification once or more times",S004,Q004,Information Media And Telecommunications,[Page 88] Signed in accordance with a resolution of the Directors made pursuant to section 295(5) of the Corporations Act. | [Page 52] This report is signed in accordance with resolutions of the Directors of Southern Cross Media Group Limited.,https://www.aspecthuntley.com.au/asxdata/20241024/pdf/02870679.pdf,52 | 88,PDF,2024.0,2025-04-23T05:17:22.695261
Southern Cross Austereo (aspecthuntley),AU,Goal 5. Achieve gender equality and empower all women and girls,"In your organization, what is the percentage of women in managerial positions?",1. I don't know. 2. < 10%. 3. 10% - 19%. 4. 20% - 29%. 5. 30% - 39%. 6. > 39%.,S001,Q001,Information Media And Telecommunications,"[Page 19] Annual Report 2 ‘40:40:20’ refers to a diversity of gender ratio in workplace leadership: 40 percent  women, 40 percent men and 20 percent any gender. | [Page 19] Permanent employees Total % Female % Male % Female Management 311 45.7% 54.3% 50% SCA Leadership Team 7 29.0% 71.0% 40% Senior Management 23 30.4% 69.6% 50% Manager 281 47.3% 52.7% 50% Employee 1,278 58.5% 41.5% 50% SCA Total 1,589 56.0% 44.0% 50% Age Female Male Total Total % <25 119 75 194 10% 25 to <35 404 295 699 36% 35 to <45 304 261 565 29% 45 to <55 154 141 295 15% 55 to <65 55 89 144 8% >65 8 12 20 1% Total 1,044 873 1,917 100% Diversity and inclusion In FY24, we launched a three-year Diversity and Inclusion Strategy with  the first year’s activities focused on building awareness among our  leaders of diversity and inclusion considerations, including the benefits  of diverse teams and the risks of unconscious bias in decision-making,  developing a calendar of events to demonstrate our support for diverse  communities, and updating policies and systems to include non-binary  gender identification options. | [Page 19] Board of directors Total % Female % Male % Female Non-exectuive directors 4 50% 50% 50% All directors 5 40% 60% 50% 31 | [Page 19] Employment status Female Female % Male Male % Total Full-Time Permanent 723 52% 665 48% 1,388 | [Page 2] The Board and Leadership Team Corporate Directory 20 94",https://www.aspecthuntley.com.au/asxdata/20241024/pdf/02870679.pdf,2 | 19,PDF,2024.0,2025-04-23T05:17:22.695261
Southern Cross Austereo (aspecthuntley),AU,"Goal 7. Ensure access to affordable, reliable, sustainable and modern energy for all","In your organization, what percentage of annual energy usage is derived from renewable energy (clean fuels and technology)?",1. I don't know. 2. < 10%. 3. 10% - 19%. 4. 20% - 29%. 5. 30% - 39%. 6. > 39%.,S002,Q002,Information Media And Telecommunications,"[Page 21] Our GHG emissions in FY24 were lower than in FY23 by 6.2%. | [Page 97] 2024 Annual Report ecoStar+ is an environmentally responsible  paper made FSC® Recycled certified and  manufactured with 100% post consumer  recycled fibre in a elemental chlorine  free environment under the ISO 14001  environmental management system. | [Page 21] Because of the corporate activity during the year, we deferred  some planned initiatives to support enhanced measurement and  recording of our GHG emissions and to reduce those emissions. | [Page 21] In FY24, 79% of SCA’s total  GHG emissions of 26,255 tCO2-e were in Scope 3.",https://www.aspecthuntley.com.au/asxdata/20241024/pdf/02870679.pdf,97 | 21 | 19,PDF,2024.0,2025-04-23T05:17:22.695261
St John Ambulance Australia,AU,Goal 12. Ensure sustainable consumption and production patterns,"In your organization, what is the recycling rate (measured by sum of recyclables + organics divided by total garbage, as the percentage of of all waste that is recycled? ",1. I don't know. 2. < 10%. 3. 10% - 19%. 4. 20% - 29%. 5. 30% - 39%. 6. > 39%.,S003,Q003,Health Care And Social Assistance,,,,,,
St John Ambulance Australia,AU,Goal 17. Strengthen the means of implementation and revitalize the Global Partnership for Sustainable Development,Does your organization have an active IFRS certification in sustainability?,1. I don't know. 2. No. 3. 1-3  year active certification. 4. 4-6 year active certification. 5. 7-9 year active certification. 6. 10+ year active certification.,S004,Q005,Health Care And Social Assistance,,,,,,
St John Ambulance Australia,AU,Goal 17. Strengthen the means of implementation and revitalize the Global Partnership for Sustainable Development,Is your organisation certified with UN Compact?,"1. I don't know. 2. No. 3. No, but it is in planning for this year. 4. No, but certification is in progress. 5. Yes, certified, active this year. 6. Yes, certified , active this year, and have renewed certification once or more times",S004,Q004,Health Care And Social Assistance,,,,,,
St John Ambulance Australia,AU,Goal 5. Achieve gender equality and empower all women and girls,"In your organization, what is the percentage of women in managerial positions?",1. I don't know. 2. < 10%. 3. 10% - 19%. 4. 20% - 29%. 5. 30% - 39%. 6. > 39%.,S001,Q001,Health Care And Social Assistance,"[Page 17] The Australian Office Team Chief Executive Officer Brendan Maher  Manager - Executive and Priory Kylie Seidel Finance Manager Amanda Power (Until May 2024) National Finance Officer Brad Speller (From May 2024)  Strategic Programs &  Partnerships Manager Fairlie Tucker  Child Safeguarding and Policy Officer Bj Edith-Mae National Training & Development Manager Mark Molloy (Until December 2023) National RTO Manager  Jennifer Sorthi National Training and Resources Manager  Carol Anderson RTO Compliance Coordinator Shilpi Grover Learning Resource Development Officer Peg Wymond National TAE Lead Trainer Stan Thomas National IT Program Manager Shay McAuley  Technical Product Manager Ryan Kellow Full Stack DevOps Manager Jonathan Liu Full Stack Developer Frank Ge Senior Salesforce Administrator Rakesh Tadisinia Salesforce Administrator Thiru Kandasamy Salesforce Administrator Avril Cook eLearning Projects Officer Charlie Bartak Commercial Director  Dilhan De Silva Purchasing Controller Ling He  Purchasing Coordinator Uday Singh Product & Quality Coordinator Valerie Bickell Finance Coordinator Debi Thompson Accounts Coordinator Lana Phan E-Commerce Coordinator Karmen Hardi E-Commerce Coordinator Amanda Farrugia Warehouse Coordinator Jhay Jasmin Warehouse Operator Nick Mallia Warehouse Operator Shannon Bateup-Ponce National Manager Brand and Communications Enita Hampton  Publications, Content and Communications Gabrielle Lhuede (Until May 2024)  National Communications Officer Mliette Ornelas (From June 2024) National Marketing Officer Kaye Mata (From June 2024) 17",https://stjohn.org.au/assets/uploads/annual%20reports/AR2024%20Internal-NAT0049%20WEB.pdf,12 | 17 | 9,PDF,2024.0,2025-04-16T22:26:31.433557
St John Ambulance Australia,AU,"Goal 7. Ensure access to affordable, reliable, sustainable and modern energy for all","In your organization, what percentage of annual energy usage is derived from renewable energy (clean fuels and technology)?",1. I don't know. 2. < 10%. 3. 10% - 19%. 4. 20% - 29%. 5. 30% - 39%. 6. > 39%.,S002,Q002,Health Care And Social Assistance,,,,,,
Suez Australia (Suez),AU,Goal 12. Ensure sustainable consumption and production patterns,"In your organization, what is the recycling rate (measured by sum of recyclables + organics divided by total garbage, as the percentage of of all waste that is recycled? ",1. I don't know. 2. < 10%. 3. 10% - 19%. 4. 20% - 29%. 5. 30% - 39%. 6. > 39%.,S003,Q003,Electricity Gas Water And Waste Services,"[Page 140] Percentage of non-recycled waste 99%(1) 98% 100% (1)	 All fluxes that are by-products of SUEZ processes and have recovery potential (e.g., IBA, non-hazardous wastewater, and drinking water sludges) and can be used to manufacture valuable  products (composts, recovered metals…) are considered as “resources.” As such, they are accounted for in the outflows metrics in accordance with CSRD definitions rather than classified as  “waste.” 	 The “% of non-recycled” KPI is naturally high, as it primarily consists of terminal waste that is difficult to recover and, by extension, challenging to recycle. | [Page 132] Additionally, over 99% of Greater Manchester’s municipal waste is now diverted from landfill,  exceeding the contract target of 98%. | [Page 53] From a climate mitigation perspective, green landfills prioritise maximum biogas capture to  minimise methane emissions, achieving capture rates of up to 90%. | [Page 137] For  example, its non-hazardous waste sorting and recycling activities convert more than 50% of collected waste into secondary  raw materials, surpassing taxonomy thresholds. | [Page 107] Furthermore, the United  Nations Environment Programme (UNEP) projects that global waste production will double by 2050, with over 70% of waste  currently ending up in landfills or being openly dumped. | [Page 38] By 2027 100% Support recycling   and reuse Waste recovery rate(1) Tons recovered First publication  in 2023",https://www.suez.com/-/media/suez-shared/files/publication-docs/pdf-english/suez-2024-sustainability-statement.pdf?v=1&d=20250417T104216Z,132 | 38 | 140 | 137 | 107 | 53,PDF,2024.0,2025-06-05T01:26:03.601198
Suez Australia (Suez),AU,Goal 17. Strengthen the means of implementation and revitalize the Global Partnership for Sustainable Development,Does your organization have an active IFRS certification in sustainability?,1. I don't know. 2. No. 3. 1-3  year active certification. 4. 4-6 year active certification. 5. 7-9 year active certification. 6. 10+ year active certification.,S004,Q005,Electricity Gas Water And Waste Services,"[Page 12] It leads the preparation of sustainability reports, ensuring alignment with CSRD and ESRS disclosure requirements  in coordination with other directions and Business Units. | [Page 28] The Group also aligns its assessment methodology  with external sustainability reporting frameworks, such as the TCFD (Task Force on Climate Related Financial Disclosures),  and integrates sustainability risk considerations into its business continuity planning. | [Page 20] General disclosures (ESRS 2) 1 | [Page 15] General disclosures (ESRS 2) 1.1.4. | [Page 6] General disclosures (ESRS 2) 1 1.1. | [Page 12] It develops and enforces policies that  guide the Company’s sustainability efforts and compliance with the CSRD.",https://www.suez.com/-/media/suez-shared/files/publication-docs/pdf-english/suez-2024-sustainability-statement.pdf?v=1&d=20250417T104216Z,28 | 6 | 20 | 12 | 15,PDF,2024.0,2025-06-05T01:26:03.601198
Suez Australia (Suez),AU,Goal 17. Strengthen the means of implementation and revitalize the Global Partnership for Sustainable Development,Is your organisation certified with UN Compact?,"1. I don't know. 2. No. 3. No, but it is in planning for this year. 4. No, but certification is in progress. 5. Yes, certified, active this year. 6. Yes, certified , active this year, and have renewed certification once or more times",S004,Q004,Electricity Gas Water And Waste Services,"[Page 182] 87 and 98);   ●the Charter of Fundamental Rights of the European Union;   ●the OECD Guidelines for Multinational Enterprises;   ●the UN Guiding Principles on Business and Human Rights;   ●the UN Convention against Corruption;   ●national laws, such as French law on the duty of vigilance and similar laws in the UK and Australia targeting modern slavery;   ●SUEZ Ethics Charter, updated in 2022, which aligns with the Company’s commitments to the UN Global Compact and the  OECD Principles on water governance;   ●the International Finance Corporation’s sustainability standards, which apply directly to many SUEZ projects. | [Page 25] ●Active participation to international  associations (OECD Water governance,  UN Global compact, etc.). | [Page 224] Supplier engagement SUEZ expects its suppliers to adhere to the principles of the UN Global Compact and respect international labour conventions. | [Page 78] At the Business Unit (BU) level, SUEZ has implemented Environmental and Quality Management Systems, which are generally  ISO 9000 and ISO 14000 certified. | [Page 184] The Ethics Charter is referenced in the Sustainable Purchasing Charter and CSR clauses signed by suppliers.",https://www.suez.com/-/media/suez-shared/files/publication-docs/pdf-english/suez-2024-sustainability-statement.pdf?v=1&d=20250417T104216Z,25 | 224 | 182 | 184 | 78,PDF,2024.0,2025-06-05T01:26:03.601198
Suez Australia (Suez),AU,Goal 5. Achieve gender equality and empower all women and girls,"In your organization, what is the percentage of women in managerial positions?",1. I don't know. 2. < 10%. 3. 10% - 19%. 4. 20% - 29%. 5. 30% - 39%. 6. > 39%.,S001,Q001,Electricity Gas Water And Waste Services,"[Page 7] 29% of the Board members are women. | [Page 172] Amongst the metrics we follow, the following can be outlined: PERFORMANCE AND CAREER DEVELOPMENT 12/2024 % Female % Male % Total Percentage of employees that participated in regular performance  and career development reviews* 80% 57% 63% *	 Divided by the average personnel. | [Page 39] By 2027  100% GROWING SKILLS AND FOSTERING EMPLOYEE ENGAGEMENT Develop our skills % of people trained in the workforce per year)  72.2% From 2023  80% Promote equal opportunities % of FTEs in the workforce with disabilities 2.8% By 2027  > 4% Eliminate gender disparities % of women in management positions 34.3% By 2027  > 40% Global gender gap 88.9",https://www.suez.com/-/media/suez-shared/files/publication-docs/pdf-english/suez-2024-sustainability-statement.pdf?v=1&d=20250417T104216Z,170 | 161 | 7 | 39 | 169 | 172,PDF,2024.0,2025-06-05T01:26:03.601198
Suez Australia (Suez),AU,"Goal 7. Ensure access to affordable, reliable, sustainable and modern energy for all","In your organization, what percentage of annual energy usage is derived from renewable energy (clean fuels and technology)?",1. I don't know. 2. < 10%. 3. 10% - 19%. 4. 20% - 29%. 5. 30% - 39%. 6. > 39%.,S002,Q002,Electricity Gas Water And Waste Services,"[Page 37] Objective CONTRIBUTING TO ENERGY DECARBONISATION Make our own electricity consumption more sustainable Share of sustainable electricity (renewable and recycled)  consumption over total Group electricity consumption (%) Group: 29%  Europe: 24% By 2030 | [Page 37] Group: 70%  Europe: 100% Reach European electricity  self sufficiency Share of electricity production (renewable and  recycled) over electricity consumption in Europe 1.04 | [Page 53] By eliminating coal usage, the facility is set to cut CO2 emissions by 60% by the end of 2025.",https://www.suez.com/-/media/suez-shared/files/publication-docs/pdf-english/suez-2024-sustainability-statement.pdf?v=1&d=20250417T104216Z,62 | 52 | 37 | 53 | 108,PDF,2024.0,2025-06-05T01:26:03.601198
Sustainable Minerals Institute,AU,Goal 12. Ensure sustainable consumption and production patterns,"In your organization, what is the recycling rate (measured by sum of recyclables + organics divided by total garbage, as the percentage of of all waste that is recycled? ",1. I don't know. 2. < 10%. 3. 10% - 19%. 4. 20% - 29%. 5. 30% - 39%. 6. > 39%.,S003,Q003,Mining,,,,,,
Sustainable Minerals Institute,AU,Goal 17. Strengthen the means of implementation and revitalize the Global Partnership for Sustainable Development,Does your organization have an active IFRS certification in sustainability?,1. I don't know. 2. No. 3. 1-3  year active certification. 4. 4-6 year active certification. 5. 7-9 year active certification. 6. 10+ year active certification.,S004,Q005,Mining,,,,,,
Sustainable Minerals Institute,AU,Goal 17. Strengthen the means of implementation and revitalize the Global Partnership for Sustainable Development,Is your organisation certified with UN Compact?,"1. I don't know. 2. No. 3. No, but it is in planning for this year. 4. No, but certification is in progress. 5. Yes, certified, active this year. 6. Yes, certified , active this year, and have renewed certification once or more times",S004,Q004,Mining,,,,,,
Sustainable Minerals Institute,AU,Goal 5. Achieve gender equality and empower all women and girls,"In your organization, what is the percentage of women in managerial positions?",1. I don't know. 2. < 10%. 3. 10% - 19%. 4. 20% - 29%. 5. 30% - 39%. 6. > 39%.,S001,Q001,Mining,,,,,,
Sustainable Minerals Institute,AU,"Goal 7. Ensure access to affordable, reliable, sustainable and modern energy for all","In your organization, what percentage of annual energy usage is derived from renewable energy (clean fuels and technology)?",1. I don't know. 2. < 10%. 3. 10% - 19%. 4. 20% - 29%. 5. 30% - 39%. 6. > 39%.,S002,Q002,Mining,,,,,,
TFS Australia,AU,Goal 12. Ensure sustainable consumption and production patterns,"In your organization, what is the recycling rate (measured by sum of recyclables + organics divided by total garbage, as the percentage of of all waste that is recycled? ",1. I don't know. 2. < 10%. 3. 10% - 19%. 4. 20% - 29%. 5. 30% - 39%. 6. > 39%.,S003,Q003,Manufacturing,"[Page 1] With the help of EcoBiz, TFS reduced the facilities total waste intensity by 17% throughout 2021.",https://www.tfsaustralia.com.au/sustainability  ,1,HTML,nan,2025-04-28T23:22:13.596380
TFS Australia,AU,Goal 17. Strengthen the means of implementation and revitalize the Global Partnership for Sustainable Development,Does your organization have an active IFRS certification in sustainability?,1. I don't know. 2. No. 3. 1-3  year active certification. 4. 4-6 year active certification. 5. 7-9 year active certification. 6. 10+ year active certification.,S004,Q005,Manufacturing,,,,,,
TFS Australia,AU,Goal 17. Strengthen the means of implementation and revitalize the Global Partnership for Sustainable Development,Is your organisation certified with UN Compact?,"1. I don't know. 2. No. 3. No, but it is in planning for this year. 4. No, but certification is in progress. 5. Yes, certified, active this year. 6. Yes, certified , active this year, and have renewed certification once or more times",S004,Q004,Manufacturing,,,,,,
TFS Australia,AU,Goal 5. Achieve gender equality and empower all women and girls,"In your organization, what is the percentage of women in managerial positions?",1. I don't know. 2. < 10%. 3. 10% - 19%. 4. 20% - 29%. 5. 30% - 39%. 6. > 39%.,S001,Q001,Manufacturing,,,,,,
TFS Australia,AU,"Goal 7. Ensure access to affordable, reliable, sustainable and modern energy for all","In your organization, what percentage of annual energy usage is derived from renewable energy (clean fuels and technology)?",1. I don't know. 2. < 10%. 3. 10% - 19%. 4. 20% - 29%. 5. 30% - 39%. 6. > 39%.,S002,Q002,Manufacturing,"[Page 1] Throughout the year of 2021 TFS successfully reduced it’s total energy intensity by 28.9%. | [Page 1] With the help of EcoBiz, TFS reduced the facilities total waste intensity by 17% throughout 2021.",https://www.tfsaustralia.com.au/sustainability  ,1,HTML,nan,2025-04-28T23:22:13.596380
Telstra,AU,Goal 12. Ensure sustainable consumption and production patterns,"In your organization, what is the recycling rate (measured by sum of recyclables + organics divided by total garbage, as the percentage of of all waste that is recycled? ",1. I don't know. 2. < 10%. 3. 10% - 19%. 4. 20% - 29%. 5. 30% - 39%. 6. > 39%.,S003,Q003,Information Media And Telecommunications,"[Page 46] FY24: 95% Network waste recycled Total network waste 24,977 tonnes: >   Total diverted to recyclers:      23,617 tonnes (95%) >   Total landfill:  1,361 tonnes (5%) | [Page 46] In FY24, we reassessed the definition supporting the target to 'Increase our network waste recycling rate to 90% by 2025' to include waste diverted to recyclers,  captured via our Copper Recovery Program. | [Page 35] Achieved 95% network waste recycling rate  in FY24 page 46 | [Page 6] Achieved 95% network waste recycling rate in FY24 page 46 | [Page 47] In alignment with our commitment to environmental  stewardship, we strategically partner with certified  recyclers who specialise in the safe handling and  disposal of hazardous substances found in network  equipment. | [Page 35] Increase our network waste recycling rate  to 90% by 2025",https://infraco.telstra.com.au/content/dam/tcom/about-us/community-environment/pdf/2024-Telstra-Bigger-Picture-Sustainability-Report-Remediated.pdf,47 | 35 | 6 | 46,PDF,2024.0,2025-04-23T05:16:05.627291
Telstra,AU,Goal 17. Strengthen the means of implementation and revitalize the Global Partnership for Sustainable Development,Does your organization have an active IFRS certification in sustainability?,1. I don't know. 2. No. 3. 1-3  year active certification. 4. 4-6 year active certification. 5. 7-9 year active certification. 6. 10+ year active certification.,S004,Q005,Information Media And Telecommunications,[Page 5] Commitment to transparency    This year the climate-related disclosures in our  Annual Report have been guided by the International  Sustainability Standards Board (ISSB)’s climate  disclosure standard (International Financial Reporting  Standard (IFRS) S2). | [Page 10] It also includes  climate and nature related disclosures aligned  to ISSB (International Sustainability Standards  Board) IFRS (International Financial Reporting  Standards) S2 and the recommendations of   the TNFD (Taskforce on Nature-related   Financial Disclosures). | [Page 10] •  Our 2024 Data Pack: provides more  information about our sustainability approach   and performance. | [Page 16] Bigger Picture Sustainability Report | [Page 14] 14 Doing business responsibly 2024 Bigger Picture Sustainability Report | [Page 11] Doing business  responsibly  11 2024 Bigger Picture Sustainability Report,https://infraco.telstra.com.au/content/dam/tcom/about-us/community-environment/pdf/2024-Telstra-Bigger-Picture-Sustainability-Report-Remediated.pdf,10 | 16 | 5 | 11 | 14,PDF,2024.0,2025-04-23T05:16:05.627291
Telstra,AU,Goal 17. Strengthen the means of implementation and revitalize the Global Partnership for Sustainable Development,Is your organisation certified with UN Compact?,"1. I don't know. 2. No. 3. No, but it is in planning for this year. 4. No, but certification is in progress. 5. Yes, certified, active this year. 6. Yes, certified , active this year, and have renewed certification once or more times",S004,Q004,Information Media And Telecommunications,Telstra Corporation Australia joined un compact on 7-Dec-11,https://unglobalcompact.org/what-is-gc/participants/15738-Telstra-Corporation,,,,
Telstra,AU,Goal 5. Achieve gender equality and empower all women and girls,"In your organization, what is the percentage of women in managerial positions?",1. I don't know. 2. < 10%. 3. 10% - 19%. 4. 20% - 29%. 5. 30% - 39%. 6. > 39%.,S001,Q001,Information Media And Telecommunications,"[Page 19] By signing up to this alongside  other ASX300 organisations, we’re seeking to achieve  gender balance in executive leadership, by reaching   40 per cent female representation, 40 per cent male,  and 20 per cent identifying as any gender, by 2030. | [Page 4] This year, we also launched our new Global  Diversity, Equity and Inclusion strategy and we are  committed to maintaining a diverse and inclusive  workplace where differences are respected. | [Page 6] Our people Remain at 90th percentile employee engagement  (equivalent to high-performance norm) SDG 8 | [Page 11] Our people Remain at 90th percentile employee  engagement (equivalent to high- performance norm) SDG 8",https://infraco.telstra.com.au/content/dam/tcom/about-us/community-environment/pdf/2024-Telstra-Bigger-Picture-Sustainability-Report-Remediated.pdf,11 | 6 | 4 | 19,PDF,2024.0,2025-04-23T05:16:05.627291
Telstra,AU,"Goal 7. Ensure access to affordable, reliable, sustainable and modern energy for all","In your organization, what percentage of annual energy usage is derived from renewable energy (clean fuels and technology)?",1. I don't know. 2. < 10%. 3. 10% - 19%. 4. 20% - 29%. 5. 30% - 39%. 6. > 39%.,S002,Q002,Information Media And Telecommunications,"[Page 35] Enable renewable energy generation  equivalent to 100% of our consumption  by 2025 | [Page 6] Enable renewable energy generation equivalent  to 100% of our consumption by 2025 | [Page 41] We have now contracted renewable energy generation  which, once fully up and running, should be equivalent  to more than 100 per cent of our forecast consumption  by the end of 2025. | [Page 5] However,  there is risk that the overall amount of renewable  energy generated from our contracted projects may  not meet 100 per cent of our forecast consumption  by the end of 2025. | [Page 41] However, there is risk that the overall amount of  renewable energy generated from our contracted  projects may not meet 100% of our forecast  consumption by the end of 2025. | [Page 5] In addition, we have now contracted future renewable  energy generation equivalent to over 100 per cent of  our forecast consumption by the end of 2025.",https://infraco.telstra.com.au/content/dam/tcom/about-us/community-environment/pdf/2024-Telstra-Bigger-Picture-Sustainability-Report-Remediated.pdf,41 | 35 | 6 | 5,PDF,2024.0,2025-04-23T05:16:05.627291
The Environmental Group Ltd (environmental),AU,Goal 12. Ensure sustainable consumption and production patterns,"In your organization, what is the recycling rate (measured by sum of recyclables + organics divided by total garbage, as the percentage of of all waste that is recycled? ",1. I don't know. 2. < 10%. 3. 10% - 19%. 4. 20% - 29%. 5. 30% - 39%. 6. > 39%.,S003,Q003,Electricity Gas Water And Waste Services,"[Page 11] Our recent advancements include the  implementation of state-of-the-art technologies for  the extraction of harmful substances like PFAS from  water, and the installation of sophisticated waste  processing facilities designed to achieve up to 99%  landfill diversion. | [Page 16] We are well positioned to be  part of this landmark change in the industry following  the introduction of the Recycling and Waste Reduction  Act 2020, targeting a significant improvement in  recycling rates and including the banning of all waste   being exported from Australia.",https://environmental.com.au/wp-content/uploads/2024/08/2763730.pdf,16 | 11 | 27 | 37,PDF,2024.0,2025-04-23T05:07:19.268569
The Environmental Group Ltd (environmental),AU,Goal 17. Strengthen the means of implementation and revitalize the Global Partnership for Sustainable Development,Does your organization have an active IFRS certification in sustainability?,1. I don't know. 2. No. 3. 1-3  year active certification. 4. 4-6 year active certification. 5. 7-9 year active certification. 6. 10+ year active certification.,S004,Q005,Electricity Gas Water And Waste Services,,,,,,
The Environmental Group Ltd (environmental),AU,Goal 17. Strengthen the means of implementation and revitalize the Global Partnership for Sustainable Development,Is your organisation certified with UN Compact?,"1. I don't know. 2. No. 3. No, but it is in planning for this year. 4. No, but certification is in progress. 5. Yes, certified, active this year. 6. Yes, certified , active this year, and have renewed certification once or more times",S004,Q004,Electricity Gas Water And Waste Services,[Page 102] Signed in accordance with a resolution of Directors made pursuant to section 295(5)(a) of the  Corporations Act 2001.,https://environmental.com.au/wp-content/uploads/2024/08/2763730.pdf,102,PDF,2024.0,2025-04-23T05:07:19.268569
The Environmental Group Ltd (environmental),AU,Goal 5. Achieve gender equality and empower all women and girls,"In your organization, what is the percentage of women in managerial positions?",1. I don't know. 2. < 10%. 3. 10% - 19%. 4. 20% - 29%. 5. 30% - 39%. 6. > 39%.,S001,Q001,Electricity Gas Water And Waste Services,"[Page 88] General Managers 100% 272,451 0.27 | [Page 47] Non-Executive Directors: Ms Lynn Richardson 100%  100%  - - - - Mr Adrian Siah  100%  100%  - - - - Mr Graeme Nayler  100%  100%  - - - - Mr Vincent D’Rozario  100%  100%  - - - - Mr Michael Constable 100%  - - - - - Other Key Management Personnel: Mr Jason Dixon 88%  86%  - - 12%  14%  Mr Andrew Bush 87%  74%  - - 13%  26%  Mr Paul Gaskett 93%  83%  - - 7%  17%  Ms Brenda Broughouts 97%  90%  - - 3%  10%  The proportion of remuneration linked to performance and the fixed proportion are as follows: Annual Report 2024 | [Page 44] Remuneration Report (Audited) This Remuneration Report outlines  the Directors and Executive Key  Management Personnel remuneration  arrangements of the Group in  accordance with the requirements  of the Corporations Act 2001 and  the Corporate Regulations 2001.",https://environmental.com.au/wp-content/uploads/2024/08/2763730.pdf,47 | 88 | 45 | 44 | 29,PDF,2024.0,2025-04-23T05:07:19.268569
The Environmental Group Ltd (environmental),AU,"Goal 7. Ensure access to affordable, reliable, sustainable and modern energy for all","In your organization, what percentage of annual energy usage is derived from renewable energy (clean fuels and technology)?",1. I don't know. 2. < 10%. 3. 10% - 19%. 4. 20% - 29%. 5. 30% - 39%. 6. > 39%.,S002,Q002,Electricity Gas Water And Waste Services,"[Page 11] Our projects, such as filtration systems to  improve safety and efficiency of advanced solar farms  and the development of innovative waste-to-energy  solutions, are pivotal in reducing carbon emissions  and promoting sustainable energy practices.",https://environmental.com.au/wp-content/uploads/2024/08/2763730.pdf,10 | 11 | 30 | 27,PDF,2024.0,2025-04-23T05:07:19.268569
Veolia Australia and New Zealand (veolia),AU,Goal 12. Ensure sustainable consumption and production patterns,"In your organization, what is the recycling rate (measured by sum of recyclables + organics divided by total garbage, as the percentage of of all waste that is recycled? ",1. I don't know. 2. < 10%. 3. 10% - 19%. 4. 20% - 29%. 5. 30% - 39%. 6. > 39%.,S003,Q003,Electricity Gas Water And Waste Services | Manufacturing | Mining,"[Page 21] Reclaiming waste   as a secondary raw material   or energy source The world leader in the collection and treat- ment of solid waste (revenue of €15.6 billion in  2024), Veolia’s objectives are to reintroduce  waste into the industrial production cycle and  to improve recycling and material recovery rates. | [Page 7] Non-hazardous waste Collection; sorting and recycling;  incineration; landfi ll. | [Page 13] 34.6%  NON-ELIGIBLE 38.4%  NON-ELIGIBLE 44.9%  ELIGIBLE AND  ALIGNED 44%  ELIGIBLE AND  ALIGNED 20.5%  ELIGIBLE AND  NON-ALIGNED 17.6%  ELIGIBLE AND  NON-ALIGNED REVENUE CAPEX The list of eligible activities defined by the  European Union is likely to expand and will  hopefully include other Veolia activities, such  as pre-discharge treatment of industrial waste- water, some types of hazardous waste landfill,  and energy recovery from non-recyclable  refuse-derived fuel (RDF). | [Page 15] Pollution generated by our own activities   (air, water, soil, hazardous waste, etc.) Increase and   improvement of   hazardous waste   (HW) treatment E2-ES-3 | [Page 21] This can be  injected directly into the distribution network,  used to generate electricity, or become fuel  for vehicles;  ̎ Veolia is also working on the transformation of  residual non-recyclable waste into refuse-­ derived fuel (RDF) to power furnaces and other  combustion or energy production processes  for local authorities and manufacturers.",https://www.veolia.com/sites/g/files/dvc4206/files/document/2025/04/veolia-2024-esg-report.pdf,13 | 15 | 21 | 7,PDF,2025.0,2025-06-05T01:16:03.520610
Veolia Australia and New Zealand (veolia),AU,Goal 17. Strengthen the means of implementation and revitalize the Global Partnership for Sustainable Development,Does your organization have an active IFRS certification in sustainability?,1. I don't know. 2. No. 3. 1-3  year active certification. 4. 4-6 year active certification. 5. 7-9 year active certification. 6. 10+ year active certification.,S004,Q005,Electricity Gas Water And Waste Services | Manufacturing | Mining,"[Page 3] (3) Corporate Sustainability Assessment. | [Page 2] The objective is to deliver  transparent information with  which to measure the materiality  of sustainability issues and their  impact on our performance,  to share it with our stakeholders   – in particular, investors and  analysts – and to identify areas  for improvement in regard  to these issues.",https://www.veolia.com/sites/g/files/dvc4206/files/document/2025/04/veolia-2024-esg-report.pdf,2 | 3,PDF,2025.0,2025-06-05T01:16:03.520610
Veolia Australia and New Zealand (veolia),AU,Goal 17. Strengthen the means of implementation and revitalize the Global Partnership for Sustainable Development,Is your organisation certified with UN Compact?,"1. I don't know. 2. No. 3. No, but it is in planning for this year. 4. No, but certification is in progress. 5. Yes, certified, active this year. 6. Yes, certified , active this year, and have renewed certification once or more times",S004,Q004,Electricity Gas Water And Waste Services | Manufacturing | Mining,"[Page 22] Every year, Group entities are  certified, awarded labels, or otherwise  rewarded for their progress in terms of pre- vention, health, and safety. | [Page 17] Commitment to  the UN’s(2) 2030 | [Page 17] (2) United Nations.",https://www.veolia.com/sites/g/files/dvc4206/files/document/2025/04/veolia-2024-esg-report.pdf,17 | 22,PDF,2025.0,2025-06-05T01:16:03.520610
Veolia Australia and New Zealand (veolia),AU,Goal 5. Achieve gender equality and empower all women and girls,"In your organization, what is the percentage of women in managerial positions?",1. I don't know. 2. < 10%. 3. 10% - 19%. 4. 20% - 29%. 5. 30% - 39%. 6. > 39%.,S001,Q001,Electricity Gas Water And Waste Services | Manufacturing | Mining,"[Page 23] Female representation rate Female representation rate   – management Female representation rate  in external recruitment   for permanent management  employees Female representation  rate – senior executives  (Executive Resourcers) DIVERSITY WITHIN THE GROUP  CHANGES IN THE GROUP’S FEMALE REPRESENTATION RATE   33.0% 35.0% 36.6% 35.5% 2021 2022 2023 2024   29.0% 30.0% 31.0% 2021 2022 2023 2024 31.3%   21.7% 22.3% 22.4% 2021 2022 2023 22.8% 2024   22.2% 25.2% 26.7% 2021 2022 2023 2024 30.7% (1) The sixth edition of The Voice of Resourcers survey took place from November 5 to 26, 2024. | [Page 23] The Group continues to implement action  plans to promote diversity and gender equal- ity (recruiting and retaining, reducing salary  gaps, furthering and supporting women’s  careers, and fighting against sexism and  sexual harassment):  ̎ in 2024, the proportion of women on the  Management Committee was 32.4%, surpass- ing the 2027 target of 30%. | [Page 9] FEMALE REPRESENTATION RATE NON-FRENCH DIRECTORS 54.5% (1) 5 (1) Excluding the two directors representing employees and the director representing employee shareholders pursuant   to Articles L. | [Page 12] Estelle Brachlianoff Employee  engagement Employee  engagement rate  (Voice of Resourcers  survey) 89% 88% ≥85% Laurent Obadia Diversity and  inclusiveness Proportion of women  in the Group  Management  Committee 25.6% 32.4% ≥30% Helman  le Pas de Sécheval Social   performance Support   responsible   regional  development Ethics and integrity Positive answers  to the ethics and  compliance question  in the “Voice of  Resourcers” survey 88% 86% ≥83% Eric Haza Support for local  communities Residents benefiting  from inclusive  solutions to access  essential services  (all activities) 7.8 | [Page 6] Today,  68% of employees are familiar with the  Group’s purpose, up 11 points compared with  2022, and over 90% believe they contribute to  it on a daily basis (Voice of Resourcers 2024  internal survey).",https://www.veolia.com/sites/g/files/dvc4206/files/document/2025/04/veolia-2024-esg-report.pdf,12 | 6 | 23 | 9,PDF,2025.0,2025-06-05T01:16:03.520610
Veolia Australia and New Zealand (veolia),AU,"Goal 7. Ensure access to affordable, reliable, sustainable and modern energy for all","In your organization, what percentage of annual energy usage is derived from renewable energy (clean fuels and technology)?",1. I don't know. 2. < 10%. 3. 10% - 19%. 4. 20% - 29%. 5. 30% - 39%. 6. > 39%.,S002,Q002,Electricity Gas Water And Waste Services | Manufacturing | Mining,"[Page 12] (2) % reduction compared to the 2021 baseline restated according to the new allocation method for GHG emissions in scopes 1, 2 and 3. | [Page 17] Emissions eliminated (scope 4) on behalf of  the Group’s customers are effectively the  result of solutions rolled out across its energy  businesses (energy efficiency, biogas produc- tion, energy recovery from waste in countries  with a high-carbon energy mix) and waste  recycling operations. | [Page 17] Net Zero 90% reduction   in GHG  emissions and  ­neutralization   of the residual  emissions –50% fewer scopes 1 and 2  emissions by 2032  (compared with 2021*) +50% on scope 4 by 2030  (compared with 2023) Net Zero In 2050 for scopes 1, 2 and 3,  in line with the Paris  Agreement 1.5 °C target  (approved by SBTi (1)) * The 2021 pro forma emissions presented here are the sum of Veolia’s emissions published in 2021 in addition to 2021 emissions from the Suez businesses acquired and still held on the  date this document was published. | [Page 16] The GreenUp strategy will propel the Group  toward its short-term emissions reduction  target (–50% by 2032) validated by  the Science-based target initiative.” Sébastien Daziano Senior Executive Vice President, Strategy and Innovation Aligning our greenhouse gas emissions  trajectory with the 1.5 °C target Veolia has set out its Net Zero 2050 trajectory  compatible with limiting global warming to  +1.5 °C. | [Page 16] coal  exit) – Energy  efficiency FURTHER  DEPLOYMENT – Alternatives   to natural gas  (Renewable  Energy) – Cogeneration – Improvement of  the electricity mix WASTE – Methane  capture – Vehicles – Plastic removal – CO2 capture  and valorization  (pilots) WATER Electricity mix INNOVATIONS – CO2 capture   and valorization – Other innovations  (plastic removal…) 2050 | [Page 4] Dividend to grow in line with EPS Strategic program (1) Scope 4, erased emissions, is a specific notion Veolia uses to recognize third-party GHG emission reductions made possible by its decarbonizing  solutions.",https://www.veolia.com/sites/g/files/dvc4206/files/document/2025/04/veolia-2024-esg-report.pdf,12 | 17 | 16 | 4,PDF,2025.0,2025-06-05T01:16:03.520610
Visy Industries (Visy),AU,Goal 12. Ensure sustainable consumption and production patterns,"In your organization, what is the recycling rate (measured by sum of recyclables + organics divided by total garbage, as the percentage of of all waste that is recycled? ",1. I don't know. 2. < 10%. 3. 10% - 19%. 4. 20% - 29%. 5. 30% - 39%. 6. > 39%.,S003,Q003,Manufacturing,"MARCH 2022 Page 6 Progress against APCO target 3: 50% of average recycled  content included in packaging Visy is investing and innovating in new techniques,  recycling infrastructure and manufacturing capability to  increase the recycled content of packaging across glass,  beverage can, food can, plastics, paper and cardboard. | MARCH 2022 Page 5 Progress against APCO target 2: 70% of plastic packaging being recycled or composted To support and increase the proportion of plastic packaging that is recycled, Visy works across all parts of the plastic packaging value chain. | [Page 6] We are committed to increasing the  recycled content in our glass bottles  and jars to an average of 70 per cent3 3 Visy calculates average recycled content in our glass containers based upon our plants’ consumption of cullet, being both external glass and internal glass (for example, rejects, losses, obsolete or defective stock from our  manufacturing process). | MARCH 2022 Page 4 Progress against APCO target 1:	  100% reusable, recyclable or compostable packaging Our unique, closed loop re-manufacturing processes link recycling and manufacturing.",https://www.visy.com/sites/default/files/2023-07/helping-you-achieve-your-sustainability-targets-17032022.pdf?,2 | 6 | 5 | 4,PDF,2023.0,2025-04-23T05:02:19.312525
Visy Industries (Visy),AU,Goal 17. Strengthen the means of implementation and revitalize the Global Partnership for Sustainable Development,Does your organization have an active IFRS certification in sustainability?,1. I don't know. 2. No. 3. 1-3  year active certification. 4. 4-6 year active certification. 5. 7-9 year active certification. 6. 10+ year active certification.,S004,Q005,Manufacturing,,,,,,
Visy Industries (Visy),AU,Goal 17. Strengthen the means of implementation and revitalize the Global Partnership for Sustainable Development,Is your organisation certified with UN Compact?,"1. I don't know. 2. No. 3. No, but it is in planning for this year. 4. No, but certification is in progress. 5. Yes, certified, active this year. 6. Yes, certified , active this year, and have renewed certification once or more times",S004,Q004,Manufacturing,Visy Australia joined un compact on 27-Aug-14,https://unglobalcompact.org/what-is-gc/participants/41381-Visy,,,,
Visy Industries (Visy),AU,Goal 5. Achieve gender equality and empower all women and girls,"In your organization, what is the percentage of women in managerial positions?",1. I don't know. 2. < 10%. 3. 10% - 19%. 4. 20% - 29%. 5. 30% - 39%. 6. > 39%.,S001,Q001,Manufacturing,,,,,,
Visy Industries (Visy),AU,"Goal 7. Ensure access to affordable, reliable, sustainable and modern energy for all","In your organization, what percentage of annual energy usage is derived from renewable energy (clean fuels and technology)?",1. I don't know. 2. < 10%. 3. 10% - 19%. 4. 20% - 29%. 5. 30% - 39%. 6. > 39%.,S002,Q002,Manufacturing,"MARCH 2022 Page 2 Helping you achieve  your sustainability targets Leading recycling and resource recovery Visy is a leader in recycling, via our integrated closed  loop resource and recovery systems. | MARCH 2022 Page 4 Progress against APCO target 1:	  100% reusable, recyclable or compostable packaging Our unique, closed loop re-manufacturing processes link recycling and manufacturing. | [Page 4] Kerbside recyclable supporting the  circular economy    Can be made from at least 60%  recycled content   Uses sustainably sourced fibre  (FSC certified/recycled)   Made using recycled paper predominantly  sourced from kerbside collections enabling  the full closed loop   Locally manufactured board using locally  made paper reducing transport greenhouse  gas emissions when compared to imported  products   Saves 3.3 tonnes of greenhouse gas  emissions for every tonne of fibre  packaging diverted from landfill2   Helps achieve APCO targets 2 When compared to non-recyclable wet strength paper sent  to landfill. | MARCH 2022 Page 5 Progress against APCO target 2: 70% of plastic packaging being recycled or composted To support and increase the proportion of plastic packaging that is recycled, Visy works across all parts of the plastic packaging value chain.",https://www.visy.com/sites/default/files/2023-07/helping-you-achieve-your-sustainability-targets-17032022.pdf?,2 | 7 | 4 | 5 | 9,PDF,2023.0,2025-04-23T05:02:19.312525
Western Treatment Plant (Melbourne Water),AU,Goal 12. Ensure sustainable consumption and production patterns,"In your organization, what is the recycling rate (measured by sum of recyclables + organics divided by total garbage, as the percentage of of all waste that is recycled? ",1. I don't know. 2. < 10%. 3. 10% - 19%. 4. 20% - 29%. 5. 30% - 39%. 6. > 39%.,S003,Q003,Electricity Gas Water And Waste Services,"[Page 197] Recycling rate  49.5 38.00 | [Page 177] •	 tonnes of recycled content specified in clauses  in contracts or where not specified in tonnes,  percentage of recycled content required; •	 measurement of recycled asphalt products  used in asphalt surface •	 measurement of the repurposing of  construction waste. | [Page 197] Table 35: Total units of metered water consumed by water source and normalised by FTE Table 36: Waste and recycling data Indicator 2023-24 % 2022-23 % Total units of waste disposed (kg and %)   24,216.3 100 39,148.0 100",https://www.melbournewater.com.au/media/25756/download,177 | 197,PDF,nan,2025-04-23T05:07:25.850326
Western Treatment Plant (Melbourne Water),AU,Goal 17. Strengthen the means of implementation and revitalize the Global Partnership for Sustainable Development,Does your organization have an active IFRS certification in sustainability?,1. I don't know. 2. No. 3. 1-3  year active certification. 4. 4-6 year active certification. 5. 7-9 year active certification. 6. 10+ year active certification.,S004,Q005,Electricity Gas Water And Waste Services,"[Page 15] We will  continue to work towards broader sustainability disclosures as new  guidance in this area is developed. | [Page 96] In the  interim, broader climate and sustainability reporting considerations  have been informed by the draft ISSB climate reporting standards,  and the structure of the operating sections of the annual report by  the recommendations of the Task Force on Climate Related Financial  Disclosures (TCFD). | [Page 15] Our commitment  to sustainability We are working toward expanded disclosures that align with  emerging best practice. | [Page 40] In 2023, Melbourne  Water undertook a readiness review comparing our past climate  risk disclosures and internal systems to the draft International  Sustainability Standards Board (ISSB) climate reporting standards. | [Page 142] Other Disclosures | [Page 3] Our commitment to sustainability 13",https://www.melbournewater.com.au/media/25756/download,3 | 40 | 142 | 15 | 96,PDF,nan,2025-04-23T05:07:25.850326
Western Treatment Plant (Melbourne Water),AU,Goal 17. Strengthen the means of implementation and revitalize the Global Partnership for Sustainable Development,Is your organisation certified with UN Compact?,"1. I don't know. 2. No. 3. No, but it is in planning for this year. 4. No, but certification is in progress. 5. Yes, certified, active this year. 6. Yes, certified , active this year, and have renewed certification once or more times",S004,Q004,Electricity Gas Water And Waste Services,Melbourne Water Australia joined un compact on 3-Jun-16,https://unglobalcompact.org/what-is-gc/participants/86471-Melbourne-Water,,,,
Western Treatment Plant (Melbourne Water),AU,Goal 5. Achieve gender equality and empower all women and girls,"In your organization, what is the percentage of women in managerial positions?",1. I don't know. 2. < 10%. 3. 10% - 19%. 4. 20% - 29%. 5. 30% - 39%. 6. > 39%.,S001,Q001,Electricity Gas Water And Waste Services,"[Page 67] •	 Females now represent 41.5 per cent of our Senior Leadership  Group roles. | [Page 65] FTE in 2022-23 •	 had females comprise 40.9 per cent of our workforce,  compared to 41.7 per cent in 2022-23  •	 had 58.2 per cent of employees covered by the Enterprise  Agreement •	 filled 22.2 per cent of our vacant roles with internal  candidates, consistent with our focus on career  development. | [Page 67] Diversity and inclusion snapshot •	 Women now represent 40.9 per cent of Melbourne Water’s  workforce, an increase of 5.4 per cent over the previous five  years. | [Page 68] We reported that females represented the  majority of staff who accessed paid Parental Leave within  the 2023-24 progress reporting period (51.4 per cent).",https://www.melbournewater.com.au/media/25756/download,67 | 145 | 68 | 65 | 165,PDF,nan,2025-04-23T05:07:25.850326
Western Treatment Plant (Melbourne Water),AU,"Goal 7. Ensure access to affordable, reliable, sustainable and modern energy for all","In your organization, what percentage of annual energy usage is derived from renewable energy (clean fuels and technology)?",1. I don't know. 2. < 10%. 3. 10% - 19%. 4. 20% - 29%. 5. 30% - 39%. 6. > 39%.,S002,Q002,Electricity Gas Water And Waste Services,"[Page 50] Renewable  electricity  consumption (% of  total consumption) 2023-24 | [Page 50] Total renewable  electricity consumption 15.8% 54,071 59,814 | [Page 46] 2	 Source 100 per cent of our consumed electricity from  renewable sources by 2025. | [Page 194] Total  on-site renewable  electricity  generated (MW) Consumed on-site 2023-24 | [Page 193] Total  on-site renewable  electricity  generated (MW) 2023-24 | [Page 39] Reduce our annual reportable scope 1 and 2 emissions  (as calculated under National Greenhouse and Energy  Reporting Scheme (NGERS) to 204,380 tonnes CO2-e  a year by 2024-25 (which represents a 50 per cent  reduction from our 408,760 tonnes CO2-e baseline,  which was calculated from our average annual emissions  between 2011 and 2016).",https://www.melbournewater.com.au/media/25756/download,50 | 39 | 194 | 193 | 46,PDF,nan,2025-04-23T05:07:25.850326
Yarra Valley Water(yvw),AU,Goal 12. Ensure sustainable consumption and production patterns,"In your organization, what is the recycling rate (measured by sum of recyclables + organics divided by total garbage, as the percentage of of all waste that is recycled? ",1. I don't know. 2. < 10%. 3. 10% - 19%. 4. 20% - 29%. 5. 30% - 39%. 6. > 39%.,S003,Q003,Electricity Gas Water And Waste Services,[Page 105] Recycling rate [(recycled + composted)/total waste] 38% 44% 17%   WR-2 | [Page 105] Recycled materials in the office ( % of total) 27% 26% 15% 1 & 3 | [Page 105] Waste to landfill in office (main office in Mitcham) (%) 62% 56% 83%   WR-1 | [Page 105] Waste to landfill from treatment plants (offices and  treatment processes) (tonnes) 215 160 182     % of biosolids reused 0% 0% 0%     % of biosolids sent to Eastern and Western  Treatment Plants 100% 100% 100% 2 | [Page 105] E-waste2 [kg]; % of sites with collection 100% 615kg; 100% 100%   WR-2 | [Page 105] Food organics recycled in the office (%) 11% 18% 2%   WR-1,https://media-2.yvw.com.au/inline-files/Yarra%20Valley%20Water%20Annual%20Report%202023-24.pdf,105,PDF,2020.0,2025-04-29T00:11:54.401585
Yarra Valley Water(yvw),AU,Goal 17. Strengthen the means of implementation and revitalize the Global Partnership for Sustainable Development,Does your organization have an active IFRS certification in sustainability?,1. I don't know. 2. No. 3. 1-3  year active certification. 4. 4-6 year active certification. 5. 7-9 year active certification. 6. 10+ year active certification.,S004,Q005,Electricity Gas Water And Waste Services,,,,,,
Yarra Valley Water(yvw),AU,Goal 17. Strengthen the means of implementation and revitalize the Global Partnership for Sustainable Development,Is your organisation certified with UN Compact?,"1. I don't know. 2. No. 3. No, but it is in planning for this year. 4. No, but certification is in progress. 5. Yes, certified, active this year. 6. Yes, certified , active this year, and have renewed certification once or more times",S004,Q004,Electricity Gas Water And Waste Services,Yarra Valley Water Australia joined un compact on 7-May-15,https://unglobalcompact.org/what-is-gc/participants/57451-Yarra-Valley-Water,128 | 183,PDF,2020.0,2025-04-29T00:11:54.401585
Yarra Valley Water(yvw),AU,Goal 5. Achieve gender equality and empower all women and girls,"In your organization, what is the percentage of women in managerial positions?",1. I don't know. 2. < 10%. 3. 10% - 19%. 4. 20% - 29%. 5. 30% - 39%. 6. > 39%.,S001,Q001,Electricity Gas Water And Waste Services,"[Page 60] The proportion of women in senior leadership  positions include:  •	 Directors – 67.3% female •	 Executive leadership team – 67.3% female •	 People leadership – 48.2% female •	 Overall workforce – 53.3% female. | [Page 35] 35 2023-24 Highlights 48% of leadership positions are held  by women. | [Page 35] We believe this approach has been  a significant factor in our ability to achieve 48% of  leadership positions being held by women. | [Page 35] Senior executives completed the Gender Intelligence  Pilot Program in 2023, which focused on gender equity  and incorporated an intersectional view with materials  focused on the experiences of First Peoples and  LGBTIQ+ communities.",https://media-2.yvw.com.au/inline-files/Yarra%20Valley%20Water%20Annual%20Report%202023-24.pdf,35 | 60 | 183,PDF,2020.0,2025-04-29T00:11:54.401585
Yarra Valley Water(yvw),AU,"Goal 7. Ensure access to affordable, reliable, sustainable and modern energy for all","In your organization, what percentage of annual energy usage is derived from renewable energy (clean fuels and technology)?",1. I don't know. 2. < 10%. 3. 10% - 19%. 4. 20% - 29%. 5. 30% - 39%. 6. > 39%.,S002,Q002,Electricity Gas Water And Waste Services,"[Page 94] To date we have reduced our scope  2 emissions by consuming 85% renewable electricity. | [Page 101] 74% of our total energy use (88,637,522 MJ) is from renewable  sources with the balance from non-renewable sources. | [Page 101] While  85% of our electricity consumed is from renewable sources,  electricity is only 85% of total energy consumed. | [Page 98] Renewable energy This year, 85% of our electricity requirement was  supplied from renewable sources. | [Page 93] This year we used 85% renewable electricity,  and we continue to look for additional ways to be more  efficient, reduce consumption where possible and  source an increasing amount of electricity from  renewable generators.",https://media-2.yvw.com.au/inline-files/Yarra%20Valley%20Water%20Annual%20Report%202023-24.pdf,93 | 95 | 98 | 101 | 94,PDF,2020.0,2025-04-29T00:11:54.401585
