Organization,Country,SDG Goal,SDG Question,Answer Options,SDG Goal ID,SDG Ques ID,Industry,Filtered Content,URL,Page number,Document Type,Publication Date,Last updated Date
ABC (abc-cdn),AU,Goal 17. Strengthen the means of implementation and revitalize the Global Partnership for Sustainable Development,Does your organization have an active IFRS certification in sustainability?,1. I don't know. 2. No. 3. 1-3  year active certification. 4. 4-6 year active certification. 5. 7-9 year active certification. 6. 10+ year active certification.,S004,Q005,Information Media And Telecommunications,"[Page 4] Foreword  from the Chair 1	 ABC Corporate Tracking Program, 2023–2024 Annual Performance Statements.",https://live-production.wcms.abc-cdn.net.au/b4ee2afa69a0f6e1a000c42aeb27ed01,4,PDF,2024,2025-04-23T05:30:15.236265
ABC (abc-cdn),AU,Goal 17. Strengthen the means of implementation and revitalize the Global Partnership for Sustainable Development,Is your organisation certified with UN Compact?,"1. I don't know. 2. No. 3. No, but it is in planning for this year. 4. No, but certification is in progress. 5. Yes, certified, active this year. 6. Yes, certified , active this year, and have renewed certification once or more times",S004,Q004,Information Media And Telecommunications,"[Page 7] He previously held board and advisory  positions with Dealt Limited, 360 Capital  ANI Management, Capitol Health Limited,  International Grammar School Sydney, TXA  Australia Pty Ltd, Norwest Productions Pty Ltd,  Australian News Channel Pty Ltd, B Digital Ltd,  Vividwireless Pty Ltd, and Yahoo 7 Australia.",https://live-production.wcms.abc-cdn.net.au/b4ee2afa69a0f6e1a000c42aeb27ed01,7,PDF,2024,2025-04-23T05:30:15.236265
AGL Energy (agl),AU,Goal 17. Strengthen the means of implementation and revitalize the Global Partnership for Sustainable Development,Does your organization have an active IFRS certification in sustainability?,1. I don't know. 2. No. 3. 1-3  year active certification. 4. 4-6 year active certification. 5. 7-9 year active certification. 6. 10+ year active certification.,S004,Q005,Electricity Gas Water And Waste Services,"[Page 61] • Oversight of AGL's social licence, sustainability and climate policies and monitoring AGL's relationships with external stakeholders. | [Page 15] • A dedicated Board Committee oversees safety and sustainability. | [Page 61] The SSC considers climate-related issues from a sustainability perspective, including considerations  for AGL stakeholders. More information about the role of the Board and its committees can be found on the AGL website, in the Governance  Summary in this report, and in the 2024 Corporate Governance Statement. | [Page 61] We are closely monitoring evolving regulatory obligations and investor expectations regarding climate-related reporting and have considered  the evolving draft Australian Sustainability Reporting Standards (ASRS) to inform and enhance our disclosure practices this year. | [Page 112] AGL  management uses these non-IFRS financial measures to assess the  performance of the business and make decisions on the allocation  of resources. | [Page 95] AGL management uses these non-IFRS financial measures to assess the performance of the business and make decisions on the allocation of resources. | [Page 64] N/A AGL will regularly assess Board skills in categories that  cover the core competencies necessary to lead the energy  transition (for example:  environmental; energy markets; and  entrepreneurship, commercial leadership and growth) and  disclose the outcomes of these skills assessments annually. | [Page 182] The consolidated financial statements also comply with International Financial Reporting Standards (IFRS) as issued by the International  Accounting Standards Board.",https://www.agl.com.au/content/dam/digital/agl/documents/about-agl/investors/2023/230810-agl-energy-limited-annual-report-2023-4-4-asx.pdf | https://www.agl.com.au/content/dam/digital/agl/documents/about-agl/investors/2024/240814-2024--annual-report.pdf,64 | 61 | 95 | 15 | 182 | 112,PDF,2023,2025-04-23T05:08:03.646908
AGL Energy (agl),AU,Goal 17. Strengthen the means of implementation and revitalize the Global Partnership for Sustainable Development,Is your organisation certified with UN Compact?,"1. I don't know. 2. No. 3. No, but it is in planning for this year. 4. No, but certification is in progress. 5. Yes, certified, active this year. 6. Yes, certified , active this year, and have renewed certification once or more times",S004,Q004,Electricity Gas Water And Waste Services,"[Page 79] The sub-metrics have been refined to enhance alignment with the commitments in the CTAP, whilst continuing to ensure a balanced assessment. | AGL Energy Limited Australia joined un compact on 19-Oct-16",https://www.agl.com.au/content/dam/digital/agl/documents/about-agl/investors/2023/230810-agl-energy-limited-annual-report-2023-4-4-asx.pdf | https://unglobalcompact.org/what-is-gc/participants/96751-AGL-Energy-Limited,79,PDF,2023,2025-04-23T05:08:03.646908
Aboriginal Medical Service Cooperative Limited (AMSRedfern),AU,Goal 17. Strengthen the means of implementation and revitalize the Global Partnership for Sustainable Development,Does your organization have an active IFRS certification in sustainability?,1. I don't know. 2. No. 3. 1-3  year active certification. 4. 4-6 year active certification. 5. 7-9 year active certification. 6. 10+ year active certification.,S004,Q005,Health Care And Social Assistance,"[Page 18] AMS Redfern currently supports  staff enrolled in the following courses:  1x Diploma of Practice Management  1x Certificate IV Leadership and Management 6x Certificate IV Aboriginal and Torres Strait Islander Primary Health Care  1x Certificate III Dental Assisting Fire safety, First Aid & CPR training was delivered to all staff at AMS this year, along with regular  in-service education sessions from external partners and providers.",https://amsredfern.org.au/wp-content/uploads/2023/11/AMS-Redfern-Annual-Report-2022-23-v7-DIGITAL.pdf,18,PDF,2023,2025-04-16T22:25:57.437008
Aboriginal Medical Service Cooperative Limited (AMSRedfern),AU,Goal 17. Strengthen the means of implementation and revitalize the Global Partnership for Sustainable Development,Is your organisation certified with UN Compact?,"1. I don't know. 2. No. 3. No, but it is in planning for this year. 4. No, but certification is in progress. 5. Yes, certified, active this year. 6. Yes, certified , active this year, and have renewed certification once or more times",S004,Q004,Health Care And Social Assistance,"[Page 15] the financial report of Aboriginal Medical Service Co-Operative Limited has been prepared in accordance with  Division 60 of the Australian Charities and Not-for-profits Commission Act 2012 (“ACNC Act”), including: a.",https://amsredfern.org.au/wp-content/uploads/2023/11/AMS-Redfern-Annual-Report-2022-23-v7-DIGITAL.pdf,15,PDF,2023,2025-04-16T22:25:57.437008
ActewAGL (iconwater),AU,Goal 17. Strengthen the means of implementation and revitalize the Global Partnership for Sustainable Development,Does your organization have an active IFRS certification in sustainability?,1. I don't know. 2. No. 3. 1-3  year active certification. 4. 4-6 year active certification. 5. 7-9 year active certification. 6. 10+ year active certification.,S004,Q005,Electricity Gas Water And Waste Services,"[Page 73] This is articulated through our  Sustainability and Environment  Policy which is underpinned  by our certified Environmental  Management System. | [Page 73] We incorporated ecologically  sustainable development in  decision-making, as required under  the Territory-owned Corporations Act  1990 (ACT), through completion of  21 sustainability assessments which  consider environmental and social  impacts and opportunities in capital  infrastructure project planning. | [Page 190] Environmental regulations  Icon Retail has various environmental reporting requirements and obligations in each state and territory that  it holds a licence. | [Page 51] Commissioner for  Sustainability and the  Environment We sought input and feedback from  the Commissioner for Sustainability  and the Environment during the  development of our second version  of the Climate Change Adaptation  Plan – securing resilience. | [Page 73] ENVIRONMENTAL MANAGEMENT We are committed  to protecting the  environment and  improving sustainability  for our business and our  community. | [Page 33] Certification to this standard  ensures we provide safe and healthy  workplaces while proactively  improving our performance in line  with industry best practice. | [Page 161] Environmental regulations  Icon Distribution has various environmental reporting requirements and obligations in each state and territory  that it holds a licence. | [Page 73] We aligned with our general  environmental duty under ACT,  NSW and Commonwealth  environmental legislation through  completion of seven Development  Application approvals, four National  Capital Authority Works’ approvals,  four Environmental Significance  Opinions, two Nature Conservation  Licences, two Letter of Design  Reviews, and one Environmental  Protection and Biodiversity  Conservation Act Self-Referral for  our activities.",https://www.iconwater.com.au/sites/default/files/2023-10/Icon%20Water%20Annual%20Report%202022-23.pdf,33 | 73 | 190 | 161 | 51,PDF,2023,2025-04-23T05:07:22.967650
ActewAGL (iconwater),AU,Goal 17. Strengthen the means of implementation and revitalize the Global Partnership for Sustainable Development,Is your organisation certified with UN Compact?,"1. I don't know. 2. No. 3. No, but it is in planning for this year. 4. No, but certification is in progress. 5. Yes, certified, active this year. 6. Yes, certified , active this year, and have renewed certification once or more times",S004,Q004,Electricity Gas Water And Waste Services,[Page 7] ORGANISATION 5 Organisation | [Page 33] Certification to this standard  ensures we provide safe and healthy  workplaces while proactively  improving our performance in line  with industry best practice.,https://www.iconwater.com.au/sites/default/files/2023-10/Icon%20Water%20Annual%20Report%202022-23.pdf,7 | 33,PDF,2023,2025-04-23T05:07:22.967650
Anglo American Australia (angloamerican),AU,Goal 17. Strengthen the means of implementation and revitalize the Global Partnership for Sustainable Development,Does your organization have an active IFRS certification in sustainability?,1. I don't know. 2. No. 3. 1-3  year active certification. 4. 4-6 year active certification. 5. 7-9 year active certification. 6. 10+ year active certification.,S004,Q005,Mining,"[Page 65] (3)   IFRS COP28 Declaration of Support, 2023: www.ifrs.org/ifrs-sustainability-disclosure-standards-around-the-world/cop28-declaration-of-support/ | [Page 36] All managed operations (100%) have been  certified against the ISO 14001:2015  environmental management standard. | [Page 65] In 2023, the ISSB published the first of its two sustainability  standards, IFRS S1 General Requirements for Disclosure  of Sustainability-related Financial Information and IFRS S2  Climate-related Disclosures. | [Page 96] To demonstrate the high  standards to which we operate, we have been at the forefront of developing and adopting some  of the most trusted sustainability certification programmes for the mining sector, including the  Initiative for Responsible Mining Assurance (IRMA) and the Responsible Jewellery Council (RJC). | [Page 119] To demonstrate the high standards to  which we operate, we have been at the forefront  of developing and adopting some of the most  trusted sustainability certification programmes  for the mining sector, including the Initiative for  Responsible Mining Assurance (IRMA) and the  Responsible Jewellery Council (RJC). | [Page 65] We note that in 2024, the oversight of company climate-related  financial reporting transferred from the Financial Stability  Board (FSB) to the International Financial Reporting Standards  (IFRS) Foundation, and the International Sustainability  Standards Board (ISSB). | [Page 56] They are  responsible for making recommendations to relevant  committees in relation to sustainability performance,  including remuneration metrics. | [Page 81] We also  use the EcoVadis rating methodology, which  measures the quality of a company's  sustainability management system.",https://www.angloamerican.com/~/media/Files/A/Anglo-American-Group-v9/PLC/investors/annual-reporting/2025/sustainability-report-plc-2024.pdf | https://www.angloamerican.com/~/media/Files/A/Anglo-American-Group-v9/PLC/investors/annual-reporting/2023/anglo-american-sustainability-report-2023-and-assurance-report.pdf | https://www.angloamerican.com/~/media/Files/A/Anglo-American-Group-v5/PLC/investors/annual-reporting/2023/sustainability-report-2023.pdf,36 | 119 | 56 | 96 | 81 | 65,PDF,2025,2025-04-23T04:58:43.018723
Anglo American Australia (angloamerican),AU,Goal 17. Strengthen the means of implementation and revitalize the Global Partnership for Sustainable Development,Is your organisation certified with UN Compact?,"1. I don't know. 2. No. 3. No, but it is in planning for this year. 4. No, but certification is in progress. 5. Yes, certified, active this year. 6. Yes, certified , active this year, and have renewed certification once or more times",S004,Q004,Mining,"[Page 108] Our approach to complying with the UN Global Compact  Principles is integrated throughout this report. | [Page 134] Our approach to complying with the UN Global Compact  Principles is integrated throughout this report. | [Page 134] United Nations Global Compact The UN Global Compact (UNGC) is a principles-based  approach to sustainability, derived from UN declarations. | [Page 108] United Nations Global Compact The UN Global Compact (UNGC) is a principles-based  approach to sustainability, derived from UN declarations. | [Page 9] We remain committed to the principles of the UN  Global Compact and the Guiding Principles on Business and  Human Rights. | [Page 105] To this end, we continue our collaboration with  external stakeholders such as the Minerals  Council South Africa and the UN  Global Compact. | [Page 103] To this end, we continue our collaboration with  external stakeholders such as the Minerals  Council South Africa and UN Global Compact. | [Page 107] Compliance Our policies and management systems align with the South  African constitution, UN Global Compact, UN Guiding  Principles on Business and Human Rights, VPSHRs, and IFC  performance standards. | Anglo American Metallurgical Coal Pty Ltd (Anglo American Australia) Australia joined un compact on 27-May-21",https://www.angloamerican.com/~/media/Files/A/Anglo-American-Group-v9/PLC/investors/annual-reporting/2025/sustainability-report-plc-2024.pdf | https://www.angloamerican.com/~/media/Files/A/Anglo-American-Group-v9/PLC/investors/annual-reporting/2023/anglo-american-sustainability-report-2023-and-assurance-report.pdf | https://www.angloamerican.com/~/media/Files/A/Anglo-American-Group-v5/PLC/investors/annual-reporting/2023/sustainability-report-2023.pdf | https://unglobalcompact.org/what-is-gc/participants/146021-Anglo-American-Metallurgical-Coal-Pty-Ltd,107 | 108 | 134 | 105 | 9 | 103,PDF,2023,2025-04-23T04:58:24.150189
Australian Health Practitioner Regulation Agency (AHPRA),AU,Goal 17. Strengthen the means of implementation and revitalize the Global Partnership for Sustainable Development,Does your organization have an active IFRS certification in sustainability?,1. I don't know. 2. No. 3. 1-3  year active certification. 4. 4-6 year active certification. 5. 7-9 year active certification. 6. 10+ year active certification.,S004,Q005,Health Care And Social Assistance,"[Page 78] How monitoring works Compliance 78 Ahpra and the National Boards annual report 2023/24 | [Page 76] We then monitor the practitioner’s compliance by  Compliance 76 Ahpra and the National Boards annual report 2023/24 | [Page 49] Cultural safety in  accreditation ABSTARR Consulting completed the development  of Aboriginal and Torres Strait Islander cultural  safety training specifically for accreditation  assessors within the National Scheme. | [Page 47] The accreditation authority for each profession can be an external council or a committee of the  National Board. | [Page 101] Corporate compliance  management Ahpra’s approach to compliance management is based  on AS ISO 37301:2023 Compliance management systems  – Requirements with guidance for use. | [Page 49] 49 Ahpra and the National Boards annual report 2023/24 Funding Nine National Boards exercise accreditation functions  through external councils. | [Page 101] 101 Ahpra and the National Boards annual report 2023/24 Corporate risk, compliance and assurance Risk management Risk exposure is managed in accordance with the  Australian and New Zealand Standard (AS/NZS ISO  31000:2018). | [Page 49] Assessors will be able to use and  interpret the accreditation standards applying to  cultural safety to accredit and monitor programs  of study for the regulated health professions;  guide and compel education providers, and their  educators and supervisors, to provide culturally  safe training; and ultimately help students  and supervisors to contribute to culturally  safe patient care.",https://www.ahpra.gov.au/documents/default.aspx?record=WD24/34233&dbid=AP&chksum=xoPTWRKlV3mpl0kF4EtGBw%3d%3d,101 | 47 | 76 | 78 | 49,PDF,nan,2025-04-16T22:26:24.290583
Australian Health Practitioner Regulation Agency (AHPRA),AU,Goal 17. Strengthen the means of implementation and revitalize the Global Partnership for Sustainable Development,Is your organisation certified with UN Compact?,"1. I don't know. 2. No. 3. No, but it is in planning for this year. 4. No, but certification is in progress. 5. Yes, certified, active this year. 6. Yes, certified , active this year, and have renewed certification once or more times",S004,Q004,Health Care And Social Assistance,[Page 93] Organisation | [Page 94] Organisation | [Page 98] Organisation | [Page 101] Organisation | [Page 100] Organisation | [Page 2] 91 Organisation...........................................93 Communications ......................................................... | [Page 2] 46 Accreditation .........................................47 Leadership and collaboration  to address emerging risk ......................50 Registration............................................51 Who can be registered?..............................................,https://www.ahpra.gov.au/documents/default.aspx?record=WD24/34233&dbid=AP&chksum=xoPTWRKlV3mpl0kF4EtGBw%3d%3d,100 | 101 | 98 | 94 | 2 | 93,PDF,nan,2025-04-16T22:26:24.290583
Australian Healthcare and Hospitals Association (AHHA),AU,Goal 17. Strengthen the means of implementation and revitalize the Global Partnership for Sustainable Development,Does your organization have an active IFRS certification in sustainability?,1. I don't know. 2. No. 3. 1-3  year active certification. 4. 4-6 year active certification. 5. 7-9 year active certification. 6. 10+ year active certification.,S004,Q005,Health Care And Social Assistance,"[Page 35] To support this initiative, a new partnership was  established between academic researchers from  Wiser Healthcare, HEAL, and NSW Health’s Climate  Risk and Net Zero Unit to support intervention  design and evaluation of the sustainability projects. | [Page 56] Enabling hospital and healthcare leaders  to advance on their sustainability journey Sustainability Accelerator Tool (SAT) www.gscaccelerator.org Go sustainable with the SAT Understand current maturity level in terms of sustainability. | [Page 24] 5 VHBA, 2024, Sustainability guidelines for sustainability in capital  works, https://www.vhba.vic.gov.au/guidelines-sustainability-capital- works 6 Scialpi G, Declercq J. | [Page 19] Non-Government Organisation Numerous non-government and professional organizations are engaging with  policymakers to develop and implement sustainability strategies. | [Page 44] Along this line, the Australian  Commission on Safety and Quality in Health Care  has piloted an ‘Environmental Sustainability and  Climate Resilience’ module across almost 50 hospital  sites across the country with a view to informing  the next edition of the National Safety and Quality  Health Service Standards (mandatory accreditation  standards) due in 2027. | [Page 51] Celebrating climate action and solutions  Last year, NSW Health introduced a new  Environmental Sustainability Award category to the  annual NSW Health Awards*. | [Page 19] Professional Organisations Most medical colleges and dental associations have adopted policies supporting  sustainability actions. | [Page 15] A different organisation may take a ‘top  down’ approach with organisational leadership  establishing a chief sustainability officer (action  5), who can lead measurement, monitoring and  evaluation efforts (action 4), which can then inform  the organisation’s performance (action 6).",https://ahha.asn.au/wp-content/uploads/2024/11/The-Health-Advocate-November-2024.pdf,44 | 35 | 24 | 15 | 19 | 56 | 51,PDF,2024,2025-04-16T22:26:15.568637
Australian Healthcare and Hospitals Association (AHHA),AU,Goal 17. Strengthen the means of implementation and revitalize the Global Partnership for Sustainable Development,Is your organisation certified with UN Compact?,"1. I don't know. 2. No. 3. No, but it is in planning for this year. 4. No, but certification is in progress. 5. Yes, certified, active this year. 6. Yes, certified , active this year, and have renewed certification once or more times",S004,Q004,Health Care And Social Assistance,"[Page 20] The establishment of the National  Health Sustainability and Climate Unit offers a  significant opportunity for national leadership  and coordination in achieving low-carbon,  environmentally sustainable healthcare.” Unsplash",https://ahha.asn.au/wp-content/uploads/2024/11/The-Health-Advocate-November-2024.pdf,20,PDF,2024,2025-04-16T22:26:15.568637
BHP,AU,Goal 17. Strengthen the means of implementation and revitalize the Global Partnership for Sustainable Development,Does your organization have an active IFRS certification in sustainability?,1. I don't know. 2. No. 3. 1-3  year active certification. 4. 4-6 year active certification. 5. 7-9 year active certification. 6. 10+ year active certification.,S004,Q005,Mining,"[Page 80] This includes the EU’s Corporate Sustainability  Reporting Directive (CSRD), and a growing number of jurisdictions have  announced an intention to adopt the IFRS Sustainability Disclosure  Standards developed by the International Sustainability Standards Board  (ISSB). | [Page 32] For information on our approach to social value, including the  aspirational goals and associated metrics we have set for ourselves,  refer to OFR 6.5 For information on our governance of sustainability, including the  FY2024 improvement project for our internal Group-wide standards,  refer to OFR 6.3 There are a number of voluntary global sustainability frameworks,  standards, benchmarks and initiatives that we seek to comply with. | [Page 251] Sustainability (including sustainable and  sustainably)  We describe our approach to  sustainability and its governance in this Report,  including OFR 6. | [Page 34] The findings  of this assessment help us determine the information our stakeholders are  seeking and therefore the material sustainability topics for disclosure in  OFR 6. | [Page 54] For more information on our social value and sustainability‑related goals, metrics and milestones refer to OFR 6 Sustainability   beginning on page 29 in this Report The role of our commodities in the transition We continue to engage with investors, industry and standard setters to explore ways of establishing clear methodologies for classification and measurement  of ‘green revenue’1 and associated capital expenditure within the resources sector. | [Page 250] IFRS (International Financial Reporting  Standards)  Accounting standards as issued by  the International Accounting Standards Board. | [Page 32] During FY2024, the trend towards mandatory  sustainability-related reporting frameworks increased, and we continue to  monitor these developments for their potential application to BHP, including  the proposed Australian Sustainability Reporting Standards (ASRS),  the EU Corporate Sustainability Reporting Directive (CSRD) and the EU  Corporate Sustainability Due Diligence Directive (CSDDD). | [Page 32] For information on our engagement with climate-specific regulatory  developments refer to OFR 6.9 In FY2024, we continued our commitment to a number of responsible  production and sourcing standards, which require self-assessment and  third-party verification of management systems and performance at an  asset, operation or facility level.",https://www.bhp.com/-/media/documents/investors/annual-reports/2024/240827_bhpannualreport2024.pdf,54 | 80 | 34 | 251 | 250 | 32,PDF,2024,2025-04-23T05:46:08.294950
BHP,AU,Goal 17. Strengthen the means of implementation and revitalize the Global Partnership for Sustainable Development,Is your organisation certified with UN Compact?,"1. I don't know. 2. No. 3. No, but it is in planning for this year. 4. No, but certification is in progress. 5. Yes, certified, active this year. 6. Yes, certified , active this year, and have renewed certification once or more times",S004,Q004,Mining,"[Page 21] Non-operated assets Our non-operated assets, like Samarco and Antamina,  have their own operating and management standards. | [Page 249] (United  Nations et al. | [Page 51] Organisational capability We conduct periodic capability reviews across our  business for roles with climate-related accountabilities  to help us design and deliver training to support  capability improvement. | BHP Group Limited Australia joined un compact on 21-Jul-03",https://www.bhp.com/-/media/documents/investors/annual-reports/2024/240827_bhpclimatetransitionactionplan2024.pdf | https://www.bhp.com/-/media/documents/investors/annual-reports/2024/240827_bhpannualreport2024.pdf | https://unglobalcompact.org/what-is-gc/participants/1306-BHP-Group-Limited,249 | 21 | 51,PDF,2024,2025-04-23T05:45:46.808122
Baxter Professional Australia (baxter),AU,Goal 17. Strengthen the means of implementation and revitalize the Global Partnership for Sustainable Development,Does your organization have an active IFRS certification in sustainability?,1. I don't know. 2. No. 3. 1-3  year active certification. 4. 4-6 year active certification. 5. 7-9 year active certification. 6. 10+ year active certification.,S004,Q005,Manufacturing,"[Page 31] LRQA’s standards, competence and independence LRQA implements and maintains a comprehensive management  system that meets accreditation requirements for ISO 14065  Greenhouse gases – Requirements for greenhouse gas validation  and verification bodies for use in accreditation or other forms  of recognition and ISO/IEC 17021 Conformity assessment –  Requirements for bodies providing audit and certification of  management systems that are at least as demanding as the  requirements of the International Standard on Quality Control 1 and  comply with the Code of Ethics for Professional Accountants issued  by the International Ethics Standards Board for Accountants. | [Page 58] The team has more than  20 years combined experience in this field and an excellent  understanding of Apex’s standard methodology for the assurance  of sustainability-related assertions. | [Page 30] The team has more than  20 years combined experience in this field and an excellent  understanding of Apex’s standard methodology for the assurance  of sustainability-related assertions. | [Page 35] Appendix: Sustainability Accounting Standards Board Index (continued) From the Chair,  President and CEO Company Profile Corporate Responsibility  Commitment 2030 Corporate  Responsibility Goals Cross-Cutting  Commitments Appendix | [Page 29] The assessment covers environment,   labor and human rights, ethics, and sustainable  procurement. | [Page 36] FACILITIES WITH ISO 14001, ISO 45001, ISO 50001 AND GREEN BUILDING CERTIFICATIONS 1	 As of Dec. | [Page 45] FACILITIES WITH ISO 14001, ISO 45001, ISO 50001 AND GREEN BUILDING CERTIFICATIONS 1	 As of Dec. | [Page 6] For example, since 2019, we have  published an annual Sustainability Accounting  Standards Board (SASB) Index in alignment  with the Medical Equipment and Supplies  Sustainability Accounting Standard.",https://www.baxter.com/sites/g/files/ebysai3896/files/2022-06/Baxter_2021_Corporate_Responsibility_Report.pdf | https://www.baxter.com/sites/g/files/ebysai3896/files/2023-06/2022_Baxter_Corporate_Responsibility_Report.pdf | https://www.baxter.com/sites/g/files/ebysai3896/files/2024-07/2023_Baxter_Corporate_Responsibility_Report.pdf,29 | 30 | 36 | 58 | 6 | 35 | 31 | 45,PDF,2024,2025-04-23T05:02:35.496292
Baxter Professional Australia (baxter),AU,Goal 17. Strengthen the means of implementation and revitalize the Global Partnership for Sustainable Development,Is your organisation certified with UN Compact?,"1. I don't know. 2. No. 3. No, but it is in planning for this year. 4. No, but certification is in progress. 5. Yes, certified, active this year. 6. Yes, certified , active this year, and have renewed certification once or more times",S004,Q004,Manufacturing,"[Page 31] LRQA’s standards, competence and independence LRQA implements and maintains a comprehensive management  system that meets accreditation requirements for ISO 14065  Greenhouse gases – Requirements for greenhouse gas validation  and verification bodies for use in accreditation or other forms  of recognition and ISO/IEC 17021 Conformity assessment –  Requirements for bodies providing audit and certification of  management systems that are at least as demanding as the  requirements of the International Standard on Quality Control 1 and  comply with the Code of Ethics for Professional Accountants issued  by the International Ethics Standards Board for Accountants. | [Page 36] FACILITIES WITH ISO 14001, ISO 45001, ISO 50001 AND GREEN BUILDING CERTIFICATIONS 1	 As of Dec. | [Page 45] FACILITIES WITH ISO 14001, ISO 45001, ISO 50001 AND GREEN BUILDING CERTIFICATIONS 1	 As of Dec. | [Page 50] We maintain corporate memberships with many  organizations that promote and certify diverse  suppliers, such as Disability:IN, National Gay and  Lesbian Chamber of Commerce (NGLCC), NMSDC,  Chicago NMSDC, Puerto Rico Minority Supplier  Development Council and Women’s Business  Enterprise National Council. | [Page 12] Our Global Energy Program, certified to  ISO 50001, applies this standard to the company’s facility-level  energy management systems (some of which are also certified  individually). | [Page 51] We align with and/or have obtained certifications for the following  internal systems, products and services. | [Page 64] BAXTER FACILITIES WITH ISO 14001, ISO 45001, ISO 50001 AND GREEN BUILDING CERTIFICATIONS 1	As of Dec. | [Page 51] PRODUCTS PrisMax v3 DCM v1.3.5 •	 UL 2900 Certification SERVICES Sharesource connectivity platform  •	 ISO 27001 Certification •	 French HDH Certification Novum IQ Dose IQ Corporate Responsibility Commitment Introduction 2030 Corporate  Responsibility Goals Empower   Our Patients Protect   Our Planet Champion Our People  and Communities Appendix Cross-Cutting  Commitments * Not all products listed are available in all or any geographies and proposed certifications for these products may be subject to change prior to regulatory approval or launch.",https://www.baxter.com/sites/g/files/ebysai3896/files/2022-06/Baxter_2021_Corporate_Responsibility_Report.pdf | https://www.baxter.com/sites/g/files/ebysai3896/files/2023-06/2022_Baxter_Corporate_Responsibility_Report.pdf | https://www.baxter.com/sites/g/files/ebysai3896/files/2024-07/2023_Baxter_Corporate_Responsibility_Report.pdf,12 | 64 | 36 | 31 | 50 | 45 | 51,PDF,2024,2025-04-23T05:02:35.496292
BossCap,AU,Goal 17. Strengthen the means of implementation and revitalize the Global Partnership for Sustainable Development,Does your organization have an active IFRS certification in sustainability?,1. I don't know. 2. No. 3. 1-3  year active certification. 4. 4-6 year active certification. 5. 7-9 year active certification. 6. 10+ year active certification.,S004,Q005,Manufacturing,"[Page 9] But as a sustainability leader, it’s  something we are committed to do. | [Page 4] We also launched our  vehicle certification services  to ensure compliance was  within the National industry  standards. | [Page 14] TESTING AND COMPLIANCE We have a range of test gear that can be  used for meeting compliance with the  necessary ADRs. | [Page 14] Certification We look forward to working with you.",https://bosscap.com.au/wp-content/uploads/2024/10/capability_statement_bosscap.pdf,9 | 14 | 4,PDF,2024,2025-04-23T05:03:50.907790
BossCap,AU,Goal 17. Strengthen the means of implementation and revitalize the Global Partnership for Sustainable Development,Is your organisation certified with UN Compact?,"1. I don't know. 2. No. 3. No, but it is in planning for this year. 4. No, but certification is in progress. 5. Yes, certified, active this year. 6. Yes, certified , active this year, and have renewed certification once or more times",S004,Q004,Manufacturing,[Page 14] Certification We look forward to working with you.,https://bosscap.com.au/wp-content/uploads/2024/10/capability_statement_bosscap.pdf,14,PDF,2024,2025-04-23T05:03:50.907790
Bravus Mining & Resources (adanienterprises),AU,Goal 17. Strengthen the means of implementation and revitalize the Global Partnership for Sustainable Development,Does your organization have an active IFRS certification in sustainability?,1. I don't know. 2. No. 3. 1-3  year active certification. 4. 4-6 year active certification. 5. 7-9 year active certification. 6. 10+ year active certification.,S004,Q005,Mining,[Page 248] Note: Indicate if any independent assessment/ evaluation/assurance has been carried out by an external agency? | [Page 232] Note: Indicate if any independent assessment/ evaluation/assurance has been carried out by an external  agency? | [Page 234] Note: Indicate if any independent assessment/ evaluation/assurance has been carried out by an external  agency? | [Page 246] Note: Indicate if any independent assessment/ evaluation/assurance has been carried out by an external  agency? | [Page 233] Note: Indicate if any independent assessment/ evaluation/assurance has been carried out by an external  agency? | [Page 232] Note: Indicate if any independent assessment/ evaluation/assurance has been carried out by an external  agency? | [Page 246] Note: Indicate if any independent assessment/ evaluation/assurance has been carried out by an external agency? | [Page 260] Our scope of assurance included verification of data and information on selected  sustainability performance disclosures reported as summarized in the table below:  • Total number of permanent and other than permanent employees.,https://www.adanienterprises.com/-/media/Project/Enterprises/Investors/Investor-Downloads/Annual-Report/AEL-FY24.pdf | https://www.adanienterprises.com/-/media/Project/Enterprises/Investors/Investor-Downloads/Annual-Report/AEL-04-07-22_F.pdf,233 | 246 | 248 | 260 | 232 | 234,PDF,nan,2025-04-23T04:59:19.444358
Bravus Mining & Resources (adanienterprises),AU,Goal 17. Strengthen the means of implementation and revitalize the Global Partnership for Sustainable Development,Is your organisation certified with UN Compact?,"1. I don't know. 2. No. 3. No, but it is in planning for this year. 4. No, but certification is in progress. 5. Yes, certified, active this year. 6. Yes, certified , active this year, and have renewed certification once or more times",S004,Q004,Mining,"[Page 226] Human Rights: 	 Become a signatory to UN Global Compact (UNGC). | [Page 117] Our supplier code of  conduct is a comprehensive set of guiding principles  that reflects our commitment to internationally  recognised standards, including the United Nations  Global Compact (UNGC) and core conventions of the  International Labour Organisation (ILO). | [Page 29] They align their efforts with global environmental  initiatives like the Paris Agreement, Business Ambition for  1.5C, and UN Global Compact, ensuring that their business  practices and supply chain management reflect these  commitments. | [Page 229] The Company also has a Supplier Code of Conduct (SCC) that covers various  human rights aspects; all procurement agreements of the Company with critical  suppliers include conditions pertaining to labour standards and occupational  health and safety. | [Page 251] If not, provide details of all such non-compliances, in the following  format: S. | [Page 123] Employees, Investors CRC, SRC Human Rights  Policy Compliance with international human  rights standards. | [Page 225] Name of the national and  international codes/certifications/ labels/ standards (e.g. | [Page 237] If not, provide details of all such non-compliances, in the following  format.",https://www.adanienterprises.com/-/media/Project/Enterprises/Investors/Investor-Downloads/Annual-Report/AEL-FY24.pdf | https://www.adanienterprises.com/-/media/Project/Enterprises/Investors/Investor-Downloads/Annual-Report/AEL-04-07-22_F.pdf,29 | 225 | 229 | 123 | 226 | 251 | 117 | 237,PDF,nan,2025-04-23T04:59:19.444358
Bupa Health Foundation (bupa),AU,Goal 17. Strengthen the means of implementation and revitalize the Global Partnership for Sustainable Development,Does your organization have an active IFRS certification in sustainability?,1. I don't know. 2. No. 3. 1-3  year active certification. 4. 4-6 year active certification. 5. 7-9 year active certification. 6. 10+ year active certification.,S004,Q005,Health Care And Social Assistance,"[Page 85] management control effectiveness assessments performed to  support IFRS financial statements, results and disclosures. | [Page 43] Governance – Oversight of  sustainability and ESG The Board sets the sustainability  strategy for the Group and closely  monitors progress through its Board  Sustainability Committee. | [Page 4] Strategic Report                                            |  Governance  |  Financial Statements  Bupa Annual Report 2023  37  Sustainability and ESG continued  2023 Group and UK operations GHG  emissions footprint  In accordance with the Streamlined Energy and Carbon  Reporting (SECR) requirements for a large unquoted  UK company, we report our UK-based energy usage  and GHG emissions. | [Page 63] There are governance structures in place to oversee the delivery of the  sustainability strategy. | [Page 53] ■The Board reviewed progress on the sustainability strategy and approved the Sustainability Enterprise Risk Policy. | [Page 85] internal and external limited assurance on sustainability and ESG  disclosures. | [Page 43] The Group Chief Sustainability and  People Officer chairs the Sustainability  Steering Committee (SSC), which  oversees Bupa’s global sustainability  agenda and reports to the Chief  Executive Committee (CEC) as  necessary. | [Page 91] It reviewed progress against the focus  areas for 2024 identified through the 2023  internally-facilitated Committee effectiveness  review: evolution of the sustainability Strategy  to remain relevant to the business and  business model; enhance the quality of the  emissions reduction data and other MI  presented to the Committee; and undertaken  knowledge-development sessions on the  sustainability landscape and ESG  developments.",https://www.bupa.com/~/media/files/b/bupa-v5/documents/annual-report-2024/bupa-group-2024-annual-report-and-accounts.pdf | https://www.bupa.com/~/media/files/b/bupa-v5/documents/annual-report-2023/bupa-sustainability-and-esg-section-ar2023.pdf,91 | 53 | 4 | 63 | 85 | 43,PDF,2024,2025-04-16T22:26:02.861770
Bupa Health Foundation (bupa),AU,Goal 17. Strengthen the means of implementation and revitalize the Global Partnership for Sustainable Development,Is your organisation certified with UN Compact?,"1. I don't know. 2. No. 3. No, but it is in planning for this year. 4. No, but certification is in progress. 5. Yes, certified, active this year. 6. Yes, certified , active this year, and have renewed certification once or more times",S004,Q004,Health Care And Social Assistance,"[Page 61] All staff are required to complete appropriate mandatory training. | [Page 225] das Nações Unidas, 12,901, Unidade 901, Torre Oeste, Bloco C, Centro Empresarial Nações  Unidas, Brooklin Paulista, São Paulo, SP, Brazil Personal System Serviços Médicos e  Odontológicos Ltda.",https://www.bupa.com/~/media/files/b/bupa-v5/documents/annual-report-2024/bupa-group-2024-annual-report-and-accounts.pdf,225 | 61,PDF,2024,2025-04-16T22:26:02.861770
Calix Limited (calix),AU,Goal 17. Strengthen the means of implementation and revitalize the Global Partnership for Sustainable Development,Does your organization have an active IFRS certification in sustainability?,1. I don't know. 2. No. 3. 1-3  year active certification. 4. 4-6 year active certification. 5. 7-9 year active certification. 6. 10+ year active certification.,S004,Q005,Manufacturing | Mining,"[Page 6] The Company has taken early steps to ensure key elements of the  ASRS are provided in this year’s Sustainability Report. | [Page 6] The Company has taken early steps to ensure key elements of the  ASRS are provided in this year’s Sustainability Report. | [Page 13] We are committed to make all of the UN Sustainability Development  Goals (SDGs) part of our company culture and day-to-day operations,  and we see corporate social responsibility (CSR) as a journey towards  long-term growth, competitiveness, big picture thinking, strong  company culture, and a genuine team spirit. | [Page 22] We will also introduce  sustainability as an evaluation criterion for new product and  supplier assessments. | [Page 22] We will also introduce  sustainability as an evaluation criterion for new product and  supplier assessments. | [Page 6] To this end, Calix commenced an ASRS gap analysis to identify areas  where the Company could improve by incorporating climate and  other material sustainability-related risks and opportunities in its  assessments and governance processes. | [Page 6] To this end, Calix commenced an ASRS gap analysis to identify areas  where the Company could improve by incorporating climate and  other material sustainability-related risks and opportunities in its  assessments and governance processes. | [Page 1] s  er  quitt or s is f ar M Calix Limited Sustainability Report 2024",https://calix.global/wp-content/uploads/2024/08/calix-limited-fy24-sustainability-report.pdf | https://www.calix.global/wp-content/uploads/2021/11/COP-Jan-4-2020-update_v59.pdf,22 | 1 | 13 | 6,PDF,2024,2025-04-23T05:02:27.701796
Calix Limited (calix),AU,Goal 17. Strengthen the means of implementation and revitalize the Global Partnership for Sustainable Development,Is your organisation certified with UN Compact?,"1. I don't know. 2. No. 3. No, but it is in planning for this year. 4. No, but certification is in progress. 5. Yes, certified, active this year. 6. Yes, certified , active this year, and have renewed certification once or more times",S004,Q004,Manufacturing | Mining,"[Page 6] United Nations Global Compact  • Launched in 2000 by the then Secretary General of the United  Nations, Kofi Annan, the United Nations (UN) Global Compact is a  call for companies to align their strategies and operations with      Ten Principles on human rights, labour, environment and      anti-corruption, and to take actions that advance societal      challenges, through business innovation and collaboration,      using the SDGs as the lighthouse. | [Page 4] We recognize that a key requirement for participation in the UN Global Compact is the annual submission of a  Communication on Progress (COP) that describes our company’s efforts to implement the Ten Principles. | [Page 4] We are committed to making the  UN Global Compact and its principles part of the strategy, culture and day-to-day operations of our company,  and to engaging in collaborative projects which advance the broader development goals of the United Nations,  particularly the Sustainable Development Goals. | [Page 2] With the broad-based support of all 193 participant countries of the United Nations General Assembly, the UN Global Compact remains the single, global normative authority  and reference point for action and leadership within a growing global corporate  sustainability movement. | [Page 4] This is separate from our initial letter of  commitment to join the UN Global Compact. | [Page 7] The UN Global Compact Management Model guides companies  through the process of formally committing to, assessing, defining, implementing, measuring, and communicating a corporate sustainability strategy based on the Global Compact  and its principles. | [Page 2] The United Nations Global Compact is the world’s largest corporate sustainability initiative, driven by the realisation that companies play a crucial part in enforcing human  rights and building a more sustainable world. | [Page 8] Our ambitions • Review our Code of Business Conduct to incorporate the UN Global Compact     Ten Principles. | Calix Limited Australia joined un compact on 10-Nov-20",https://www.calix.global/wp-content/uploads/2021/11/COP-Jan-4-2020-update_v59.pdf | https://unglobalcompact.org/what-is-gc/participants/142168-Calix-Limited,4 | 7 | 2 | 8 | 6,PDF,2021,2025-04-23T05:02:33.481681
Cleanaway,AU,Goal 17. Strengthen the means of implementation and revitalize the Global Partnership for Sustainable Development,Does your organization have an active IFRS certification in sustainability?,1. I don't know. 2. No. 3. 1-3  year active certification. 4. 4-6 year active certification. 5. 7-9 year active certification. 6. 10+ year active certification.,S004,Q005,Electricity Gas Water And Waste Services,"[Page 37] The environmental management system is  independently certified to international standard ISO14001. | [Page 6] The Sustainability Committee is key to that governance. | [Page 11] Like our safety management systems, the environmental  management system is independently certified  to international standard ISO14001. | [Page 11] View our certifications on our website. | [Page 5] We are also preparing for the new Australian Sustainability  Reporting Standards, which we see as an opportunity to  give our investors and stakeholders greater insight into  our work to create a sustainable future for our business,  our customers, our communities and the environment. | [Page 63] They are also a trusted advisor to governments at all  levels and businesses which means we can work together to  advocate for better sustainability outcomes. | [Page 37] Cleanaway Business Certifications Our commitment to protect the environment is set out in the  Cleanaway Environment Policy. | [Page 61] We work  with councils, schools and businesses to develop and  implement programs that help improve sustainable  practices.",https://cleanaway2stor.blob.core.windows.net/cleanaway2-blob-container/2024/09/9762_Cleanaway_SR24_interactive_PDF_v5_SPREADS.pdf | https://cleanaway2stor.blob.core.windows.net/cleanaway2-blob-container/2023/09/Cleanaway-FY23-Sustainability-Report.pdf,61 | 5 | 63 | 37 | 11 | 6,PDF,2023,2025-04-23T05:07:17.323664
Cleanaway,AU,Goal 17. Strengthen the means of implementation and revitalize the Global Partnership for Sustainable Development,Is your organisation certified with UN Compact?,"1. I don't know. 2. No. 3. No, but it is in planning for this year. 4. No, but certification is in progress. 5. Yes, certified, active this year. 6. Yes, certified , active this year, and have renewed certification once or more times",S004,Q004,Electricity Gas Water And Waste Services,"[Page 19] One of the ways  we ensure that our safety management system is effective is to have the  system independently certified to recognised standards. | [Page 37] The environmental management system is  independently certified to international standard ISO14001. | [Page 11] Like our safety management systems, the environmental  management system is independently certified  to international standard ISO14001.",https://cleanaway2stor.blob.core.windows.net/cleanaway2-blob-container/2024/09/9762_Cleanaway_SR24_interactive_PDF_v5_SPREADS.pdf | https://cleanaway2stor.blob.core.windows.net/cleanaway2-blob-container/2023/09/Cleanaway-FY23-Sustainability-Report.pdf,19 | 37 | 11,PDF,2023,2025-04-23T05:07:17.323664
Everhard Industries,AU,Goal 17. Strengthen the means of implementation and revitalize the Global Partnership for Sustainable Development,Does your organization have an active IFRS certification in sustainability?,1. I don't know. 2. No. 3. 1-3  year active certification. 4. 4-6 year active certification. 5. 7-9 year active certification. 6. 10+ year active certification.,S004,Q005,Manufacturing,,,,,,
Everhard Industries,AU,Goal 17. Strengthen the means of implementation and revitalize the Global Partnership for Sustainable Development,Is your organisation certified with UN Compact?,"1. I don't know. 2. No. 3. No, but it is in planning for this year. 4. No, but certification is in progress. 5. Yes, certified, active this year. 6. Yes, certified , active this year, and have renewed certification once or more times",S004,Q004,Manufacturing,,,,,,
Fortescue,AU,Goal 17. Strengthen the means of implementation and revitalize the Global Partnership for Sustainable Development,Does your organization have an active IFRS certification in sustainability?,1. I don't know. 2. No. 3. 1-3  year active certification. 4. 4-6 year active certification. 5. 7-9 year active certification. 6. 10+ year active certification.,S004,Q005,Mining,"[Page 84] Full details of this  assessment are provided in our FY24 Sustainability  Materiality Report available on our website at fortescue.com. | [Page 79] Our award criteria consider sustainability, along with  price, quality and schedule. | [Page 179] International Financial Reporting  Standards International Financial Reporting  Standards (IFRS) is a single set of  accounting standards, developed  and maintained by the International  Accounting Standards Board with the  intention of those standards being  capable of being applied on a globally  consistent basis. | [Page 236] International Financial Reporting  Standards International Financial Reporting  Standards (IFRS) is a single set of  accounting standards, developed  and maintained by the International  Accounting Standards Board with the  intention of those standards being  capable of being applied on a globally  consistent basis. | [Page 60] Sustainability is critical to the  future success of our Company  and we integrate it into all aspects  of our business Our Purpose   and Values Code of Conduct  and Integrity Targets Opportunities  and objectives Policies  Voluntary   commitments   and principles | [Page 117] (a) Compliance with IFRS  The financial statements of the Group also comply with  International Financial Reporting Standards (IFRS) as issued  by the International Accounting Standards Board. | [Page 160] (a) Compliance with IFRS  The financial statements of the Group also comply with  International Financial Reporting Standards (IFRS) as  issued by the International Accounting Standards Board. | [Page 60] Sustainability governance Good governance is critical to strong sustainability  performance, and our Board is responsible for the  oversight of all sustainability matters, receiving regular  updates through the Audit, Risk Management and  Sustainability Committee (ARMSC).",https://cdn.fortescue.com/docs/default-source/uncategorised/fy24-annual-report.pdf | https://cdn.fortescue.com/docs/default-source/announcements-and-reports/2597718.pdf?sfvrsn=edccad94_6,236 | 84 | 160 | 79 | 117 | 60 | 179,PDF,nan,2025-04-23T04:58:11.314386
Fortescue,AU,Goal 17. Strengthen the means of implementation and revitalize the Global Partnership for Sustainable Development,Is your organisation certified with UN Compact?,"1. I don't know. 2. No. 3. No, but it is in planning for this year. 4. No, but certification is in progress. 5. Yes, certified, active this year. 6. Yes, certified , active this year, and have renewed certification once or more times",S004,Q004,Mining,[Page 41] United Nations  Global Compact International World's largest corporate sustainability  initiative. | [Page 78] We are a founding member of  the Heavy Industry Low-carbon Transition Cooperative  Research Centre (HILT CRC). | Fortescue Ltd Australia joined un compact on 19-Apr-13,https://cdn.fortescue.com/docs/default-source/uncategorised/fy24-annual-report.pdf | https://cdn.fortescue.com/docs/default-source/announcements-and-reports/2597653.pdf?sfvrsn=79eaba4e_8 | https://unglobalcompact.org/what-is-gc/participants/19138-Fortescue-Ltd,41 | 78,PDF,nan,2025-04-23T04:58:12.826717
Foxtel (newscorp),AU,Goal 17. Strengthen the means of implementation and revitalize the Global Partnership for Sustainable Development,Does your organization have an active IFRS certification in sustainability?,1. I don't know. 2. No. 3. 1-3  year active certification. 4. 4-6 year active certification. 5. 7-9 year active certification. 6. 10+ year active certification.,S004,Q005,Information Media And Telecommunications,"[Page 25] The Company’s health and safety management  systems are designed to ensure compliance with local and international environmental, health and safety standards and regulatory  requirements.",https://newscorp.com/wp-content/uploads/2023/10/News-Corp-Annual-Report-2023.pdf,25,PDF,2023,2025-04-23T05:17:20.877079
Foxtel (newscorp),AU,Goal 17. Strengthen the means of implementation and revitalize the Global Partnership for Sustainable Development,Is your organisation certified with UN Compact?,"1. I don't know. 2. No. 3. No, but it is in planning for this year. 4. No, but certification is in progress. 5. Yes, certified, active this year. 6. Yes, certified , active this year, and have renewed certification once or more times",S004,Q004,Information Media And Telecommunications,[Page 73] We are a public accounting firm registered with the PCAOB and are required to be independent with respect to the  Company in accordance with the U.S.,https://newscorp.com/wp-content/uploads/2023/10/News-Corp-Annual-Report-2023.pdf,73,PDF,2023,2025-04-23T05:17:20.877079
Fujitsu Australia (fujitsu),AU,Goal 17. Strengthen the means of implementation and revitalize the Global Partnership for Sustainable Development,Does your organization have an active IFRS certification in sustainability?,1. I don't know. 2. No. 3. 1-3  year active certification. 4. 4-6 year active certification. 5. 7-9 year active certification. 6. 10+ year active certification.,S004,Q005,Manufacturing,"[Page 206] Certification is granted to environmentally conscious organizations that develop systems for ongoing reductions in their environmental footprint. | [Page 129] Certification is granted to environmentally conscious organizations that develop systems for ongoing  reductions in their environmental footprint. | [Page 468] if the organization’s sustainability reporting has been externally assured: i. | [Page 275] if the organization’s sustainability reporting has  been externally assured:  i. | [Page 374] Where there is a particular need to check whether sustainability activities are being fully implemented by a supplier, a CSR audit is conducted. | [Page 259] It was consequently certified by the MOE as a “Nationally Certified Sustainably Managed Natural Sites” in 2023. | [Page 74] In addition, the acquisition of this certification is an appeal factor demonstrating that we actively employ energy-saving technologies, continuously engage in advancing energy efficiency and thereby drive forward our development of products capable of contributing to the reduction of electricity consumed by customers' use of products. | [Page 150] It  collaborates with the Sustainability Management Committee to  identify, analyze, and assess risks, and then formulates and  implements recurrence prevention measures.",https://www.fujitsu.com/global/documents/about/resources/reports/sustainabilityreport/2023-report/fujitsudatabook2023e.pdf | https://www.fujitsu.com/global/documents/about/environment/risk/CDP%20Climate%20Change%202023_partial_delete.pdf | https://www.fujitsu.com/global/documents/about/resources/reports/sustainabilityreport/2024-report/fujitsudatabook2024e.pdf,150 | 206 | 259 | 275 | 129 | 74 | 374 | 468,PDF,2024.0,2025-04-23T05:03:14.736401
Fujitsu Australia (fujitsu),AU,Goal 17. Strengthen the means of implementation and revitalize the Global Partnership for Sustainable Development,Is your organisation certified with UN Compact?,"1. I don't know. 2. No. 3. No, but it is in planning for this year. 4. No, but certification is in progress. 5. Yes, certified, active this year. 6. Yes, certified , active this year, and have renewed certification once or more times",S004,Q004,Manufacturing,"[Page 93] (*1) Ten principles of the United Nations Global Compact: The compact identifies 10 pr inciples that corporations should uphold in four areas: human rights, labor practices, the environment and anti-corruption. | [Page 86] ＜The 10 principles of the UN Global Compact＞ The UN Global Compact consists of 10 pr inciples in the four areas of human rights, labor, the environment, and anti-corruption with which companies should rigorously comply. | [Page 54] (*1) Ten principles of the United Nations Global Compact:  The compact identifies ten principles that corporations should uphold in four areas: human rights, labor practices, the  environment and anti-corruption. | [Page 49] ＜The 10 principles of the UN Global Compact＞  The UN Global Compact consists of 10 principles in the four areas of human rights, labor, the  environment, and anti-corruption with which companies should rigorously comply. | [Page 86] What is the Global Compact? | [Page 49] What is the Global Compact? | [Page 87] Please refer to the ''GRI Standard/UN Global Compact (GC) Index'' for the relationship between our sustainability activities and the United Nations Global Compact, as described in the ''Sustainability'' sites and ''Fujitsu Group Sustainability Data Book''.  * We have been reporting our COP (Communication on Progress) at the Advanced Level since FY 2012. | [Page 86] United Nations Global Compact Fujitsu announced its support of the United Nations Global Compact in December 2009.",https://www.fujitsu.com/global/documents/about/resources/reports/sustainabilityreport/2023-report/fujitsudatabook2023e.pdf | https://www.fujitsu.com/global/documents/about/resources/reports/sustainabilityreport/2024-report/fujitsudatabook2024e.pdf,54 | 86 | 49 | 87 | 93,PDF,2024.0,2025-04-23T05:03:14.736401
GHD Group (ghd),AU,Goal 17. Strengthen the means of implementation and revitalize the Global Partnership for Sustainable Development,Does your organization have an active IFRS certification in sustainability?,1. I don't know. 2. No. 3. 1-3  year active certification. 4. 4-6 year active certification. 5. 7-9 year active certification. 6. 10+ year active certification.,S004,Q005,Electricity Gas Water And Waste Services,"[Page 15] They are  receiving practical guidance and training  to support the integration of sustainability  into their business planning and the  technical work they do. | [Page 58] We have integrated our  Sustainability Way principles into both  our Vendor Code of Conduct and vendor  pre-qualification. | [Page 6] We are also committed to transparent  sustainability reporting, guided by  industry-specific reporting frameworks,  to protect the long-term value of our  business. | [Page 75] Appendix Transparent sustainability  reporting is central to  protecting the long-term  value of our business. | [Page 76] Future reports will also  align with the Australian Sustainability  Reporting Standard (ASRS) for climate- related disclosures as required by the  Australian government. | [Page 80] Future reports will also align with the Australian Sustainability Reporting Standard (ASRS) for  climate-related disclosures as required by the Australian government. | [Page 36] Where not  possible, Renewable Energy Certificates  are required. | [Page 21] From the GHD Group Board of  Directors to our Chief Executive  Officer and Enterprise Leadership  Team and extending to the leaders  of our offices and practices,  environmental and social sustainability  is recognised as a critical element in  achieving our objectives as a company.",https://info.ghd.com/sustainability-report-FY2024?utm_source=direct&utm_content=en-hero-download-button&utm_campaign=sustainability-sustainreport-FY24-FY25,21 | 36 | 58 | 80 | 76 | 15 | 75 | 6,PDF,2024,2025-04-23T06:12:58.102809
GHD Group (ghd),AU,Goal 17. Strengthen the means of implementation and revitalize the Global Partnership for Sustainable Development,Is your organisation certified with UN Compact?,"1. I don't know. 2. No. 3. No, but it is in planning for this year. 4. No, but certification is in progress. 5. Yes, certified, active this year. 6. Yes, certified , active this year, and have renewed certification once or more times",S004,Q004,Electricity Gas Water And Waste Services,"[Page 76] We  also demonstrate our commitment to the  Ten Principles of the UN Global Compact  through our annual Communication on  Progress. | [Page 19] GHD has been a participant of the UN  Global Compact since 2010. | [Page 63] This is what is required and expected of all organisations. | [Page 29] We are also certified  in UK Cyber Essentials and Cyber  Essentials Plus. | [Page 53] Our Human Rights  Statement, the guiding principles of our  Sustainability Way, our Project Selection  Standard and our commitment to global  frameworks, including the Universal  Declaration of Human Rights and the UN  Global Compact, provide the basis for our  human rights due diligence and promote  respect for human rights. | GHD Pty Ltd Australia joined un compact on 5-Mar-10",https://info.ghd.com/sustainability-report-FY2024?utm_source=direct&utm_content=en-hero-download-button&utm_campaign=sustainability-sustainreport-FY24-FY25 | https://unglobalcompact.org/what-is-gc/participants/11287-GHD-Pty-Ltd,29 | 53 | 63 | 76 | 19,PDF,2024,2025-04-23T06:12:58.102809
Go Kindly,AU,Goal 17. Strengthen the means of implementation and revitalize the Global Partnership for Sustainable Development,Does your organization have an active IFRS certification in sustainability?,1. I don't know. 2. No. 3. 1-3  year active certification. 4. 4-6 year active certification. 5. 7-9 year active certification. 6. 10+ year active certification.,S004,Q005,Manufacturing,,,,,,
Go Kindly,AU,Goal 17. Strengthen the means of implementation and revitalize the Global Partnership for Sustainable Development,Is your organisation certified with UN Compact?,"1. I don't know. 2. No. 3. No, but it is in planning for this year. 4. No, but certification is in progress. 5. Yes, certified, active this year. 6. Yes, certified , active this year, and have renewed certification once or more times",S004,Q004,Manufacturing,,,,,,
Healthscope,AU,Goal 17. Strengthen the means of implementation and revitalize the Global Partnership for Sustainable Development,Does your organization have an active IFRS certification in sustainability?,1. I don't know. 2. No. 3. 1-3  year active certification. 4. 4-6 year active certification. 5. 7-9 year active certification. 6. 10+ year active certification.,S004,Q005,Health Care And Social Assistance,[Page 12] Apr 2025 Chief  Operating  Officer •	 Develop commercial relationships with  Aboriginal and/or Torres Strait Islander  businesses.,https://healthscope.com.au/application/files/4917/0961/4481/HSC_Reconciliation_Action_Plan_2024_050224-compressed.pdf#page=7.07,12,PDF,2024,2025-04-16T22:26:16.632690
Healthscope,AU,Goal 17. Strengthen the means of implementation and revitalize the Global Partnership for Sustainable Development,Is your organisation certified with UN Compact?,"1. I don't know. 2. No. 3. No, but it is in planning for this year. 4. No, but certification is in progress. 5. Yes, certified, active this year. 6. Yes, certified , active this year, and have renewed certification once or more times",S004,Q004,Health Care And Social Assistance,[Page 2] Our board  and executive leadership committees now perform  an ‘Acknowledgment of Country’ at the start of all  meetings and we recognise NAIDOC and National  Reconciliation Week across all our hospitals and  support offices.,https://healthscope.com.au/application/files/4917/0961/4481/HSC_Reconciliation_Action_Plan_2024_050224-compressed.pdf#page=7.07,2,PDF,2024,2025-04-16T22:26:16.632690
Macquarie Media (macquarie),AU,Goal 17. Strengthen the means of implementation and revitalize the Global Partnership for Sustainable Development,Does your organization have an active IFRS certification in sustainability?,1. I don't know. 2. No. 3. 1-3  year active certification. 4. 4-6 year active certification. 5. 7-9 year active certification. 6. 10+ year active certification.,S004,Q005,Information Media And Telecommunications,"[Page 41] This includes the work of  the International Sustainability Standards Board (ISSB) under the  International Financial Reporting Standards (IFRS) Foundation. | [Page 167] Consequently, this Financial  Report is compliant with IFRS. | [Page 55] During the year, the International  Sustainability Standards Board (ISSB) published the following  sustainability reporting standards: •	 IFRS S1 General Requirements of Sustainability-related  Financial Information (IFRS S1), which sets out the overall  requirements for sustainability-related financial disclosures; and •	 IFRS S2 Climate-related Disclosures (IFRS S2), which will require  the disclosure of information that enables the users of financial  statements to understand the reporting entity’s governance,  strategy, risk management, and metrics and targets in relation  to climate-related risks and opportunities. | [Page 56] They are supported  by the Environmental and Social Risk (ESR) team. | [Page 15] By building on existing standards,  frameworks and taxonomies, we helped create a comprehensive set of sustainability criteria that can operate as a one-stop solution for  sustainability labelling. | [Page 39] The assessment of climate  and environmental risks for new transactions and investments  is managed in consultation with ESR teams as part of the credit  approval process. | [Page 37] An environmental and social  risk (ESR) review is required for all new business activities, in line  with the ESR Policy requirements. | [Page 49] Verified emissions of the company are available.",https://www.macquarie.com/assets/macq/investor/reports/2024/macquarie-group-fy24-annual-report.pdf | https://www.macquarie.com/assets/macq/impact/esg/policies/net-zero-climate-risk-2023.pdf,55 | 39 | 167 | 41 | 15 | 56 | 49 | 37,PDF,2023,2025-04-23T05:17:26.986054
Macquarie Media (macquarie),AU,Goal 17. Strengthen the means of implementation and revitalize the Global Partnership for Sustainable Development,Is your organisation certified with UN Compact?,"1. I don't know. 2. No. 3. No, but it is in planning for this year. 4. No, but certification is in progress. 5. Yes, certified, active this year. 6. Yes, certified , active this year, and have renewed certification once or more times",S004,Q004,Information Media And Telecommunications,[Page 22] This is managed through sustainably certified suppliers  globally.,https://www.macquarie.com/assets/macq/impact/esg/policies/net-zero-climate-risk-2023.pdf,22,PDF,2023,2025-04-23T05:17:26.986054
Minerals Council of Australia (minerals),AU,Goal 17. Strengthen the means of implementation and revitalize the Global Partnership for Sustainable Development,Does your organization have an active IFRS certification in sustainability?,1. I don't know. 2. No. 3. 1-3  year active certification. 4. 4-6 year active certification. 5. 7-9 year active certification. 6. 10+ year active certification.,S004,Q005,Mining,"[Page 29] •	 Towards Sustainable Mining: Brought  TSM into operation with the establishment of  national stakeholder advisory panel, website  and member reporting portal. | [Page 36] Sustainability Committee (Formed in September 2023) Chair: Beth White  |  Newcrest Co-chair: Earl Melamed  |  Glencore Co-chair: Mia Gous  |  Newmont Leads national policy development and implementation across  environmental and social portfolios. | [Page 31] Next steps:  TSM training, stakeholder panel  and web portal  Engage in design of national  environmental law   Input to the Taskforce on Nature  Based Financial Disclosures. | [Page 8] The Towards Sustainable Mining  sustainability accounting system –  under adoption by the MCA members  – supports continual improvement and  provides unprecedented transparency  around the industry’s environmental and  social performance governance. | [Page 14] While there will always be a strong focus  on responsible on-site environmental  management, industry also partners  with local communities, First Nations’  landholders and groups, non-government  organisations and others to support  broader environmental objectives. | [Page 14] This leading practice tool has been  adopted internationally and is reflected  in global sustainability reporting  requirements. | [Page 18] ENVIRONMENT AND SUSTAINABILITY Good environmental, social and governance  (ESG) performance relies on ongoing investment  in workforce capability, research, technology  and innovative practice to improve safety and  workforce diversity, reduce emissions and water  use, support biodiversity and reduce waste. | [Page 18] Second, MCA members are implementing  the globally recognised Towards Sustainable  Mining (TSM) system which will provide greater  accountability and transparency of the industry’s  performance at site level – where it matters most.",https://minerals.org.au/wp-content/uploads/2024/06/MCA-Annual-Report_2023.pdf | https://minerals.org.au/wp-content/uploads/2023/10/MCA-Annual-Report_2022.pdf,29 | 36 | 31 | 18 | 8 | 14,PDF,2024,2025-04-23T04:58:52.220648
Minerals Council of Australia (minerals),AU,Goal 17. Strengthen the means of implementation and revitalize the Global Partnership for Sustainable Development,Is your organisation certified with UN Compact?,"1. I don't know. 2. No. 3. No, but it is in planning for this year. 4. No, but certification is in progress. 5. Yes, certified, active this year. 6. Yes, certified , active this year, and have renewed certification once or more times",S004,Q004,Mining,[Page 9] The secretariat also continues to work  with member companies to target skills  and deliver quality education and training  to satisfy the industry’s workforce  requirements that will be crucial in  delivering the critical minerals the world  will need to decarbonise.,https://minerals.org.au/wp-content/uploads/2023/10/MCA-Annual-Report_2022.pdf,9,PDF,2023,2025-04-23T04:58:56.427112
National Disability Insurance Agency (NDIA),AU,Goal 17. Strengthen the means of implementation and revitalize the Global Partnership for Sustainable Development,Does your organization have an active IFRS certification in sustainability?,1. I don't know. 2. No. 3. 1-3  year active certification. 4. 4-6 year active certification. 5. 7-9 year active certification. 6. 10+ year active certification.,S004,Q005,Health Care And Social Assistance,[Page 17] We want to be one of the best organisations  in the world at doing this.,https://www.ndis.gov.au/media/7390/download?attachment,17,PDF,nan,2025-04-23T06:19:45.196938
National Disability Insurance Agency (NDIA),AU,Goal 17. Strengthen the means of implementation and revitalize the Global Partnership for Sustainable Development,Is your organisation certified with UN Compact?,"1. I don't know. 2. No. 3. No, but it is in planning for this year. 4. No, but certification is in progress. 5. Yes, certified, active this year. 6. Yes, certified , active this year, and have renewed certification once or more times",S004,Q004,Health Care And Social Assistance,[Page 6] The UN Convention is an agreement  between countries. | [Page 6] We call it the UN Convention. | [Page 33] UN Convention on the Rights of Persons  with Disabilities  The UN Convention is an agreement  between countries.,https://www.ndis.gov.au/media/7390/download?attachment,6 | 33,PDF,nan,2025-04-23T06:19:45.196938
News Corp Australia (newscorp),AU,Goal 17. Strengthen the means of implementation and revitalize the Global Partnership for Sustainable Development,Does your organization have an active IFRS certification in sustainability?,1. I don't know. 2. No. 3. 1-3  year active certification. 4. 4-6 year active certification. 5. 7-9 year active certification. 6. 10+ year active certification.,S004,Q005,Information Media And Telecommunications,"[Page 38] forest management practices are certified by independent,  internationally recognized sustainable forestry certification  bodies such as the Forest Stewardship Council, Programme  for the Endorsement of Forest Certification, Sustainable  Forest Initiative and Canadian Standards Association. | [Page 10] •	 Maintaining ISO 14001 Environmental Management System certifications at all three of our News UK print centers  and HarperCollins UK’s Glasgow site and improving energy efficiency at News UK and News Corp Australia with the  installation of LEDs. | [Page 27] We support  organizations that work to protect natural  resources and improve sustainability  outcomes for generations to come. | [Page 38] •	 Meeting expectations regarding sustainability. | [Page 10] Our request for proposal (RFP)  process requires paper suppliers to certify that printing  paper is sourced from mills whose forest management  practices are certified by independent, internationally  Recent climate-related highlights and accomplishments include: recognized sustainable forestry certification bodies such  as the Forest Stewardship Council (FSC), Programme  for the Endorsement of Forest Certification (PEFC),  Sustainable Forest Initiative (SFI) or Canadian Standards  Association (CSA). | [Page 7] Our Global Head of Sustainability oversees a committee  of leaders from each of our businesses. | [Page 11] Our goals include: •	 Purchasing 100% of the paper used in our printed  publications from mills whose forest management  practices are certified by an independent, internationally  recognized sustainable forestry certification body.12 •	 By 2025, purchasing 100% of all direct purchases of  publication paper in the U.S., U.K., Europe and Australia  from FSC-, PEFC-, SFI- or CSA-certified material. | [Page 10] REA has been Carbon Neutral Certified11  since 2020.",https://newscorp.com/app/uploads/2024/10/News-Corp-ESG-2024_FINAL.pdf,27 | 7 | 38 | 11 | 10,PDF,2024,2025-04-29T01:22:41.219470
News Corp Australia (newscorp),AU,Goal 17. Strengthen the means of implementation and revitalize the Global Partnership for Sustainable Development,Is your organisation certified with UN Compact?,"1. I don't know. 2. No. 3. No, but it is in planning for this year. 4. No, but certification is in progress. 5. Yes, certified, active this year. 6. Yes, certified , active this year, and have renewed certification once or more times",S004,Q004,Information Media And Telecommunications,[Page 38] These standards include: •	 Operating in full compliance with all  applicable laws.,https://newscorp.com/app/uploads/2024/10/News-Corp-ESG-2024_FINAL.pdf,38,PDF,2024,2025-04-29T01:22:41.219470
Nine Entertainment Co. (nineforbrands),AU,Goal 17. Strengthen the means of implementation and revitalize the Global Partnership for Sustainable Development,Does your organization have an active IFRS certification in sustainability?,1. I don't know. 2. No. 3. 1-3  year active certification. 4. 4-6 year active certification. 5. 7-9 year active certification. 6. 10+ year active certification.,S004,Q005,Information Media And Telecommunications,"[Page 37] Nine provides senior Sustainability representation across  the industry (IAB, AANA, CRA, SSA) and regularly reviews  industry initiatives. | [Page 89] The financial report also complies with International Financial  Reporting Standards (IFRS) as issued by the International Accounting Standards Board. | [Page 9] This year, we have furthered our commitment to Community,  Company and Climate after completing our initial Materiality  Assessment, and Environmental, Social and Governance (ESG)  Policy last year. | [Page 47] Nine provides senior Sustainability representation across the industry (via IAB, AANA and Sustainable Screens Australia) and regularly  reviews industry initiatives. | [Page 34] Company, Community & Climate support for education costs or personal development activities. | [Page 9] We have also actively engaged through  industry steering groups Sustainable Screens Australia, the  AANA, the IAB and Commercial Radio & Audio. | [Page 32] This is supported by  an external provider, who provides suitable supervision and  instruction to Thrive Ambassadors.",https://www.nineforbrands.com.au/wp-content/uploads/2023/09/NEC-2023-Annual-Report-web.pdf,47 | 34 | 89 | 9 | 37 | 32,PDF,2023,2025-04-23T05:16:46.666023
Nine Entertainment Co. (nineforbrands),AU,Goal 17. Strengthen the means of implementation and revitalize the Global Partnership for Sustainable Development,Is your organisation certified with UN Compact?,"1. I don't know. 2. No. 3. No, but it is in planning for this year. 4. No, but certification is in progress. 5. Yes, certified, active this year. 6. Yes, certified , active this year, and have renewed certification once or more times",S004,Q004,Information Media And Telecommunications,"[Page 62] Other considerations include: •	 Scope of role and responsibility; •	 Capability, experience and competency;  and  •	 Internal and external benchmarks.",https://www.nineforbrands.com.au/wp-content/uploads/2023/09/NEC-2023-Annual-Report-web.pdf,62,PDF,2023,2025-04-23T05:16:46.666023
Optus,AU,Goal 17. Strengthen the means of implementation and revitalize the Global Partnership for Sustainable Development,Does your organization have an active IFRS certification in sustainability?,1. I don't know. 2. No. 3. 1-3  year active certification. 4. 4-6 year active certification. 5. 7-9 year active certification. 6. 10+ year active certification.,S004,Q005,Information Media And Telecommunications,"[Page 7] We are aware  of the proposed Australian Sustainability Reporting  Standards (ASRS) and their key reporting domains  and are assessing their relevance and applicability   to Optus. | [Page 7] You can view their assurance report in the   Singtel Group Sustainability Report. | [Page 7] You can view their assurance report  in the Singtel Group Sustainability Report. | [Page 15] We also have a  range of advisory and active ESG working groups to  ensure continued progress against our sustainability  strategy and targets. | [Page 23] For more  information, please refer to the Singtel Group Sustainability Report. | [Page 15] For more  information, please refer to the Singtel Group  Sustainability Report. | [Page 15] For more information, please refer to the   Singtel Group Sustainability Report. | [Page 1] Optus Sustainability Report 2023 It starts with Yes",https://www.optus.com.au/content/dam/optus/documents/about-us/sustainability/reporting/2024/Optus-Sustainability-Report-FY2024-Final2.pdf | https://www.optus.com.au/content/dam/optus/documents/about-us/sustainability/reporting/2023/fy2023-optus-sustainability-report.pdf,15 | 23 | 1 | 7,PDF,2024,2025-04-23T05:16:12.130846
Optus,AU,Goal 17. Strengthen the means of implementation and revitalize the Global Partnership for Sustainable Development,Is your organisation certified with UN Compact?,"1. I don't know. 2. No. 3. No, but it is in planning for this year. 4. No, but certification is in progress. 5. Yes, certified, active this year. 6. Yes, certified , active this year, and have renewed certification once or more times",S004,Q004,Information Media And Telecommunications,"[Page 19] Our Contribution to the  	 United Nations SDG's The United Nations Global Compact (UNGC)  encourages businesses across the globe to adopt  sustainable and socially responsible policies. | [Page 17] Australian Packaging   Covenant Organisation (APCO) Australian Business   Community Network (ABCN) Board of Taxation’s voluntary   Tax Transparency Code (TTC) CDP (formerly Carbon   Disclosure Project) Optus Digital Inclusion Roundtable  (with charity partner CEOs) Global Reporting Initiative (GRI) GSMA (formerly Global System  for Mobile Communications) MobileMuster Modern Slavery   Community of Practice  Science-Based Targets  Initiative (SBTi) Shared Value Project Soldier On Gold Pledge Partner Supply Nation Taskforce on Climate-related  Financial Disclosures (TCFD) Telco Together Foundation United Nations Global Compact  (UNGC) & UNGCNA (United Nations  Global Compact Network Australia) United Nations Business   Ambition for 1.5 degrees United Nations Sustainable  Development Goals (SDGs) Veterans Employment Program Workplace Gender Equality Agency Office of the eSafety Commissioner Givvable Additionally, Optus  has pledged support  or membership to the  following voluntary  sustainability initiatives  and organisations: Sustainable  Innovation Digital   Enablement Circular   Economy Climate   Action Connecting  Australia Future   of Work Equity and   Inclusion Overview 17     |     Overview | Singtel Optus Pty Limited Australia joined un compact on 12-Dec-19",https://www.optus.com.au/content/dam/optus/documents/about-us/sustainability/reporting/2023/fy2023-optus-sustainability-report.pdf | https://unglobalcompact.org/what-is-gc/participants/138226-Singtel-Optus-Pty-Limited,17 | 19,PDF,2023,2025-04-23T05:16:23.852789
Orica,AU,Goal 17. Strengthen the means of implementation and revitalize the Global Partnership for Sustainable Development,Does your organization have an active IFRS certification in sustainability?,1. I don't know. 2. No. 3. 1-3  year active certification. 4. 4-6 year active certification. 5. 7-9 year active certification. 6. 10+ year active certification.,S004,Q005,Mining,"[Page 21] Our Material  Environmental Issues Review program  (MEIR) ensures specialist onsite assessments  of our environmental performance and  impact management, and applies a global  environmental standard across all our  regions, exceeding local requirements   in some jurisdictions. | [Page 134] Environmental, social, and corporate  governance (ESG) A set of non-financial criteria and standards applied to a company’s operations that focus on  corporate responsibility and sustainability outcomes. | [Page 45] Performance  measures CEO: Safety measured through serious injury case-rate (SICR) (10%), environment measured through loss of  containment (LOC) (5%) and decarbonisation (10%) comprising global Scope 1 and Scope 2 absolute emissions  reduction and delivery of net zero program initiatives; financials (60%) comprising EBIT and NOCF; and agreed  operational priorities (15%) Other executives: safety (10%), environment (5%), decarbonisation (10%), financials (50%), operational priorities (25%). | [Page 46] Orica TSR percentile ranking   (against constituents of ASX 100) % of Rights vesting Below 50th 0% 50th (target performance) 50% of Rights vest Between 50th and 75th percentile Straight line vesting between 50% and 100% 75th or above (stretch performance) 100% of Rights vest Business sustainability (20%) The outcome of the business sustainability metric will be determined by the Board following the end of   the performance period, considering the progress made against a set of challenging portfolio resilience   and diversification targets (directly aligned to our long-term strategic plan) addressing: •	 Growth in key emerging markets •	 Growth in digital solutions and mining chemicals, and •	 Rebalancing of our portfolio towards a more progressive and sustainable commodities mix. | [Page 8] Sustainability  has been embedded into our policies,  business strategy and practices as we  capture new opportunities, deliver on our  commitments and improve performance. | [Page 8] We continue to execute our sustainability  strategy by developing and deploying  technologies that improve safety and  sustainability outcomes for our workforce,  customers and communities. | [Page 58] More specific details about Orica’s  sustainability initiatives and performance,  including safety, health and environment,  can be found on the Orica website at   orica.com/sustainability. | [Page 16] It oversees our material risks  and regularly reviews and challenges, directly or via its committees, the effectiveness of our risk management processes.",https://www.orica.com/ArticleDocuments/301/FY2024%20Annual%20Report.pdf,21 | 58 | 16 | 46 | 134 | 8 | 45,PDF,2024,2025-04-23T05:50:24.945692
Orica,AU,Goal 17. Strengthen the means of implementation and revitalize the Global Partnership for Sustainable Development,Is your organisation certified with UN Compact?,"1. I don't know. 2. No. 3. No, but it is in planning for this year. 4. No, but certification is in progress. 5. Yes, certified, active this year. 6. Yes, certified , active this year, and have renewed certification once or more times",S004,Q004,Mining,"[Page 24] As the international standard  for information security, the certification  reaffirms our dedication to upholding the  highest standards in information security  management and delivers peace of mind   for our customers. | Orica Australia joined un compact on 21-May-18",https://www.orica.com/ArticleDocuments/301/FY2024%20Annual%20Report.pdf | https://unglobalcompact.org/what-is-gc/participants/132559-Orica,24,PDF,2024,2025-04-23T05:50:24.945692
Pacific Green,AU,Goal 17. Strengthen the means of implementation and revitalize the Global Partnership for Sustainable Development,Does your organization have an active IFRS certification in sustainability?,1. I don't know. 2. No. 3. 1-3  year active certification. 4. 4-6 year active certification. 5. 7-9 year active certification. 6. 10+ year active certification.,S004,Q005,Manufacturing,"[Page 1] August: communities considered As a responsible developer, Pacific Green has a firm commitment to care for local communities in all the schemes being developed around the world.",https://www.pacificgreen.com/articles/12-months-great-progress-pacific-green-2024/,1,HTML,nan,2025-04-28T23:22:05.580328
Pacific Green,AU,Goal 17. Strengthen the means of implementation and revitalize the Global Partnership for Sustainable Development,Is your organisation certified with UN Compact?,"1. I don't know. 2. No. 3. No, but it is in planning for this year. 4. No, but certification is in progress. 5. Yes, certified, active this year. 6. Yes, certified , active this year, and have renewed certification once or more times",S004,Q004,Manufacturing,[Page 1] The team is based in Scotland and reports to Pacific Green Europe managing director Dane Wilkins.,https://www.pacificgreen.com/articles/12-months-great-progress-pacific-green-2024/,1,HTML,nan,2025-04-28T23:22:05.580328
Private Healthcare Australia (PHA),AU,Goal 17. Strengthen the means of implementation and revitalize the Global Partnership for Sustainable Development,Does your organization have an active IFRS certification in sustainability?,1. I don't know. 2. No. 3. 1-3  year active certification. 4. 4-6 year active certification. 5. 7-9 year active certification. 6. 10+ year active certification.,S004,Q005,Health Care And Social Assistance,"[Page 23] Page 22 of 23    Rank  Total Benefits  Paid  Gender  Age  Group  Description  Bed  Days  Hospital Type   16  $120,250  F  5-9  Leukaemia  295  Public  17  $115,851  F  15-19  Juvenile scoliosis in the middle to lower  back region  10  Private  18  $113,847  F  15-19  Adjustment disorders  40  Private  19  $111,847  M  20-24  Aortic stenosis present from birth  19  Private  20  $110,100  F  25-29  Spinal fusion for treating scoliosis in the  middle to lower back region  13  Private  21  $109,716  F  25-29  Schizophrenia  123  Public  22  $108,564  F  15-19  Anorexia  127  Public  23  $108,226  F  10-14  Spinal fusion for treating juvenile  scoliosis in the middle to lower back  region  7  Private  24  $107,345  M  20-24  Severe depressive episode without  psychotic symptoms, not postnatal  139  Private  25  $107,103  F  15-19  Anorexia  141  Private  26  $105,970  F  0-4  Web of the larynx  18  Public  27  $103,950  F  25-29  Disruption of an operation wound  treated with negative pressure wound  therapy  80  Private  28  $103,856  F  20-24  Spinal fusion for treating scoliosis in the  middle to lower back region  19  Private  29  $103,148  F  20-24  Severe depressive episode without  psychotic symptoms, not postnatal  157  Private  30  $103,048  F  25-29  Schizoaffective disorder, depressive  type  151  Private",https://privatehealthcareaustralia.org.au/wp-content/uploads/PHA-Annual-Hospital-High-Claims-Report-2024.pdf,23,PDF,2024,2025-04-16T22:26:17.876296
Private Healthcare Australia (PHA),AU,Goal 17. Strengthen the means of implementation and revitalize the Global Partnership for Sustainable Development,Is your organisation certified with UN Compact?,"1. I don't know. 2. No. 3. No, but it is in planning for this year. 4. No, but certification is in progress. 5. Yes, certified, active this year. 6. Yes, certified , active this year, and have renewed certification once or more times",S004,Q004,Health Care And Social Assistance,"[Page 6] Page 5 of 23    Top 20 high claims in 2023 where members were treated in hospital for serious  symptoms and complications caused or exacerbated by COVID-19  Rank  Total  Benefits  Paid  Gender  Age  Group Description  Bed  Days  Hospital  Type  1    $190,043  M  65-69  Severe COVID-19 pneumonia requiring continuous  ventilatory support for more than 4 days  42  Private  2  $161,711  M  65-69  COVID-19 pneumonia requiring continuous ventilatory  support for more than 4 days  24  Private  3  $114,581  F  80-84  Severe COVID-19 pneumonia requiring non-invasive  ventilation  217  Private  4  $114,288  F           85-89  COVID-19 positive, symptomatic  94  Private  5  $109,203  M  70-74  Severe secondary bacterial pneumonia due to COVID- 19 requiring non-invasive ventilation  86  Private  6  $107,265  F  75-79  Moderate COVID-19 pneumonia  requiring continuous  ventilatory support for more than 4 days  30  Private  7  $105,826  F  65-69  Moderate COVID-19 pneumonia  requiring continuous  ventilatory support for more than 4 days  58  Private  8  $99,249  F           75-79  COVID-19 pneumonia  30  Private  9  $98,632  F  85-89  Gastrointestinal symptoms associated with COVID-19  94  Private  10  $81,587  F           45-49  COVID-19 pneumonia  68  Private  11  $76,222  M  70-74  Dilated cardiomyopathy exacerbated by COVID-19  requiring cardiac catheterisation  19  Private  12  $74,165  M  85-89  Myasthenia gravis exacerbated by COVID-19  11  Private  13  $71,708  F  70-74  COVID-19 positive, symptomatic  39  Private  14  $71,590  F           65-69  Severe depressive episode without psychotic  symptoms, not postnatal, associated with COVID-19  96  Private  15  $67,623  M          90-94  Severe COVID-19 pneumonia  72  Private  16  $65,700  M  40-44  COVID-19 pneumonia requiring continuous ventilatory  support for more than 4 days  78  Public  17  $64,922  M  85-89  COVID-19 pneumonia requiring non-invasive ventilation  72  Private  18  $64,179  M  90-94  COVID-19 positive, asymptomatic  78  Private  19  $63,086  F  85-89  Suspected case of COVID-19 with acute lower  respiratory infection  94  Private  20  $62,055  M  80-84  Severe COVID-19 pneumonia requiring non-invasive  ventilation  81  Private",https://privatehealthcareaustralia.org.au/wp-content/uploads/PHA-Annual-Hospital-High-Claims-Report-2024.pdf,6,PDF,2024,2025-04-16T22:26:17.876296
Purple House,AU,Goal 17. Strengthen the means of implementation and revitalize the Global Partnership for Sustainable Development,Does your organization have an active IFRS certification in sustainability?,1. I don't know. 2. No. 3. 1-3  year active certification. 4. 4-6 year active certification. 5. 7-9 year active certification. 6. 10+ year active certification.,S004,Q005,Health Care And Social Assistance,[Page 1] SOCIAL IMPACT  REPORT 2024,https://www.purplehouse.org.au/wp-content/uploads/2024/10/Purple-House-Social-Impact-Report-2024.pdf,1,PDF,2024,2025-04-16T22:25:54.338540
Purple House,AU,Goal 17. Strengthen the means of implementation and revitalize the Global Partnership for Sustainable Development,Is your organisation certified with UN Compact?,"1. I don't know. 2. No. 3. No, but it is in planning for this year. 4. No, but certification is in progress. 5. Yes, certified, active this year. 6. Yes, certified , active this year, and have renewed certification once or more times",S004,Q004,Health Care And Social Assistance,"[Page 9] We know that when we have  local Aboriginal people working in  an organisation like this, providing  services for Aboriginal  patients, that’s best  practice.",https://www.purplehouse.org.au/wp-content/uploads/2024/10/Purple-House-Social-Impact-Report-2024.pdf,9,PDF,2024,2025-04-16T22:25:54.338540
Rio Tinto (cdn-rio),AU,Goal 17. Strengthen the means of implementation and revitalize the Global Partnership for Sustainable Development,Does your organization have an active IFRS certification in sustainability?,1. I don't know. 2. No. 3. 1-3  year active certification. 4. 4-6 year active certification. 5. 7-9 year active certification. 6. 10+ year active certification.,S004,Q005,Mining,"[Page 43] This aligns with our  commitment to continually improve our  reporting and align with emerging  standards, including the International  Sustainability Standards Board (ISSB)  International Financial Reporting Standard  (IFRS) for climate-related disclosures (S2). | [Page 95] Risk oversight: Risk Management Committee, Sustainability Committee   Key management response includes: – Annual Environmental Certification across all assets endorsed by  product group Chief Executives. | [Page 39] Refer to the 2024  Sustainability Fact Book for the  assessment outcomes. | [Page 77] We aim to continually improve our reporting and align with emerging standards,  including the International Sustainability Standards Board (ISSB) International Financial Reporting Standard (IFRS) for climate-related  disclosures (S2). | [Page 35] Governance and assurance The Sustainability Committee oversees  strategies to manage social and  environmental impacts, risks and  opportunities, including management  processes and standards. | [Page 50] So each year we complete a  sustainability materiality assessment to understand which  issues and topics matter most to, and have the greatest  impact on, our stakeholders and our business. | [Page 148] Terms of reference for the  Sustainability Committee are available at  riotinto.com. | [Page 51] Governance and assurance The Sustainability Committee oversees strategies to manage social and  environmental risks, including management processes and standards.",https://www.riotinto.com/-/media/content/documents/invest/reports/annual-reports/2022/rt-annual-report-2022.pdf | https://cdn-rio.dataweavers.io/-/media/content/documents/invest/reports/annual-reports/2024-annual-report.pdf,39 | 35 | 95 | 50 | 148 | 43 | 77 | 51,PDF,2024,2025-04-23T04:58:06.502646
Rio Tinto (cdn-rio),AU,Goal 17. Strengthen the means of implementation and revitalize the Global Partnership for Sustainable Development,Is your organisation certified with UN Compact?,"1. I don't know. 2. No. 3. No, but it is in planning for this year. 4. No, but certification is in progress. 5. Yes, certified, active this year. 6. Yes, certified , active this year, and have renewed certification once or more times",S004,Q004,Mining,"[Page 63] It also reiterates  our commitment to implement the UN Guiding  Principles on Business and Human Rights  (UNGPs), the Organisation for Economic  Co-operation and Development (OECD)  Guidelines for Multinational Enterprises, the IFC  Performance Standards, the UN Global  Compact’s ten principles, the Maritime Labour  Convention, the ICMM Mining Principles, and  the Voluntary Principles on Security and  Human Rights (Voluntary Principles). | [Page 87] We actively participate in the Voluntary  Principles Initiative and UN Global Compact  networks and attend regional business and  human rights forums in Africa, Asia and Europe. | [Page 86] – Integrated our commitments to core business and human rights  standards, including the UN Guiding Principles on Business and  Human Rights, into our business plans and actions. | [Page 39] For example, through our  ongoing membership of the ICMM Nature  Working Group and continued engagement  with the Proteus Partnership - a unique  partnership agreement between major  businesses and the UN Environment  Programme World Conservation Monitoring  Centre (UNEP WCMC), which aims to make  global environmental information available  to support better decisions - and our  longstanding partnership with BirdLife  International. | [Page 98] – Integrating our commitments to core business and human rights  standards, including the UN Guiding Principles on Business and  Human Rights, into our business plans and actions. | [Page 87] We expect our suppliers (including  subcontractors) to adhere to our Supplier  Code of Conduct (SCOC), which includes  respecting human rights. | [Page 58] As part of  this agreement, an Indigenous awareness  programme will be launched for our employees  in the region. | [Page 89] Voluntary commitments,  accreditations and memberships   We take part in global, national and regional  organisations and initiatives that inform our  sustainability approach and standards,  helping us better manage our risks. | Rio Tinto Limited Australia joined un compact on 1-Jun-20",https://www.riotinto.com/-/media/content/documents/invest/reports/annual-reports/2022/rt-annual-report-2022.pdf | https://cdn-rio.dataweavers.io/-/media/content/documents/invest/reports/annual-reports/2024-annual-report.pdf | https://unglobalcompact.org/what-is-gc/participants/139552-Rio-Tinto-Limited,39 | 98 | 58 | 86 | 63 | 89 | 87,PDF,2022,2025-04-23T04:58:02.363364
SA Water,AU,Goal 17. Strengthen the means of implementation and revitalize the Global Partnership for Sustainable Development,Does your organization have an active IFRS certification in sustainability?,1. I don't know. 2. No. 3. 1-3  year active certification. 4. 4-6 year active certification. 5. 7-9 year active certification. 6. 10+ year active certification.,S004,Q005,Electricity Gas Water And Waste Services,"[Page 12] This award places  us in an elite group of just 20 Australian  organisations, and we are only the  second Australian water utility to  achieve certification. | [Page 5] With the completion of that process,  our course is set for the next regulatory period, however it is worth reflecting on  the challenges ahead. | [Page 22] • Customer, Sustainability and People and Safety Committee – supports and  advises the Board with regards to our people, our customers and outcomes related  to the environment and sustainability. | [Page 6] Proactive environmental  leadership Promote the health and wellbeing  of active, thriving communities. | [Page 10] Proactive environmental  leadership   Promote the health and wellbeing  of active, thriving communities. | [Page 18] Compliance with the ADWG for E. | [Page 30] Compliance with the ADWG  for E. | [Page 39] • Customer, Sustainability, People and Safety Committee – supports and advises  the Board regarding our people, our customers and outcomes related to the  environment and sustainability.",https://www.sawater.com.au/__data/assets/pdf_file/0017/1026071/SA-Water_2023-24-Annual-Report.pdf | https://www.sawater.com.au/__data/assets/pdf_file/0007/770596/2022-23-SA-Water-Annual-Reporr.pdf,12 | 22 | 39 | 30 | 5 | 18 | 10 | 6,PDF,2022,2025-04-23T05:07:29.195802
SA Water,AU,Goal 17. Strengthen the means of implementation and revitalize the Global Partnership for Sustainable Development,Is your organisation certified with UN Compact?,"1. I don't know. 2. No. 3. No, but it is in planning for this year. 4. No, but certification is in progress. 5. Yes, certified, active this year. 6. Yes, certified , active this year, and have renewed certification once or more times",S004,Q004,Electricity Gas Water And Waste Services,[Page 7] Our commitment as a participant in the United Nations Global Compact is  reaffirmed as we continue to work towards delivering services and achieving positive  outcomes for our community and the planet. | South Australia Water Corporation (SA Water) Australia joined un compact on 18-Apr-19,https://www.sawater.com.au/__data/assets/pdf_file/0017/1026071/SA-Water_2023-24-Annual-Report.pdf | https://unglobalcompact.org/what-is-gc/participants/135804-South-Australia-Water-Corporation,7,PDF,2023,2025-04-23T05:07:27.293620
SBS (Special Broadcasting Service),AU,Goal 17. Strengthen the means of implementation and revitalize the Global Partnership for Sustainable Development,Does your organization have an active IFRS certification in sustainability?,1. I don't know. 2. No. 3. 1-3  year active certification. 4. 4-6 year active certification. 5. 7-9 year active certification. 6. 10+ year active certification.,S004,Q005,Information Media And Telecommunications,"[Page 246] Topic Page Enabling Legislation, Charter and Purpose 111, 163, 4 Responsible Minister 111 Letter to the Minister 8-9 Approval of Annual Report by the Accountable Authority 8-9 Organisational structure 17 Board of Directors 12-16 Audit and Risk Committee and its Charter 116 Community Advisory Committee 117-119 Key activities; Corporate Plan  22-121, 18-21 Work Health and Safety Act 2011 93 Equal Employment Opportunity (Commonwealth Authorities) Act 1987 86-87 Audience research and feedback  54-65 Annual Performance Statement  122-127 Transmission coverage and quality  103-105 Revenue earned from advertising and sponsorship 98 Key activities and changes affecting the authority NIL Related-entity transactions 109 Statement of governance 111 Indemnities and insurance premiums for officers 109 Ministerial directions/Government Policy Order 111 Environment Protection and Biodiversity Conservation Act 1999  100-101 Location of major activities and facilities  110 Particulars of any gift, devise or bequest accepted by SBS NIL Judicial decisions and reviews by outside bodies NIL Financial results 128-161 Advertisers and sponsors 214-238 Executive remuneration 241-243 Ongoing and non-ongoing employee statistics 244 Greenhouse gas emissions 245 Index of Annual Report Requirements 246 246 SBS ANNUAL REPORT | [Page 100] SUSTAINABILITY AT SBS 100 100 SBS ANNUAL REPORT",https://www.sbs.com.au/aboutus/wp-content/uploads/2024/10/SBS_2024_Annual_Report_DIGITAL.pdf,100 | 246,PDF,2024,2025-04-23T05:16:26.815683
SBS (Special Broadcasting Service),AU,Goal 17. Strengthen the means of implementation and revitalize the Global Partnership for Sustainable Development,Is your organisation certified with UN Compact?,"1. I don't know. 2. No. 3. No, but it is in planning for this year. 4. No, but certification is in progress. 5. Yes, certified, active this year. 6. Yes, certified , active this year, and have renewed certification once or more times",S004,Q004,Information Media And Telecommunications,"[Page 246] Topic Page Enabling Legislation, Charter and Purpose 111, 163, 4 Responsible Minister 111 Letter to the Minister 8-9 Approval of Annual Report by the Accountable Authority 8-9 Organisational structure 17 Board of Directors 12-16 Audit and Risk Committee and its Charter 116 Community Advisory Committee 117-119 Key activities; Corporate Plan  22-121, 18-21 Work Health and Safety Act 2011 93 Equal Employment Opportunity (Commonwealth Authorities) Act 1987 86-87 Audience research and feedback  54-65 Annual Performance Statement  122-127 Transmission coverage and quality  103-105 Revenue earned from advertising and sponsorship 98 Key activities and changes affecting the authority NIL Related-entity transactions 109 Statement of governance 111 Indemnities and insurance premiums for officers 109 Ministerial directions/Government Policy Order 111 Environment Protection and Biodiversity Conservation Act 1999  100-101 Location of major activities and facilities  110 Particulars of any gift, devise or bequest accepted by SBS NIL Judicial decisions and reviews by outside bodies NIL Financial results 128-161 Advertisers and sponsors 214-238 Executive remuneration 241-243 Ongoing and non-ongoing employee statistics 244 Greenhouse gas emissions 245 Index of Annual Report Requirements 246 246 SBS ANNUAL REPORT",https://www.sbs.com.au/aboutus/wp-content/uploads/2024/10/SBS_2024_Annual_Report_DIGITAL.pdf,246,PDF,2024,2025-04-23T05:16:26.815683
Sacred Heart Mission,AU,Goal 17. Strengthen the means of implementation and revitalize the Global Partnership for Sustainable Development,Does your organization have an active IFRS certification in sustainability?,1. I don't know. 2. No. 3. 1-3  year active certification. 4. 4-6 year active certification. 5. 7-9 year active certification. 6. 10+ year active certification.,S004,Q005,Health Care And Social Assistance,[Page 10] •	Contribute to sector efficacy and sustainability.,https://www.sacredheartmission.org/wp-content/uploads/2024/07/shm-strategy2030-full-strategy-10-07-2024.pdf,10,PDF,2024,2025-04-16T22:25:55.959346
Sacred Heart Mission,AU,Goal 17. Strengthen the means of implementation and revitalize the Global Partnership for Sustainable Development,Is your organisation certified with UN Compact?,"1. I don't know. 2. No. 3. No, but it is in planning for this year. 4. No, but certification is in progress. 5. Yes, certified, active this year. 6. Yes, certified , active this year, and have renewed certification once or more times",S004,Q004,Health Care And Social Assistance,[Page 10] •	Strengthen and harmonise practice and quality standards.,https://www.sacredheartmission.org/wp-content/uploads/2024/07/shm-strategy2030-full-strategy-10-07-2024.pdf,10,PDF,2024,2025-04-16T22:25:55.959346
Seven West Media,AU,Goal 17. Strengthen the means of implementation and revitalize the Global Partnership for Sustainable Development,Does your organization have an active IFRS certification in sustainability?,1. I don't know. 2. No. 3. 1-3  year active certification. 4. 4-6 year active certification. 5. 7-9 year active certification. 6. 10+ year active certification.,S004,Q005,Information Media And Telecommunications,[Page 1] Sustainability  Report 2023 S E VEN  WES T  MED IA | [Page 45] The Company releases a separate annual  Sustainability Report which is available on the Company’s  website at: www.sevenwestmedia.com.au/about-us/ sustainability. | [Page 3] We are committed to progressing our sustainability journey. | [Page 3] A Letter From Our CEO Our sustainability strategy is not just about adhering to  regulations and meeting expectations; it’s about genuinely  contributing to the well-being and progress of our society. | [Page 32] Our community contributions are covered in the Sustainability  section of this Report. | [Page 132] This Annual Report is printed on environmentally responsible paper. | [Page 45] Details  on the Company’s sustainability reporting and approach to  sustainability are available on the Company’s website at:  www.sevenwestmedia.com.au/about-us/sustainability. | [Page 20] We consider it our responsibility to collaborate with organisations that prioritise sustainability and conservation.,https://www.sevenwestmedia.com.au/assets/CH7-Sustainability-Report-2023-.pdf | https://www.sevenwestmedia.com.au/assets/Uploads/Seven-West-Media-Sustainability-Report-2024.pdf | https://www.sevenwestmedia.com.au/assets/pdfs/4.-ASX-SWM-2024-Annual-Report-14-August-2024.pdf,20 | 3 | 1 | 132 | 45 | 32,PDF,2023,2025-04-23T05:16:53.224344
Seven West Media,AU,Goal 17. Strengthen the means of implementation and revitalize the Global Partnership for Sustainable Development,Is your organisation certified with UN Compact?,"1. I don't know. 2. No. 3. No, but it is in planning for this year. 4. No, but certification is in progress. 5. Yes, certified, active this year. 6. Yes, certified , active this year, and have renewed certification once or more times",S004,Q004,Information Media And Telecommunications,[Page 7] No qualifications needed.”  Seven West Media provided CSA airtime to R U OK?,https://www.sevenwestmedia.com.au/assets/CH7-Sustainability-Report-2023-.pdf,7,PDF,2023,2025-04-23T05:16:53.224344
Southern Cross Austereo (aspecthuntley),AU,Goal 17. Strengthen the means of implementation and revitalize the Global Partnership for Sustainable Development,Does your organization have an active IFRS certification in sustainability?,1. I don't know. 2. No. 3. 1-3  year active certification. 4. 4-6 year active certification. 5. 7-9 year active certification. 6. 10+ year active certification.,S004,Q005,Information Media And Telecommunications,"[Page 14] Sustainability is therefore a core business principle for SCA. | [Page 59] Consequently,  this financial report has also been prepared in accordance with and  complies with IFRS as issued by the IASB. | [Page 21] 2024 Annual Report Sustainability at SCA | 19  SCA is committed to playing our part to address climate change. | [Page 59] i) Compliance with IFRS Compliance with Australian Accounting Standards ensures that  the financial statements and notes of the Group comply with  International Financial Reporting Standards (‘IFRS’) as issued by the  International Accounting Standards Board (‘IASB’). | [Page 21] During the year ahead, we will monitor the issue of the Australian  Sustainability Reporting Standards to be well prepared to  commence climate-related financial reporting when required  and will consider voluntary disclosures in the meantime. | [Page 14] Southern Cross Austereo 12 | Sustainability at SCA Sustainability at SCA Connecting Communities We accept responsibility to be a trusted source of information and entertainment for our communities. | [Page 17] 2024 Annual Report Sustainability at SCA | 15  State Market Charity name ACT Canberra Ronald McDonald House NSW Albury The Men’s Table  Central Coast Coast Shelter Dubbo Veritas House Orange Orana Support Services Wagga Wagga Wagga Women’s Health Centre  QLD Cairns Stay In The Fight Gold Coast Gold Coast Community Fund Mackay Trudy Crowley Foundation Ltd Cairns Cairns Couch Ltd Rockhampton / Gladstone / Emerald Fitzroy Community Hospice Sunshine Coast IFYS Toowoomba Sunrise Way Townsville Fuel For Schools Ltd TAS Hobart Beacon Foundation VIC Ballarat Foodbank Gippsland Foodbank Mildura Sunraysia Cancer Resources Shepparton Shepparton Foodshare Inc Regional Embrace In FY24, our regional markets delivered value-in-kind of over $1 million in aggregate to the following local charities. | [Page 42] The CEO  provides these assessments to the People & Culture Committee for review.",https://www.aspecthuntley.com.au/asxdata/20241024/pdf/02870679.pdf,21 | 59 | 42 | 17 | 14,PDF,2024,2025-04-23T05:17:22.695261
Southern Cross Austereo (aspecthuntley),AU,Goal 17. Strengthen the means of implementation and revitalize the Global Partnership for Sustainable Development,Is your organisation certified with UN Compact?,"1. I don't know. 2. No. 3. No, but it is in planning for this year. 4. No, but certification is in progress. 5. Yes, certified, active this year. 6. Yes, certified , active this year, and have renewed certification once or more times",S004,Q004,Information Media And Telecommunications,[Page 3] Consolidated 7.,https://www.aspecthuntley.com.au/asxdata/20241024/pdf/02870679.pdf,3,PDF,2024,2025-04-23T05:17:22.695261
St John Ambulance Australia,AU,Goal 17. Strengthen the means of implementation and revitalize the Global Partnership for Sustainable Development,Does your organization have an active IFRS certification in sustainability?,1. I don't know. 2. No. 3. 1-3  year active certification. 4. 4-6 year active certification. 5. 7-9 year active certification. 6. 10+ year active certification.,S004,Q005,Health Care And Social Assistance,"[Page 27] The NPSU  is working with our suppliers on Global Recycling  Standards (GRS) and Forest Stewardship Council  (FSC) certification. | [Page 14] Sustainability Ensure long-term financial, environmental and  social sustainability with a focus on sound  practices, capacity building, profile raising,  strategic relationships, innovation and ethics,  and safety. | [Page 4] •  The Board and Executive, having set the tone of high governance levels in 2023, is releasing the  company’s first environmental impact measures.",https://stjohnwa.com.au/docs/default-source/board-communiques/2024-march-communique.pdf?sfvrsn=e151f3b2_2 | https://stjohn.org.au/assets/uploads/annual%20reports/AR2024%20Internal-NAT0049%20WEB.pdf,14 | 27 | 4,PDF,2024,2025-04-16T22:26:31.433557
St John Ambulance Australia,AU,Goal 17. Strengthen the means of implementation and revitalize the Global Partnership for Sustainable Development,Is your organisation certified with UN Compact?,"1. I don't know. 2. No. 3. No, but it is in planning for this year. 4. No, but certification is in progress. 5. Yes, certified, active this year. 6. Yes, certified , active this year, and have renewed certification once or more times",S004,Q004,Health Care And Social Assistance,[Page 4] We are a registered Charity and Public Benevolent  Institution under the Australian Charities and Not-For-Profits  Commission (ACNC). | [Page 4] We are also a Registered Training  Organisation (RTO) with the Australian Skills Quality Authority.,https://stjohn.org.au/assets/uploads/annual%20reports/AR2024%20Internal-NAT0049%20WEB.pdf,4,PDF,2024,2025-04-16T22:26:31.433557
Suez Australia (Suez),AU,Goal 17. Strengthen the means of implementation and revitalize the Global Partnership for Sustainable Development,Does your organization have an active IFRS certification in sustainability?,1. I don't know. 2. No. 3. 1-3  year active certification. 4. 4-6 year active certification. 5. 7-9 year active certification. 6. 10+ year active certification.,S004,Q005,Electricity Gas Water And Waste Services,"[Page 17] Certification of management systems As a player in the environmental sector, the Group  encourages its sites to certify their activities to  international standards such as ISO or equivalent. | [Page 17] ISO 14 001 environmental management system  certification and ISO 50 001 energy management system  certification are particularly well developed in the Group's  activities. | [Page 12] The Group is also preparing to the Corporate  Sustainability Reporting Directive. | [Page 6] The above commitments are reviewed on an  annual basis by the CSR Committee. | [Page 79] Facilities with the ICPE classification are subject to  environmental authorization and registration. | [Page 68] 102-1 Name of the organization See Management Report 2023 102-2 Activities, brands, products, and services See Management Report 2023 102-3 Geographical location of the head office See Management Report 2023 102-4 Geographical locations where the activities take place See Management Report 2023 102-5 Registered capital and form of legal entity See Management Report 2023 102-6 Markets covered See Management Report 2023 102-7 Size of the organization See Management Report 2023 102-8 Number of employees See Management Report 2023 102-9 Organization's supply chain See Management Report 2023 102-10 Significant changes to the organization and its supply chain See Management Report 2023 102-11 Precautionary principle See Management Report 2023 102-12 Charters, guidelines, and other external initiatives See Management Report 2023 102-13 Membership of national and international associations See Management Report 2023 102-14 Statement by the most senior decision-maker about the importance of sustainability to the  organization and its strategy See Management Report 2023 102-16 Organizational values, principles, standards, and rules, such as Codes of Conduct and Codes of Ethics See Management Report 2023 102-18 Corporate governance structure, including committees of the highest governance body See Management Report 2023 102-40 List of stakeholder groups with which the organization has established a dialogue See Management Report 2023 102-41 Percentage of all employees covered by a collective agreement See Management Report 2023 102-42 Criteria for identifying and selecting stakeholders to engage with in a dialogue See Management Report 2023 102-43 Approach to stakeholder involvement See Management Report 2023 102-44 Challenges and major concerns raised See Management Report 2023 102-45 Entities included in the financial consolidation, with explanations concerning any exclusions See Management Report 2023 102-46 Definition of the report content and scope of the challenges See Management Report 2023 102-47 List of relevant challenges See Management Report 2023 102-48 Reaffirmation of the information See Management Report 2023 102-49 Changes in the reporting See Management Report 2023 102-50 Reporting period See Management Report 2023 102-51 Date of last published report, if applicable See Management Report 2023 102-52 Reporting cycle See Management Report 2023 102-53 Contact person for any questions about the report or its contents See Management Report 2023 102-54 GRI-compliant reporting statements See Management Report 2023 102-55 GRI correspondence table See Management Report 2023 102-56 External audit of the report See Management Report 2023 | [Page 72] 6.1.1.2 | Eligible activities In accordance with provisions of Article 10 of the ''Article 8''  delegated regulation on sustainability indicators,  the 2023 regulatory publication exercise covers the  eligibility of activities contributing to climate change  mitigation and adaptation (already covered by the 2022  regulatory publication) but also the eligibility of activities  contributing to the sustainable use and protection of  water and marine resources, the transition to a circular  economy, the pollution prevention and control and the  protection and restoration of biodiversity and ecosystems. | [Page 14] The committee oversees the  allocation of resources, to support CSR initiatives.",https://www.suez-asia.com/-/media/suez-global/files/publication-docs/pdf-english/suez_dpef-2023-en_hd.pdf?h=512&w=512&v=1&d=20241018T013427Z&open=true | https://www.suez.com/-/media/suez-global/files/publication-docs/pdf-english/suez-green-bond-report-2023-en.pdf,12 | 68 | 79 | 72 | 17 | 14 | 6,PDF,2023,2025-04-23T05:07:49.725288
Suez Australia (Suez),AU,Goal 17. Strengthen the means of implementation and revitalize the Global Partnership for Sustainable Development,Is your organisation certified with UN Compact?,"1. I don't know. 2. No. 3. No, but it is in planning for this year. 4. No, but certification is in progress. 5. Yes, certified, active this year. 6. Yes, certified , active this year, and have renewed certification once or more times",S004,Q004,Electricity Gas Water And Waste Services,"[Page 9] The Ten Principles of the United Nations Global  Compact are derived from: •	 The Universal Declaration of Human Rights, •	 The International Labour Organization’s Declaration  on Fundamental Principles and Rights at Work,  •	 The Rio Declaration on Environment and  Development, and  •	 The United Nations Convention Against Corruption. | [Page 4] Our alignment with the United Nations  Global Compact underscores our dedication to these  principles on a global scale. | [Page 9] United Nations Global Compact SUEZ Group has renewed its commitment and continues   to be a member of United Nations Global Compact since  2008. | [Page 8] Our commitment   is reaffirmed with the SUEZ Group   being a member of the United Nations Global Compact. | [Page 9] Annual reporting on SUEZ Group’s Communication on  Progress in: •	 Upholding and implementing the 10 Principals of the   UN Global Compact, and •	 Integrating UN Sustainable Development Goals into   its business. | [Page 80] 6.1.4 | Minimum safeguards In accordance with guidelines concerning the minimum  safeguards described in article 4 of the Taxonomy  regulation, economic activities contributing substantially  to one of the climate objectives and complying with the  relevant generic and specific DNSH criteria must also  implement procedures to align themselves with the OECD  Guidelines for Multinational Enterprises and the UN  Guidelines on Business and Human Rights (including the  principles and rights set out in the eight core conventions  listed in the International Labour Organization's  Declaration on Fundamental Principles and Rights at  Work and the International Bill of Human Rights). | [Page 17] Certification of management systems As a player in the environmental sector, the Group  encourages its sites to certify their activities to  international standards such as ISO or equivalent. | [Page 53] For example, information sheets on  the main human rights issues to be observed in certain  countries are sent to managers of teams operating in  those countries, and awareness-raising and training  materials are available for all Group managers; •	Based on a mapping of supplier-specific risks,  the Purchasing Department has strengthened its  qualification process for suppliers and subcontractors,  as well as control and support systems, coordinating  relationships and negotiations with the Group's  strategic suppliers and ensuring, in particular, that  they are committed to respecting the principles of  Sustainable Development and Human Rights, as well  as complying with SUEZ ethical rules.",https://www.suez.com/-/media/suez-global/files/au-nz/files/suez-modern-slavery-statement-2023.pdf?v=1&d=20250407T124641Z | https://www.suez-asia.com/-/media/suez-global/files/publication-docs/pdf-english/suez_dpef-2023-en_hd.pdf?h=512&w=512&v=1&d=20241018T013427Z&open=true,80 | 4 | 53 | 8 | 9 | 17,PDF,2023,2025-04-23T05:07:58.300155
Sustainable Minerals Institute,AU,Goal 17. Strengthen the means of implementation and revitalize the Global Partnership for Sustainable Development,Does your organization have an active IFRS certification in sustainability?,1. I don't know. 2. No. 3. 1-3  year active certification. 4. 4-6 year active certification. 5. 7-9 year active certification. 6. 10+ year active certification.,S004,Q005,Mining,,,,,,
Sustainable Minerals Institute,AU,Goal 17. Strengthen the means of implementation and revitalize the Global Partnership for Sustainable Development,Is your organisation certified with UN Compact?,"1. I don't know. 2. No. 3. No, but it is in planning for this year. 4. No, but certification is in progress. 5. Yes, certified, active this year. 6. Yes, certified , active this year, and have renewed certification once or more times",S004,Q004,Mining,,,,,,
TFS Australia,AU,Goal 17. Strengthen the means of implementation and revitalize the Global Partnership for Sustainable Development,Does your organization have an active IFRS certification in sustainability?,1. I don't know. 2. No. 3. 1-3  year active certification. 4. 4-6 year active certification. 5. 7-9 year active certification. 6. 10+ year active certification.,S004,Q005,Manufacturing,"[Page 1] Sustainable Innovations To propel the environmentally conscious movement forward, new developments must be used to transition to sustainability.",https://www.tfsaustralia.com.au/sustainability  ,1,HTML,nan,2025-04-28T23:22:13.596380
TFS Australia,AU,Goal 17. Strengthen the means of implementation and revitalize the Global Partnership for Sustainable Development,Is your organisation certified with UN Compact?,"1. I don't know. 2. No. 3. No, but it is in planning for this year. 4. No, but certification is in progress. 5. Yes, certified, active this year. 6. Yes, certified , active this year, and have renewed certification once or more times",S004,Q004,Manufacturing,[Page 1] ● LEARN MORE ● 02 Small Business Are you a small business with an existing product range that you are looking manufacture locally?,https://www.tfsaustralia.com.au/sustainability  ,1,HTML,nan,2025-04-28T23:22:13.596380
Telstra,AU,Goal 17. Strengthen the means of implementation and revitalize the Global Partnership for Sustainable Development,Does your organization have an active IFRS certification in sustainability?,1. I don't know. 2. No. 3. 1-3  year active certification. 4. 4-6 year active certification. 5. 7-9 year active certification. 6. 10+ year active certification.,S004,Q005,Information Media And Telecommunications,"[Page 75] We have integrated  sustainability metrics, including conducting material  assessments and collecting compliance information  from suppliers. | [Page 75] We have integrated  sustainability metrics, including conducting material  assessments and collecting compliance information  from suppliers. | [Page 10] It also includes  climate and nature related disclosures aligned  to ISSB (International Sustainability Standards  Board) IFRS (International Financial Reporting  Standards) S2 and the recommendations of   the TNFD (Taskforce on Nature-related   Financial Disclosures). | [Page 16] This includes limited assurance  in accordance with ASAE 3000 and 3410 assurance  standards over greenhouse and energy performance  information as disclosed each year over the greenhouse  and energy metrics that form part of our regulatory  National Greenhouse and Energy Reporting (NGER). | [Page 16] This includes limited assurance  in accordance with ASAE 3000 and 3410 assurance  standards over greenhouse and energy performance  information as disclosed each year over the greenhouse  and energy metrics that form part of our regulatory  National Greenhouse and Energy Reporting (NGER). | [Page 38] We certified  our carbon offsetting status via the Climate Active  program for our Telstra organisational certification   as well as product certifications for Telstra Energy,  Telstra Mobiles and Belong. | [Page 34] Our Workplace Health, Safety and Environment  Management System is applicable globally and is  certified to International Standards ISO14001: 2015   and ISO 45001:2018. | [Page 34] Our Workplace Health, Safety and Environment  Management System is applicable globally and is  certified to International Standards ISO14001: 2015  and ISO 45001:2018.",https://infraco.telstra.com.au/content/dam/tcom/about-us/community-environment/pdf/2024-Telstra-Bigger-Picture-Sustainability-Report-Remediated.pdf | https://www.telstra.com.au/content/dam/tcom/about-us/community-environment/pdf/Telstra-Bigger-Picture-Sustainability-Report-2023-Remediated.pdf | https://www.telstrainternational.com/content/dam/tcom/about-us/community-environment/pdf/Telstra-Bigger-Picture-Sustainability-Report-2023.pdf,16 | 34 | 38 | 75 | 10,PDF,2023,2025-04-23T05:16:04.326063
Telstra,AU,Goal 17. Strengthen the means of implementation and revitalize the Global Partnership for Sustainable Development,Is your organisation certified with UN Compact?,"1. I don't know. 2. No. 3. No, but it is in planning for this year. 4. No, but certification is in progress. 5. Yes, certified, active this year. 6. Yes, certified , active this year, and have renewed certification once or more times",S004,Q004,Information Media And Telecommunications,"[Page 6] We're a signatory to the United Nations  Global Compact (UNGC) and we are engaged in  supporting its principles – on human rights, labour  rights, environment and anti-corruption – wherever   we operate. | [Page 6] We're a signatory to the United Nations  Global Compact (UNGC) and we are engaged in  supporting its principles – on human rights, labour  rights, environment and anti-corruption – wherever  we operate. | [Page 27] Our SCOC is aligned with 10 universally accepted  principles of the UN Global Compact, Responsible  Business Alliance (RBA) Code of Conduct and Joint  Alliance for CSR (JAC) Supply Chain Sustainability  Guidelines, as well as legislative obligations such as  the UK MSA and the Australian MSA. | [Page 27] Our SCOC is aligned with 10 universally accepted  principles of the UN Global Compact, Responsible  Business Alliance (RBA) Code of Conduct and Joint  Alliance for CSR (JAC) Supply Chain Sustainability  Guidelines, as well as legislative obligations such as  the UK MSA and the Australian MSA. | [Page 34] Our Workplace Health, Safety and Environment  Management System is applicable globally and is  certified to International Standards ISO14001: 2015   and ISO 45001:2018. | [Page 34] Our Workplace Health, Safety and Environment  Management System is applicable globally and is  certified to International Standards ISO14001: 2015  and ISO 45001:2018. | [Page 24] UN Global Compact  Network Australia  (UNGCNA) Modern Slavery  Community of Practice • The UNGCNA Modern Slavery Community of Practice is a small interactive forum that meets quarterly to enable sharing,  learning and discussion on the opportunities and challenges we face in relation to managing modern slavery risk. | [Page 59] We are a member of the United Nations Global  Compact’s Business Ambition for 1.5°C, pledging  to help limit global temperature rise to 1.5°C above  pre-industrial levels. | Telstra Corporation Australia joined un compact on 7-Dec-11",https://www.telstrainternational.com/content/dam/tcom/about-us/community-environment/pdf/2024-Telstra-Modern-Slavery-Act-Statement-Remediated.pdf | https://www.telstra.com.au/content/dam/tcom/about-us/community-environment/pdf/Telstra-Bigger-Picture-Sustainability-Report-2023-Remediated.pdf | https://www.telstrainternational.com/content/dam/tcom/about-us/community-environment/pdf/Telstra-Bigger-Picture-Sustainability-Report-2023.pdf | https://unglobalcompact.org/what-is-gc/participants/15738-Telstra-Corporation,59 | 27 | 34 | 24 | 6,PDF,2023,2025-04-23T05:16:04.326063
The Environmental Group Ltd (environmental),AU,Goal 17. Strengthen the means of implementation and revitalize the Global Partnership for Sustainable Development,Does your organization have an active IFRS certification in sustainability?,1. I don't know. 2. No. 3. 1-3  year active certification. 4. 4-6 year active certification. 5. 7-9 year active certification. 6. 10+ year active certification.,S004,Q005,Electricity Gas Water And Waste Services,"[Page 43] Corporate Governance The Environmental Group Ltd. | [Page 3] Contents 06	 FY24 in Review 08	 The Environmental Group’s Values 10	 Chair’s Report 14	 CEO’s Report 18	 Review of Operational Report 26	 Our Approach to Sustainability 36	 Directors’ Report 43	 Corporate Governance 44	 Remuneration Report 51	 Auditor’s Independence Declaration 52	 Financial Statements 152	    Consolidated statement of profit or loss              and other comprehensive income 154	    Consolidated statement of financial position 155	    Consolidated statement of changes in equity 156	    Consolidated statement of cash flows 157	    Notes to the consolidated financial statements 101	    Consolidated entity disclosure statement 102	    Directors’ declaration 103     Independent auditor’s report to the members  	     of The Environmental Group Limited 108	    Shareholder information 110	Corporate Directory The Environmental Group Limited (EGL) 2023-2024 Annual Report covers the operations of The  Environmental Group for the financial year ended 30 June 2024. | [Page 102] On behalf of the Directors Ms Lynn Richardson Chair 21 August 2024 102  |  The Environmental Group Limited | [Page 35] By prioritising the safety and wellbeing of our  workforce, minimising environmental impacts,   and maintaining good governance practices,   we strive to further integrate sustainability into   the core of our operations and foster positive change  in the environment. | [Page 43] https://www.environmental.com.au https://environmental.com.au/corporate-governance Annual Report 2024  |  43 | [Page 106] In our opinion, the Remuneration Report of The Environmental Group Limited, for the year ended 30 June 2024,  complies with section 300A of the Corporations Act 2001. | [Page 24] 24  |  The Environmental Group Limited | [Page 60] Material accounting policy information (continued) 60  |  The Environmental Group Limited",https://environmental.com.au/wp-content/uploads/2024/08/2763730.pdf,102 | 3 | 35 | 24 | 106 | 60 | 43,PDF,2024,2025-04-23T05:07:19.268569
The Environmental Group Ltd (environmental),AU,Goal 17. Strengthen the means of implementation and revitalize the Global Partnership for Sustainable Development,Is your organisation certified with UN Compact?,"1. I don't know. 2. No. 3. No, but it is in planning for this year. 4. No, but certification is in progress. 5. Yes, certified, active this year. 6. Yes, certified , active this year, and have renewed certification once or more times",S004,Q004,Electricity Gas Water And Waste Services,[Page 34] Compliance with  all relevant health and safety and environmental legislation and obligations is the  minimum standard to which the Group operates.,https://environmental.com.au/wp-content/uploads/2024/08/2763730.pdf,34,PDF,2024,2025-04-23T05:07:19.268569
Veolia Australia and New Zealand (veolia),AU,Goal 17. Strengthen the means of implementation and revitalize the Global Partnership for Sustainable Development,Does your organization have an active IFRS certification in sustainability?,1. I don't know. 2. No. 3. 1-3  year active certification. 4. 4-6 year active certification. 5. 7-9 year active certification. 6. 10+ year active certification.,S004,Q005,Electricity Gas Water And Waste Services | Manufacturing | Mining,[Page 3] (3) Corporate Sustainability Assessment. | [Page 17] (3) CSA: Corporate Sustainability Assessment. | [Page 239] CORPORATE SOCIAL RESPONSIBILITY Environmental performance VEOLIA ENVIRONNEMENT / UNIVERSAL REGISTRATION DOCUMENT 2023 237 | [Page 251] CORPORATE SOCIAL RESPONSIBILITY Environmental performance VEOLIA ENVIRONNEMENT / UNIVERSAL REGISTRATION DOCUMENT 2023 249 | [Page 237] CORPORATE SOCIAL RESPONSIBILITY Environmental performance VEOLIA ENVIRONNEMENT / UNIVERSAL REGISTRATION DOCUMENT 2023 235 | [Page 243] CORPORATE SOCIAL RESPONSIBILITY Environmental performance VEOLIA ENVIRONNEMENT / UNIVERSAL REGISTRATION DOCUMENT 2023 241 | [Page 217] CORPORATE SOCIAL RESPONSIBILITY Environmental performance VEOLIA ENVIRONNEMENT / UNIVERSAL REGISTRATION DOCUMENT 2023 215 | [Page 244] CORPORATE SOCIAL RESPONSIBILITY Environmental performance 242 VEOLIA ENVIRONNEMENT / UNIVERSAL REGISTRATION DOCUMENT 2023,https://www.veolia.tw/sites/g/files/dvc4791/files/document/2024/08/veolia-2024-esg-report.pdf | https://www.veolia.com/sites/g/files/dvc4206/files/document/2024/04/integrated-report-2023-2024-veolia.pdf | https://www.veolia.com/sites/g/files/dvc4206/files/document/2024/04/Finance_Veolia_URD_2023.pdf,217 | 3 | 243 | 251 | 244 | 237 | 239 | 17,PDF,2024,2025-04-23T06:22:02.491880
Veolia Australia and New Zealand (veolia),AU,Goal 17. Strengthen the means of implementation and revitalize the Global Partnership for Sustainable Development,Is your organisation certified with UN Compact?,"1. I don't know. 2. No. 3. No, but it is in planning for this year. 4. No, but certification is in progress. 5. Yes, certified, active this year. 6. Yes, certified , active this year, and have renewed certification once or more times",S004,Q004,Electricity Gas Water And Waste Services | Manufacturing | Mining,"[Page 303] Violation of the UN Global Compact principles and the OECD guidelines for multinational enterprises 2. | [Page 303] Lack of processes and mechanisms to monitor compliance with the UN Global Compact principles and the OECD guidelines for multinational  enterprises 3. | [Page 206] Each year,  the Group renews its commitment to respect and implement the ten  principles of the United Nations Global Compact, in particular by  publishing information on its progress (Communication on Progress)  on the UN Global Compact website. | [Page 201] These commitments to sustainable development supplement the  Group’s voluntary adherence to the United Nations Global Compact,  which it signed in June  2003. | [Page 291] Veolia - Member of the United Nations Global Compact Veolia has adhered to the United Nations Global Compact since  June  2003, committing the Group to promoting ten fundamental  principles concerning in particular human rights, labor rights and the  environment. | [Page 201] In so doing, it has committed to  supporting and promoting the Global Compact’s 10 principles on  human rights, labor law, the environment and the fight against  corruption. | [Page 294] 4.4.5.3.2  Actions and results Ongoing partnerships The Group is a partner and/or a member of various organizations that  promote diversity and equal opportunity, notably the UN Global  Compact and the International Labor Organization. | [Page 273] A commitment shared at all levels of the organization The Group implemented measures to meet the highest international  standards and the principles and recommendations of international  organizations.",https://www.veolia.com/sites/g/files/dvc4206/files/document/2024/04/Finance_Veolia_URD_2023.pdf,206 | 294 | 303 | 273 | 201 | 291,PDF,2024,2025-04-23T06:21:57.285421
Visy Industries (Visy),AU,Goal 17. Strengthen the means of implementation and revitalize the Global Partnership for Sustainable Development,Does your organization have an active IFRS certification in sustainability?,1. I don't know. 2. No. 3. 1-3  year active certification. 4. 4-6 year active certification. 5. 7-9 year active certification. 6. 10+ year active certification.,S004,Q005,Manufacturing,"[Page 8] Our Visy Responsible Sourcing Commitment - Fibre, details how we make sure our  virgin and recycled fibre sources and procured papers are certified against the relevant accredited standards  (including Forest Stewardship Council and the Programme for the Endorsement of Forestry Certifications)  and support sustainable forest management by sourcing wood fibre from suppliers that are economically  viable, environmentally responsible and socially beneficial. | [Page 8] Visy has supported the uptake of internationally recognised forest certification schemes which allows  consumers to have confidence that the products they purchase are derived from sustainable forest  management practices. | [Page 8] Our sites have an environmental management system based on the structure of the International EMS  standard ISO 14001 that forms part of our HSE Management System and our manufacturing sites are  audited annually. | [Page 8] Sustainability is at the core of our business. | [Page 9] Since 2009, all six Visy recycled paper mills have Forest Stewardship  Council (FSC) Chain-of-Custody certification, with the majority of  fibre inputs coming from post-consumer waste streams which are  assessed against the FSC® Standard Sourcing Reclaimed Materials  (FSC-STD-40-007). | [Page 4] Sustainability is critical to our business. | [Page 6] Beyond our participation in the UNGC, we continue to be  a progressive and collaborative member of the following  social and environmental initiatives: •	 FSC Australia  •	 Sedex  •	 UNGCA – United Nations Global Compact Australia  •	 Sustainable Agricultural Initiative Australia  •	 APCO – Australian Packaging Covenant Organisation  •	 ACOR – Australian Council of Recycling  •	 Ecovadis Prior to engagement, supply chain partners we work  with are requested to accept Visy’s Supplier Code   of Conduct. | [Page 15] Find out more at visy.com.au/responsible-business  In addition to supporting sustainable forest  management, Visy also supports sustainable  agribusiness by contributing innovations in product  packaging and related food waste reduction  technologies across the supply chain.",https://www.visy.com/sites/default/files/2023-07/helping-you-achieve-your-sustainability-targets-17032022.pdf? | https://www.visy.com/sites/default/files/2023-07/visy-un-global-compact-communication-on-progress-2021.pdf? | https://www.visy.com/sites/default/files/2023-07/visy_cop_-_un_global_compact_2019.pdf?,4 | 9 | 15 | 8 | 6,PDF,2023,2025-04-23T05:02:25.014151
Visy Industries (Visy),AU,Goal 17. Strengthen the means of implementation and revitalize the Global Partnership for Sustainable Development,Is your organisation certified with UN Compact?,"1. I don't know. 2. No. 3. No, but it is in planning for this year. 4. No, but certification is in progress. 5. Yes, certified, active this year. 6. Yes, certified , active this year, and have renewed certification once or more times",S004,Q004,Manufacturing,"[Page 2] 1     UN Global Compact  |  Visy Communication on Progress 2019              14th August 2019            Statement of Support by the Chief Operating Officer    I am pleased to confirm that Visy reaffirms its support of the Ten Principles of the United Nations Global  Compact in the areas of Human Rights, Labour, Environment and Anti-Corruption. | [Page 3] In joining the Global Compact. | [Page 20] Page 20 | Visy – UN Global Compact Report This process considers the country of operation of all  suppliers, and any enforcement that have been received  by the potential vendor. | [Page 9] 8     UN Global Compact  |  Visy Communication on Progress 2019  Packaging Covenant Organisation (APCO). | [Page 3] 2     UN Global Compact  |  Visy Communication on Progress 2019  Human rights    Principle 1 : Business should support and respect the protection of  internationally proclaimed human rights    Principle 2 : Make sure that they are not complicit in human rights issues    Assessment, Policy and Goals    Visy supports the United Nations Declaration of Human Rights. | [Page 4] 3     UN Global Compact  |  Visy Communication on Progress 2019  Visy believes that all humans have a right to safety and takes its obligation and duty to provide a safe and  healthy work environment seriously. | [Page 5] 4     UN Global Compact  |  Visy Communication on Progress 2019  Labour    Principle 3 : Business should uphold the freedom of association and the  effective recognition of the right to collective bargaining  Principle 4 : The elimination of all forms of forced and compulsory labour  Principle 5 : The effective abolition of child labour  Principle 6 : The elimination of discrimination in respect of employment and  occupation      Assessment, Policy and Goals    Visy supports the International Labour Organization’s (ILO) core conventions. | [Page 2] In this, our fifth annual Communication on Progress, we describe our actions to continually improve the  integration of the Global Compact and its Principles into our business strategy, culture and daily operations. | Visy Australia joined un compact on 27-Aug-14",https://www.visy.com/sites/default/files/2023-07/visy-un-global-compact-communication-on-progress-2021.pdf? | https://www.visy.com/sites/default/files/2023-07/visy_cop_-_un_global_compact_2019.pdf? | https://unglobalcompact.org/what-is-gc/participants/41381-Visy,3 | 4 | 5 | 9 | 2 | 20,PDF,2023,2025-04-23T05:02:25.014151
Western Treatment Plant (Melbourne Water),AU,Goal 17. Strengthen the means of implementation and revitalize the Global Partnership for Sustainable Development,Does your organization have an active IFRS certification in sustainability?,1. I don't know. 2. No. 3. 1-3  year active certification. 4. 4-6 year active certification. 5. 7-9 year active certification. 6. 10+ year active certification.,S004,Q005,Electricity Gas Water And Waste Services,"[Page 70] Our performance Melbourne Water successfully renewed the certification of our  Integrated Management System to accredited ISO9001, ISO45001,  ISO14001 and ISO22000 for another six years, confirming our  systems’ integrity and resilience. | [Page 15] This year, we continued to mature our approach by completing a  sustainability materiality assessment to identify the sustainability  areas of greatest importance to our operations. | [Page 12] We have previously assessed how the  delivery of our services and programs of work contribute to the  advancement of the SDGs3, and this year completed a sustainability  materiality assessment to identify the sustainability areas of  greatest importance to our operations in alignment to the goals. | [Page 15] Table 1: Sustainability materiality assessment | [Page 122] (c) Renewable Energy Certificates (RECs). | [Page 40] This committee has carriage of sustainability risks and  opportunities, including climate change. | [Page 15] The assessment  identified our high priority sustainability focus areas and validated  our existing strong focus on climate adaptation, Our Path to  Net Zero and our work with state government and retail water  authorities to secure our water future. | [Page 15] We will  continue to work towards broader sustainability disclosures as new  guidance in this area is developed.",https://www.melbournewater.com.au/media/25756/download,12 | 122 | 70 | 15 | 40,PDF,nan,2025-04-23T05:07:25.850326
Western Treatment Plant (Melbourne Water),AU,Goal 17. Strengthen the means of implementation and revitalize the Global Partnership for Sustainable Development,Is your organisation certified with UN Compact?,"1. I don't know. 2. No. 3. No, but it is in planning for this year. 4. No, but certification is in progress. 5. Yes, certified, active this year. 6. Yes, certified , active this year, and have renewed certification once or more times",S004,Q004,Electricity Gas Water And Waste Services,[Page 36] Over 120  organisations were consulted during its development. | Melbourne Water Australia joined un compact on 3-Jun-16,https://www.melbournewater.com.au/media/25756/download | https://unglobalcompact.org/what-is-gc/participants/86471-Melbourne-Water,36,PDF,nan,2025-04-23T05:07:25.850326
Yarra Valley Water(yvw),AU,Goal 17. Strengthen the means of implementation and revitalize the Global Partnership for Sustainable Development,Does your organization have an active IFRS certification in sustainability?,1. I don't know. 2. No. 3. 1-3  year active certification. 4. 4-6 year active certification. 5. 7-9 year active certification. 6. 10+ year active certification.,S004,Q005,Electricity Gas Water And Waste Services,"[Page 117] Yarra Valley Water maintains an Environment  Management System certified to AS/NZS ISO  14001:2015 Environmental Management Systems. | [Page 31] We’ve worked with the Environment Protection  Authority (Victoria) to support the development of  a regulatory framework for the sustainable reuse of  digestate, the by-product of the waste to energy  process. | [Page 117] The seventh licence is to  operate ReWaste, our food waste to energy facility at  Wollert. | [Page 32] We now have the EPA development licence and planning  permits to build our second food waste to energy facility,  and construction is underway. | [Page 20] During 2023-24 we ran  a webinar for staff, in collaboration with the other  metropolitan water corporations and the Department of  Energy, Environment and Climate Action (DEECA) to  raise awareness of this important process and how it  relates to us. | [Page 111] Certification of performance report  for 2023-24 We certify that the accompanying Performance Report  of Yarra Valley Water Corporation in respect of the  2023-24 financial year is presented fairly in accordance  with the Financial Management Act 1994. | [Page 87] We've recently reviewed our readiness to report against  the proposed Australian Sustainability Reporting  Standards (which don’t yet apply to Yarra Valley Water),  and are preparing a transition plan to ensure timely  compliance with the Standards once they are in place. | [Page 155] We're assessing our readiness for reporting against the  Australian Sustainability Reporting Standards, which  don’t yet apply to Yarra Valley Water but may in future.",https://media-2.yvw.com.au/inline-files/Yarra%20Valley%20Water%20Annual%20Report%202023-24.pdf,87 | 31 | 117 | 155 | 111 | 20 | 32,PDF,2020,2025-04-29T00:11:54.401585
Yarra Valley Water(yvw),AU,Goal 17. Strengthen the means of implementation and revitalize the Global Partnership for Sustainable Development,Is your organisation certified with UN Compact?,"1. I don't know. 2. No. 3. No, but it is in planning for this year. 4. No, but certification is in progress. 5. Yes, certified, active this year. 6. Yes, certified , active this year, and have renewed certification once or more times",S004,Q004,Electricity Gas Water And Waste Services,[Page 12] We are committed to the United Nations Global  Compact and work to advance the Sustainable  Development Goals (SDGs). | [Page 183] Our  2023-24 COP will be published on the  United Nations Global Compact  website unglobalcompact.org. | Yarra Valley Water Australia joined un compact on 7-May-15,https://media-2.yvw.com.au/inline-files/Yarra%20Valley%20Water%20Annual%20Report%202023-24.pdf | https://unglobalcompact.org/what-is-gc/participants/57451-Yarra-Valley-Water,12 | 183,PDF,2020,2025-04-29T00:11:54.401585
